"Num_Acc";"jour";"mois";"an";"hrmn";"lum";"dep";"com";"agg";"int";"atm";"col";"adr";"lat";"long"
"202400001163";"7";"06";"2024";"22:25";"5";"17";"17291";"1";"3";"1";"7";"ONZE NOVEMBRE   RUE DU";"46,17300000";" -1,11900000"
"202400001164";"25";"10";"2024";"13:53";"1";"85";"85039";"1";"1";"1";"6";"Rue de la minée";"47,00757700";" -1,21429000"
"202400001165";"12";"02";"2024";"18:56";"5";"91";"91235";"2";"2";"2";"6";"Rue de l'Ecoute S'Il Pleut";"48,64118400";"2,36389800"
"202400001166";"7";"06";"2024";"19:45";"1";"17";"17274";"2";"9";"1";"3";"GRANDE RUE   RUE";"46,15200000";" -1,10400000"
"202400001167";"25";"10";"2024";"02:15";"3";"85";"85108";"1";"1";"1";"6";"D763";"46,93213000";" -1,36058000"
"202400001168";"12";"02";"2024";"17:20";"1";"71";"71286";"1";"1";"1";"1";"D980";"46,59385400";"4,50200200"
"202400001169";"7";"06";"2024";"00:20";"5";"13";"13001";"2";"3";"1";"3";"MALACRIDA HENRI (AV)";"43,51442000";"5,46986000"
"202400001170";"7";"06";"2024";"08:00";"1";"09";"09225";"2";"3";"8";"3";"RIJOLE AVENUE DE LA";"43,12411000";"1,62092000"
"202400001171";"24";"10";"2024";"21:15";"3";"33";"33284";"1";"1";"1";"4";"N/A";"44,66547100";" -0,81706000"
"202400001172";"10";"02";"2024";"01:15";"5";"33";"33081";"2";"2";"3";"1";"D230";"44,63495600";" -0,30854500"
"202400001173";"10";"02";"2024";"07:05";"2";"31";"31022";"2";"1";"6";"6";"65 Route de Fronton";"43,66453100";"1,43044900"
"202400001174";"24";"10";"2024";"20:10";"3";"987";"98715";"1";"1";"1";"6";"Route du mont MARAU, pk 5.5";" -17,57567100";" -149,59170000"
"202400001175";"6";"06";"2024";"17:35";"1";"06";"06069";"2";"3";"1";"2";"77 Avenue Sidi Brahim";"43,64870000";"6,93640000"
"202400001176";"12";"02";"2024";"19:30";"1";"974";"97401";"2";"1";"1";"1";"route départementale 11";" -21,25105200";"55,34173400"
"202400001177";"7";"06";"2024";"20:20";"1";"01";"01451";"1";"9";"1";"2";"PARIS (ROUTE DE)";"46,22835000";"5,20353000"
"202400001178";"22";"10";"2024";"14:15";"1";"69";"69027";"2";"1";"1";"6";"163 Rue du Général de Gaulle";"45,67199700";"4,75345900"
"202400001179";"6";"06";"2024";"07:10";"1";"75";"75119";"2";"1";"1";"3";"PORTE DES LILAS";"48,88211400";"2,40169400"
"202400001180";"11";"02";"2024";"19:10";"3";"40";"40014";"1";"1";"1";"6";"Autoroute A65 - PK 56.600 - sens vers PAU";"44,06150100";" -0,31242400"
"202400001181";"23";"10";"2024";"20:05";"3";"17";"17157";"1";"1";"1";"2";"A10";"45,89967000";" -0,59373400"
"202400001182";"11";"02";"2024";"18:00";"3";"21";"21247";"1";"1";"3";"7";"A6";"47,48232400";"4,17601000"
"202400001183";"21";"10";"2024";"07:41";"1";"974";"97408";"1";"1";"1";"6";"Chemin Departemental 41";" -20,92475400";"55,36740800"
"202400001184";"7";"06";"2024";"16:30";"1";"75";"75119";"2";"3";"1";"3";"RUE D AUBERVILLIERS";"48,88732600";"2,36705800"
"202400001185";"11";"02";"2024";"14:45";"1";"43";"43191";"1";"1";"1";"2";"a75 pk 52+800";"45,36197600";"3,28268100"
"202400001186";"7";"06";"2024";"15:50";"1";"75";"75118";"2";"3";"1";"3";"RUE DE LA CHAPELLE";"48,89330700";"2,35967600"
"202400001187";"6";"02";"2024";"13:30";"1";"37";"37194";"1";"1";"1";"3";"A10";"47,49847390";"0,84939390"
"202400001188";"21";"06";"2024";"18:10";"1";"13";"13087";"1";"3";"1";"3";"D7N";"43,48925700";"5,63799300"
"202400001189";"7";"06";"2024";"12:00";"1";"75";"75116";"2";"3";"1";"3";"BOULEVARD MURAT";"48,83951000";"2,25654900"
"202400001190";"12";"02";"2024";"09:30";"1";"61";"61385";"1";"1";"1";"7";"A28 PK203+920";"48,79663000";"0,33647700"
"202400001191";"22";"10";"2024";"01:20";"4";"45";"45155";"2";"1";"1";"6";"13 Place du Château";"47,68598700";"2,63016100"
"202400001192";"4";"06";"2024";"16:45";"1";"75";"75116";"2";"3";"1";"6";"AVENUE RAYMOND POINCARE";"48,87087600";"2,28800000"
"202400001193";"25";"10";"2024";"17:10";"1";"91";"91376";"1";"1";"1";"7";"Rue Panhard et Levassor";"48,57905100";"2,29017700"
"202400001194";"6";"06";"2024";"18:30";"1";"75";"75114";"2";"1";"1";"6";"RUE GEORGES DE PORTO RICHE";"48,82187200";"2,32829800"
"202400001195";"10";"02";"2024";"19:50";"3";"56";"56031";"1";"1";"2";"5";"8 le poteau";"47,86335600";" -3,01508700"
"202400001196";"31";"05";"2024";"18:30";"1";"75";"75112";"2";"1";"1";"2";"BD PERIPHERIQUE EXTERIEUR";"48,82952500";"2,40122800"
"202400001197";"12";"10";"2024";"05:00";"3";"84";"84129";"1";"1";"5";"6";"D183";"44,02677800";"4,88222700"
"202400001198";"7";"06";"2024";"18:25";"1";"75";"75111";"2";"3";"1";"3";"RUE SAINT MAUR";"48,86910200";"2,37426600"
"202400001199";"11";"02";"2024";"19:45";"3";"81";"81145";"1";"1";"1";"1";"D999 - Route de MONTAUBAN";"43,91245820";"1,83441180"
"202400001200";"29";"07";"2024";"21:00";"2";"83";"83068";"2";"3";"1";"3";"Route du Littoral";"43,29155428";"6,61025923"
"202400001201";"7";"06";"2024";"09:33";"1";"75";"75110";"2";"1";"1";"1";"PLACE DE LA REPUBLIQUE";"48,86814100";"2,36372600"
"202400001202";"11";"02";"2024";"09:55";"1";"42";"42302";"2";"1";"7";"6";"Rue de la Flache";"45,48950500";"4,45038600"
"202400001203";"25";"10";"2024";"09:00";"1";"06";"06048";"1";"1";"8";"6";"2557 Route Departementale 2204";"43,79869900";"7,35470800"
"202400001204";"6";"06";"2024";"18:50";"1";"75";"75109";"2";"2";"1";"6";"RUE CHORON";"48,87758000";"2,34075800"
"202400001205";"10";"02";"2024";"15:50";"1";"47";"47174";"1";"2";"2";"3";"D930";"44,06404500";"0,37112100"
"202400001206";"24";"10";"2024";"17:25";"1";"89";"89257";"2";"3";"7";"3";"81 Avenue Jean Jaures";"47,96359700";"3,51051500"
"202400001207";"7";"06";"2024";"19:00";"1";"75";"75116";"2";"1";"1";"3";"BOULEVARD SUCHET";"48,84984200";"2,25985400"
"202400001208";"7";"06";"2024";"13:05";"1";"75";"75107";"2";"1";"1";"6";"BOULEVARD DES INVALIDES";"48,85108100";"2,31460900"
"202400001209";"10";"02";"2024";"13:05";"1";"29";"29026";"1";"1";"1";"3";"RN 164";"48,21705513";" -4,04317276"
"202400001210";"22";"10";"2024";"11:50";"1";"68";"68163";"2";"9";"1";"3";"Rue du Moulin";"47,65844700";"7,51015300"
"202400001211";"7";"06";"2024";"10:00";"1";"75";"75107";"2";"2";"1";"6";"AVENUE DU MARECHAL GALLIENI";"48,86283600";"2,31345300"
"202400001212";"9";"02";"2024";"14:00";"1";"31";"31136";"2";"1";"1";"3";"Avenue de Toulouse";"43,74887000";"1,43198800"
"202400001213";"7";"06";"2024";"09:00";"1";"75";"75107";"2";"3";"1";"7";"QUAI D ORSAY";"48,86229600";"2,30631700"
"202400001214";"26";"01";"2024";"19:40";"3";"03";"03170";"1";"1";"1";"6";"route départementale 73 03210";"46,51472600";"3,09154600"
"202400001215";"24";"10";"2024";"21:40";"5";"57";"57596";"1";"1";"1";"6";"5 Rue du Hérapel";"49,15964700";"6,85768200"
"202400001216";"7";"06";"2024";"04:18";"5";"75";"75107";"2";"1";"1";"6";"AVENUE DE LA BOURDONNAIS";"48,85959200";"2,29712000"
"202400001217";"12";"02";"2024";"14:45";"1";"58";"58065";"2";"1";"1";"6";"7 Rue du Docteur Duret";"47,05416000";"3,65822800"
"202400001218";"12";"02";"2024";"18:20";"3";"72";"72247";"1";"1";"1";"7";"lieu dit le tertre";"47,99099000";"0,12723000"
"202400001219";"6";"06";"2024";"23:00";"5";"94";"94078";"2";"7";"1";"2";"Place Hector Berlioz / Rue Jean-jacques Rousseau";"48,74619900";"2,44686800"
"202400001220";"24";"10";"2024";"14:20";"1";"07";"07272";"1";"1";"3";"7";"D1";"44,50832000";"4,41521600"
"202400001221";"5";"02";"2024";"07:30";"3";"14";"14311";"1";"2";"1";"5";"D139";"49,14405700";" -0,54972400"
"202400001222";"6";"06";"2024";"20:30";"1";"94";"94011";"2";"3";"1";"6";"Mail de la Résistance / Rue Jean Macé";"48,76598000";"2,48521000"
"202400001223";"12";"10";"2024";"15:00";"1";"01";"01185";"2";"2";"3";"6";"Rue du Col de la Lèbe";"45,95060300";"5,61153000"
"202400001224";"12";"02";"2024";"12:15";"1";"50";"50353";"1";"1";"1";"6";"Boulevard de la Porte du Roy";"48,63177400";" -1,50841000"
"202400001225";"7";"06";"2024";"15:30";"1";"94";"94073";"2";"3";"7";"6";"Avenue René Panhard / Avenue Raymond Poincaré";"48,76324500";"2,40046500"
"202400001226";"12";"02";"2024";"02:00";"3";"09";"09285";"1";"1";"1";"6";"D3";"42,84751100";"1,19253200"
"202400001227";"23";"10";"2024";"11:43";"1";"01";"01385";"1";"3";"1";"3";"D936";"46,19774500";"5,16947500"
"202400001228";"11";"02";"2024";"20:45";"3";"43";"43153";"1";"1";"8";"7";"RN 88 ";"45,32758608";"4,23968500"
"202400001229";"7";"06";"2024";"08:12";"1";"94";"94077";"2";"2";"1";"3";"Avenue Victor Hugo / Rue Serge Voyer";"48,73242800";"2,41671700"
"202400001230";"11";"02";"2024";"18:40";"5";"40";"40122";"2";"1";"1";"7";"Rue de Bayonne";"43,82546400";" -0,55496500"
"202400001231";"23";"10";"2024";"07:50";"1";"33";"33114";"1";"1";"5";"2";"N/A";"45,10955900";" -0,37937700"
"202400001232";"8";"02";"2024";"18:14";"3";"87";"87203";"1";"1";"1";"6";"Route des Intendants";"45,63902800";"1,41549000"
"202400001233";"7";"06";"2024";"19:45";"1";"94";"94018";"2";"1";"7";"3";"Quai de Bercy";"48,82588000";"2,39263000"
"202400001234";"24";"10";"2024";"02:30";"3";"14";"14609";"1";"1";"1";"3";"Route de Littry";"49,26752500";" -0,73681400"
"202400001235";"7";"06";"2024";"19:08";"1";"94";"94011";"2";"1";"1";"6";"Place des Libertés";"48,76449000";"2,48610000"
"202400001236";"25";"10";"2024";"04:47";"3";"62";"62876";"1";"1";"1";"6";"D929";"50,07941000";"2,79653500"
"202400001237";"12";"02";"2024";"14:45";"1";"13";"13091";"1";"1";"1";"1";"RD7 N ZONE DE LA PILE";"43,61505200";"5,31857400"
"202400001238";"7";"06";"2024";"12:47";"1";"94";"94002";"2";"2";"1";"3";"Rue de Seine / Rue Véron";"48,80996400";"2,41432200"
"202400001239";"25";"10";"2024";"13:00";"1";"59";"59645";"1";"1";"1";"7";"D148";"50,26929200";"3,24294100"
"202400001240";"10";"02";"2024";"21:30";"3";"971";"97115";"1";"1";"2";"6";"Chemin de Ravine Houel";"16,25361800";" -61,66595700"
"202400001241";"7";"06";"2024";"17:25";"1";"93";"93071";"2";"3";"1";"3";"Rue d'Aulnay / Avenue de la Garenne de Fontenay";"48,93961400";"2,51130200"
"202400001242";"20";"10";"2024";"04:21";"5";"13";"13215";"1";"1";"1";"2";"A7-Sens Lyon vers Marseille";"43,34676777";"5,37260261"
"202400001243";"10";"02";"2024";"15:56";"1";"77";"77382";"2";"2";"2";"6";"Avenue du Marechal Foch";"48,90047800";"2,87154100"
"202400001244";"7";"06";"2024";"02:40";"5";"93";"93070";"2";"1";"1";"6";"Rue des Bateliers";"48,91248000";"2,32749000"
"202400001245";"8";"02";"2024";"18:00";"5";"77";"77349";"2";"2";"2";"1";"D13";"49,07940000";"2,67622000"
"202400001246";"23";"10";"2024";"18:50";"1";"33";"33550";"1";"1";"1";"2";"N/A";"44,77062400";" -0,55477100"
"202400001247";"7";"06";"2024";"01:10";"3";"93";"93055";"2";"1";"1";"3";"OURCQ (QUAI DE L')";"48,89536937";"2,41486788"
"202400001248";"11";"02";"2024";"17:25";"1";"13";"13035";"1";"1";"1";"3";"D17";"43,69353100";"5,04293400"
"202400001249";"7";"06";"2024";"08:10";"1";"93";"93032";"2";"3";"1";"3";"ARISTIDE BRIAND (RUE)";"48,87856505";"2,53303528"
"202400001250";"9";"02";"2024";"17:30";"2";"44";"44047";"2";"1";"1";"6";"62 Rue Alexandre Olivier";"47,21686400";" -1,72523400"
"202400001251";"23";"10";"2024";"17:58";"1";"59";"59009";"1";"1";"1";"2";"ROUTE NATIONALE 227";"50,64539000";"3,14544000"
"202400001252";"12";"02";"2024";"07:45";"2";"27";"27348";"1";"1";"1";"7";"Rue de Paris";"49,31217000";"1,15802800"
"202400001253";"6";"06";"2024";"09:15";"1";"93";"93032";"2";"2";"1";"3";"Rue du Rond Point / Rue du Chanoine Monsanglant";"48,87299000";"2,55608000"
"202400001254";"23";"10";"2024";"18:07";"1";"59";"59350";"1";"1";"1";"2";"ROUTE NATIONALE 356";"50,62213000";"3,08304000"
"202400001255";"12";"02";"2024";"01:45";"3";"60";"60528";"1";"1";"2";"7";"D153";"49,24198622";"1,87521601"
"202400001256";"7";"06";"2024";"14:50";"1";"93";"93008";"2";"3";"1";"6";"Rue Pierre Sémard / Rue de Carency";"48,91105000";"2,44647000"
"202400001257";"21";"10";"2024";"17:40";"1";"62";"62637";"1";"1";"2";"2";"A1";"50,46524730";"2,97548977"
"202400001258";"10";"02";"2024";"07:40";"2";"59";"59125";"2";"1";"8";"1";"Pont de Cantigneul";"50,15449000";"3,18469900"
"202400001259";"22";"10";"2024";"07:10";"2";"59";"59491";"1";"1";"1";"7";"AUTOROUTE A23";"50,40626000";"3,44208000"
"202400001260";"7";"06";"2024";"15:28";"1";"92";"92051";"2";"2";"1";"3";"VICTOR HUGO (BOULEVARD, N° 9 A 49 ET 16";"48,88744563";"2,27856874"
"202400001261";"12";"02";"2024";"08:45";"1";"59";"59578";"2";"1";"1";"1";"63 Rue d'Aire";"50,67273900";"2,47909600"
"202400001262";"6";"06";"2024";"13:15";"1";"92";"92050";"2";"1";"1";"6";"STALINGRAD RUE DE";"48,89415000";"2,19574000"
"202400001263";"18";"10";"2024";"19:30";"3";"62";"62637";"1";"1";"1";"2";"A1";"50,46699873";"2,97611872"
"202400001264";"11";"02";"2024";"16:05";"1";"13";"13215";"1";"1";"1";"2";"A7-Sens Marseille vers Lyon";"43,36643455";"5,36080529"
"202400001265";"7";"06";"2024";"16:50";"1";"92";"92044";"2";"1";"1";"6";"BINEAU (BOULEVARD)";"48,88652770";"2,28471422"
"202400001266";"24";"10";"2024";"19:30";"3";"91";"91136";"1";"1";"1";"2";"AUTOROUTE A10";"48,71385218";"2,27453396"
"202400001267";"11";"02";"2024";"08:00";"1";"13";"13043";"1";"1";"1";"7";"A55-Sens Martigues vers Marseille";"43,39123000";"5,26418000"
"202400001268";"7";"06";"2024";"20:54";"1";"92";"92024";"2";"9";"1";"3";"PIERRE CURIE (RUE)";"48,90210973";"2,31427217"
"202400001269";"11";"02";"2024";"00:45";"3";"13";"13015";"1";"1";"1";"2";"A51-Sens Aix en Provence vers Marseille";"43,45328000";"5,39642000"
"202400001270";"7";"06";"2024";"08:25";"1";"92";"92024";"2";"6";"1";"6";"TROIS PAVILLONS (RUE DES)";"48,91076484";"2,31299043"
"202400001271";"24";"10";"2024";"08:55";"1";"91";"91037";"1";"1";"1";"2";"AUTOROUTE A6";"48,53927939";"2,49890007"
"202400001272";"7";"06";"2024";"07:45";"1";"92";"92012";"2";"1";"1";"2";"JEAN JAURES (BOULEVARD) 2/68 - COTE PAIR";"48,84531180";"2,23713273"
"202400001273";"24";"10";"2024";"18:20";"1";"92";"92025";"1";"1";"1";"3";"A86";"48,92201331";"2,22672771"
"202400001274";"11";"02";"2024";"00:39";"3";"13";"13015";"1";"1";"1";"2";"A51-Sens Aix en Provence vers Marseille";"43,45328000";"5,39642000"
"202400001275";"9";"02";"2024";"22:18";"3";"13";"13033";"1";"1";"3";"3";"A55-Sens Marseille vers Martigues";"43,37297691";"5,18996026"
"202400001276";"24";"10";"2024";"17:30";"1";"92";"92036";"1";"1";"1";"2";"A86";"48,93510157";"2,26605905"
"202400001277";"5";"06";"2024";"18:30";"1";"50";"50541";"1";"1";"1";"4";"6 Les Pas";"48,83690600";" -1,48530000"
"202400001278";"10";"02";"2024";"04:14";"3";"13";"13085";"1";"1";"3";"3";"A50-Sens Toulon vers Aubagne";"43,25500000";"5,59390000"
"202400001279";"23";"10";"2024";"19:00";"3";"78";"78322";"1";"1";"1";"4";"A86 EXT";"48,78140100";"2,16750200"
"202400001280";"8";"06";"2024";"12:00";"1";"47";"47145";"2";"3";"1";"1";"Chemin de MONSEIGNE";"44,12910300";"0,66229600"
"202400001281";"10";"02";"2024";"03:22";"3";"13";"13005";"1";"1";"3";"7";"A52-Sens Toulon vers Pont de l'Etoile";"43,32400000";"5,59914000"
"202400001282";"23";"10";"2024";"08:20";"1";"92";"92025";"1";"1";"5";"3";"A86";"48,92201331";"2,22672771"
"202400001283";"8";"06";"2024";"00:30";"3";"35";"35180";"1";"1";"1";"7";"le Clos d'Ahaut";"48,28546700";" -1,91637400"
"202400001284";"11";"02";"2024";"21:15";"3";"91";"91103";"1";"1";"1";"7";"RN 104";"48,62457000";"2,30105100"
"202400001285";"8";"06";"2024";"02:10";"5";"91";"91235";"2";"6";"1";"6";"Rue Edouard Aubert";"48,62288900";"2,36760700"
"202400001286";"23";"10";"2024";"15:55";"1";"93";"93005";"1";"1";"1";"4";"AUTOROUTE A3";"48,96120283";"2,47369860"
"202400001287";"11";"02";"2024";"18:20";"3";"91";"91235";"1";"1";"1";"1";"RN 104";"48,62694000";"2,35422000"
"202400001288";"6";"06";"2024";"20:26";"2";"18";"18070";"1";"3";"7";"1";"La Sauloie";"47,50162900";"2,56305200"
"202400001289";"10";"02";"2024";"21:20";"3";"91";"91136";"1";"1";"2";"6";"AUTOROUTE A10";"48,71060000";"2,28740000"
"202400001290";"23";"10";"2024";"09:50";"1";"93";"93007";"1";"1";"1";"3";"AUTOROUTE A1";"48,94617059";"2,44137667"
"202400001291";"7";"06";"2024";"07:55";"2";"49";"49092";"1";"1";"1";"1";"D 84";"47,20709100";" -0,63611300"
"202400001292";"10";"02";"2024";"23:35";"3";"91";"91689";"1";"9";"2";"2";"AUTOROUTE A6A";"48,74858692";"2,32746005"
"202400001293";"24";"10";"2024";"15:45";"1";"94";"94073";"1";"1";"1";"3";"A86";"48,76675234";"2,37881635"
"202400001294";"8";"06";"2024";"02:55";"3";"974";"97414";"1";"1";"1";"3";"81c Îlet Furcy";" -21,24263843";"55,45336103"
"202400001295";"10";"02";"2024";"22:00";"3";"91";"91689";"1";"1";"2";"2";"AUTOROUTE A6A";"48,73912200";"2,31979600"
"202400001296";"24";"10";"2024";"12:06";"1";"94";"94073";"1";"1";"1";"2";"A86";"48,76035941";"2,38284097"
"202400001297";"8";"06";"2024";"05:24";"2";"14";"14436";"1";"1";"1";"2";"N13";"49,25076393";" -0,68216085"
"202400001298";"24";"10";"2024";"07:00";"3";"94";"94017";"1";"1";"1";"2";"A4";"48,82816654";"2,50398825"
"202400001299";"10";"02";"2024";"17:10";"2";"92";"92036";"1";"1";"3";"2";"A86";"48,93602815";"2,28853583"
"202400001300";"6";"06";"2024";"13:45";"1";"71";"71443";"1";"2";"8";"3";"D970";"46,92379500";"4,94368100"
"202400001301";"24";"10";"2024";"06:05";"3";"77";"77083";"1";"1";"1";"2";"A4.W";"48,83120762";"2,60505058"
"202400001302";"11";"02";"2024";"02:35";"4";"95";"95500";"1";"1";"1";"4";"A15";"49,03923046";"2,08563124"
"202400001303";"7";"06";"2024";"15:40";"1";"38";"38429";"1";"1";"1";"7";"D1075";"44,86709300";"5,60459400"
"202400001304";"8";"06";"2024";"05:05";"2";"62";"62081";"1";"1";"1";"6";"D939";"50,22377757";"3,03638202"
"202400001305";"23";"10";"2024";"22:15";"3";"77";"77121";"1";"1";"1";"2";"A4";"48,83224646";"2,66800241"
"202400001306";"10";"02";"2024";"22:10";"5";"93";"93007";"1";"1";"8";"5";"A1";"48,94353028";"2,43541292"
"202400001307";"7";"06";"2024";"16:30";"1";"27";"27552";"1";"1";"1";"7";"A28 PK 229+500 direction ROUEN";"49,00648200";"0,44365800"
"202400001308";"25";"06";"2024";"22:25";"2";"35";"35238";"2";"1";"1";"6";"Cours du Président John Fitzgerald Kennedy";"48,12128000";" -1,70739700"
"202400001309";"8";"06";"2024";"11:30";"1";"57";"57163";"1";"1";"1";"7";"D45";"48,64302000";"7,25316300"
"202400001310";"31";"05";"2024";"16:48";"1";"38";"38544";"2";"1";"1";"6";"Rue Pierre et Marie Curie";"45,54217000";"4,86267000"
"202400001311";"11";"02";"2024";"05:30";"4";"94";"94042";"1";"1";"2";"3";"A4";"48,82836797";"2,47558356"
"202400001312";"7";"06";"2024";"18:00";"1";"56";"56231";"1";"3";"1";"3";"Lieu Dit Keravel";"47,69648400";" -2,68585700"
"202400001313";"11";"02";"2024";"04:44";"3";"94";"94044";"1";"1";"2";"6";"N406";"48,75800930";"2,47075818"
"202400001314";"3";"05";"2024";"20:35";"1";"38";"38544";"2";"1";"2";"6";"DELORME(RUE)";"45,52312000";"4,87025000"
"202400001315";"7";"06";"2024";"14:40";"1";"77";"77242";"1";"2";"1";"3";"route départementaler 209";"48,48701400";"3,21240700"
"202400001316";"11";"02";"2024";"02:50";"3";"94";"94079";"1";"1";"8";"4";"A4";"48,83572828";"2,53991099"
"202400001317";"8";"06";"2024";"12:00";"1";"79";"79329";"1";"1";"1";"7";"N/A";"46,99250400";" -0,24930600"
"202400001318";"11";"02";"2024";"02:15";"3";"93";"93051";"1";"1";"2";"2";"A4";"48,83617975";"2,54134798"
"202400001319";"6";"06";"2024";"10:10";"1";"33";"33335";"1";"1";"1";"3";"N/A";"44,81067100";" -0,35503100"
"202400001320";"8";"06";"2024";"12:37";"1";"71";"71516";"1";"3";"1";"6";"5 Rue du Mont";"46,76587300";"5,22658700"
"202400001321";"8";"06";"2024";"11:45";"1";"71";"71248";"2";"1";"1";"3";"2 Route de l’Arvoux";"46,56093700";"4,92926600"
"202400001322";"29";"06";"2024";"20:30";"1";"01";"01160";"2";"3";"1";"3";"Avenue Voltaire";"46,25667000";"6,10969800"
"202400001323";"30";"05";"2024";"10:20";"1";"61";"61142";"1";"1";"1";"2";"D955";"48,36394400";"0,62574300"
"202400001324";"23";"10";"2024";"23:20";"3";"974";"97416";"1";"1";"1";"1";"RN1 (ROUTE NATIONALE)";" -21,29842000";"55,41974000"
"202400001325";"7";"06";"2024";"17:55";"1";"61";"61066";"1";"1";"1";"1";"D651";"48,50548800";"0,40085000"
"202400001326";"23";"10";"2024";"06:25";"2";"974";"97416";"2";"6";"1";"6";"RECHERCHANT(RUE ADRIEN)";" -21,28201000";"55,47421000"
"202400001327";"7";"06";"2024";"19:00";"1";"44";"44129";"1";"1";"1";"5";"N/A";"47,42321000";" -2,08997700"
"202400001328";"7";"06";"2024";"16:30";"1";"44";"44014";"1";"1";"1";"7";"Rue de la Roche";"47,10480300";" -1,49004800"
"202400001329";"22";"10";"2024";"20:50";"5";"973";"97302";"2";"1";"1";"7";"MADELEINE (ROUTE DE LA)";"4,91243393";" -52,32107270"
"202400001330";"7";"06";"2024";"17:00";"1";"44";"44005";"1";"2";"1";"3";"N/A";"47,13262600";" -1,85954900"
"202400001331";"22";"10";"2024";"17:10";"1";"973";"97302";"2";"1";"1";"2";"MERE THERESA (rue)";"4,91872000";" -52,31280000"
"202400001332";"8";"06";"2024";"09:24";"1";"29";"29281";"1";"2";"1";"3";"Ty Men";"48,00614455";" -3,82277366"
"202400001333";"23";"10";"2024";"21:10";"5";"69";"69388";"2";"2";"1";"3";"Route de Vienne";"45,73511210";"4,85342731"
"202400001334";"7";"06";"2024";"22:45";"3";"29";"29056";"1";"1";"1";"6";"Guerrus";"48,43692819";" -4,29357652"
"202400001335";"16";"10";"2024";"15:30";"1";"69";"69387";"2";"1";"2";"6";"Avenue Berthelot";"45,74741774";"4,83518702"
"202400001336";"7";"06";"2024";"16:45";"1";"29";"29220";"1";"3";"1";"3";"route de plomeur";"47,85466589";" -4,24316835"
"202400001337";"23";"10";"2024";"15:15";"1";"69";"69382";"2";"1";"1";"6";"48 Rue Ferrandière";"45,76207710";"4,83437192"
"202400001338";"4";"06";"2024";"07:30";"1";"31";"31490";"2";"1";"1";"6";"9 Chemin de la Plaine";"43,74600600";"1,37073200"
"202400001339";"22";"10";"2024";"07:15";"1";"971";"97101";"2";"3";"1";"3";"HIBISCUS (RESIDENCE)";"16,25190000";" -61,52663000"
"202400001340";"23";"10";"2024";"14:10";"1";"91";"91027";"2";"1";"1";"2";"AV FRANCOIS MITTERRAND";"48,71233000";"2,37132000"
"202400001341";"6";"06";"2024";"06:15";"2";"84";"84025";"1";"1";"1";"7";"1579 Route d?Apt";"43,86582100";"5,15955400"
"202400001342";"8";"06";"2024";"00:50";"4";"03";"03118";"2";"6";"1";"6";"D2009";"46,11492500";"3,20114100"
"202400001343";"23";"10";"2024";"10:25";"1";"87";"87050";"2";"3";"1";"3";"GARE (AVENUE DE LA) RD125";"45,88346000";"1,24335000"
"202400001344";"7";"06";"2024";"13:30";"1";"15";"15170";"2";"1";"1";"7";"VC lieu dit Loucheyre";"45,32643700";"2,67995600"
"202400001345";"22";"10";"2024";"07:32";"5";"87";"87085";"2";"1";"1";"7";"BASSE-DES-CARRIERS";"45,82409000";"1,27192000"
"202400001346";"8";"06";"2024";"07:45";"2";"01";"01373";"2";"1";"1";"6";"17 Rue de la Vie de l'Orme";"46,13335400";"5,55317000"
"202400001347";"22";"10";"2024";"07:47";"5";"87";"87085";"2";"1";"1";"6";"VALIN (AVENUE DU GENERAL MARTIAL)";"45,81124000";"1,27395000"
"202400001348";"7";"06";"2024";"19:05";"1";"06";"06125";"1";"1";"1";"6";"D2202";"44,14510400";"6,75831400"
"202400001349";"12";"10";"2024";"19:15";"2";"83";"83129";"2";"9";"1";"6";"JUIN MARECHAL (AV DU)";"43,09443880";"5,84655046"
"202400001350";"22";"10";"2024";"11:10";"1";"83";"83069";"2";"1";"1";"6";"OLBIA  (VOIE)";"43,11640000";"6,14160000"
"202400001351";"7";"06";"2024";"19:20";"1";"50";"50419";"2";"2";"1";"3";"D35";"48,95353600";" -1,44162300"
"202400001352";"8";"06";"2024";"10:10";"1";"43";"43084";"1";"1";"2";"3";"Les Ayeux";"44,99542000";"3,88653200"
"202400001353";"23";"10";"2024";"13:10";"1";"82";"82033";"1";"1";"1";"2";"Route de Toulouse";"44,05939338";"1,09855342"
"202400001354";"21";"10";"2024";"09:40";"1";"80";"80021";"1";"1";"2";"6";"Rue de la Dodane";"49,89608000";"2,30365000"
"202400001355";"7";"06";"2024";"19:20";"1";"10";"10094";"1";"1";"1";"1";"départementale 6";"48,50034100";"4,57672800"
"202400001356";"7";"06";"2024";"21:15";"3";"07";"07313";"1";"9";"1";"3";"Rue Michel Gautier";"45,31215600";"4,76683300"
"202400001357";"23";"10";"2024";"20:20";"5";"78";"78440";"2";"3";"1";"3";"ARISTIDE BRIAND (RUE)";"48,98386000";"1,91163700"