"Num_Acc";"jour";"mois";"an";"hrmn";"lum";"dep";"com";"agg";"int";"atm";"col";"adr";"lat";"long"
"202400001745";"22";"03";"2024";"15:30";"1";"64";"64024";"2";"1";"1";"3";"BAYONNE (AVENUE DE)";"43,48155000";" -1,50947000"
"202400001746";"9";"07";"2024";"12:25";"1";"971";"97120";"2";"2";"1";"3";"HANNE (BOULEVARD)";"16,24094000";" -61,53518000"
"202400001747";"22";"03";"2024";"10:25";"1";"64";"64102";"2";"1";"1";"7";"AMADE  (ROND POINT)";"43,50221000";" -1,47832000"
"202400001748";"8";"07";"2024";"16:00";"1";"971";"97113";"1";"1";"1";"2";"PETIT HAVRE (SECTEUR)";"16,21527000";" -61,42912000"
"202400001749";"22";"03";"2024";"08:36";"1";"64";"64024";"2";"1";"5";"3";"LOUILLOT (RUE DE)";"43,48288000";" -1,52069000"
"202400001750";"9";"07";"2024";"19:24";"1";"2A";"2A004";"2";"1";"1";"6";"HERMINIER GARE MARITIME QUAI";"41,92000000";"8,74000000"
"202400001751";"21";"03";"2024";"16:55";"1";"63";"63245";"1";"1";"1";"1";"ROCADE RD 446";"45,90072899";"3,08800191"
"202400001752";"22";"03";"2024";"15:16";"1";"63";"63113";"2";"1";"1";"6";"BONNEFONS (RUE JEAN)";"45,78166000";"3,07919000"
"202400001753";"8";"07";"2024";"09:50";"1";"84";"84007";"2";"1";"1";"6";"CHANGE (PLACE DU)";"43,94863000";"4,80620000"
"202400001754";"22";"03";"2024";"17:50";"1";"62";"62244";"2";"1";"2";"6";"Impasse Simone Veil";"50,92535385";"1,88259709"
"202400001755";"9";"07";"2024";"14:30";"1";"83";"83069";"2";"1";"1";"3";"DECUGIS (AVENUE ALFRED)";"43,11000137";"6,17051840"
"202400001756";"22";"03";"2024";"07:40";"1";"62";"62041";"2";"1";"1";"2";"Rue Auguste Dumand";"50,29567000";"2,75401000"
"202400001757";"22";"03";"2024";"20:30";"5";"59";"59122";"2";"1";"2";"6";"MICHELET (AVENUE)";"50,17327000";"3,24374000"
"202400001758";"8";"07";"2024";"14:00";"1";"80";"80674";"2";"1";"1";"2";"Route de Corbie";"49,90148000";"2,33196000"
"202400001759";"22";"03";"2024";"11:55";"1";"58";"58194";"2";"3";"1";"6";"PREFECTURE";"46,99357000";"3,16396000"
"202400001760";"9";"07";"2024";"10:00";"1";"78";"78383";"2";"3";"1";"6";"FOREZ (AVENUE DU)";"48,76001300";"1,94372300"
"202400001761";"22";"03";"2024";"16:58";"1";"57";"57463";"2";"9";"1";"6";"BOURBONNAIS (RUE DU )";"49,11452000";"6,22362000"
"202400001762";"22";"03";"2024";"17:55";"2";"56";"56121";"2";"1";"3";"4";"Rue colonel Jean Muller";"47,76258000";" -3,39167000"
"202400001763";"21";"03";"2024";"14:00";"1";"56";"56098";"2";"3";"1";"3";"ZEDE (RUE  GUSTAVE )";"47,77612000";" -3,35648000"
"202400001764";"22";"03";"2024";"12:20";"1";"54";"54395";"2";"1";"1";"3";"Avenue du Maréchal Juin";"48,67921886";"6,17392749"
"202400001765";"8";"07";"2024";"16:30";"1";"77";"77083";"1";"1";"1";"2";"MARNE VPN (ROUTE DE LA)";"48,84826000";"2,60461000"
"202400001766";"21";"03";"2024";"23:11";"5";"54";"54395";"2";"5";"1";"3";"Boulevard Lobau";"48,69171000";"6,19281000"
"202400001767";"22";"03";"2024";"07:30";"1";"54";"54575";"1";"1";"1";"6";"RD17";"49,47252000";"5,80278000"
"202400001768";"22";"03";"2024";"15:20";"1";"54";"54099";"2";"6";"1";"7";"D906";"49,25538000";"5,94782000"
"202400001769";"9";"07";"2024";"16:20";"1";"77";"77335";"1";"1";"2";"4";"RN3 (ROUTE NATIONALE)";"48,95886000";"2,82574000"
"202400001770";"20";"03";"2024";"16:00";"1";"52";"52448";"2";"2";"1";"6";"CARNOT (RUE DU PRESIDENT) PAIR";"48,63895000";"4,94378000"
"202400001771";"8";"07";"2024";"16:00";"1";"73";"73065";"2";"1";"7";"2";"REPUBLIQUE (RUE DE LA)";"45,56401000";"5,92588000"
"202400001772";"21";"03";"2024";"16:45";"1";"50";"50129";"2";"2";"8";"3";"BECQUET DE HAUT (RUE)";"49,65192000";" -1,55527000"
"202400001773";"8";"07";"2024";"16:40";"1";"72";"72181";"2";"1";"1";"6";"MINIMES (RUE DES)";"48,00331000";"0,19669000"
"202400001774";"20";"03";"2024";"16:50";"1";"50";"50129";"2";"1";"1";"2";"SALINE (BOULEVARD DE LA)";"49,65403000";" -1,64937000"
"202400001775";"8";"07";"2024";"20:40";"1";"72";"72181";"2";"2";"1";"3";"HOCHE (RUE) N° PAIRS 46 ET >";"48,01088000";"0,18363000"
"202400001776";"20";"03";"2024";"17:45";"1";"50";"50129";"2";"3";"1";"3";"FOEDRE (RUE DE LA)";"49,62792000";" -1,65619000"
"202400001777";"22";"03";"2024";"17:00";"1";"49";"49007";"2";"1";"1";"3";"TOUSSAINT RUE ET IMPASSE";"47,46946000";" -0,55609000"
"202400001778";"7";"07";"2024";"20:05";"1";"72";"72181";"2";"3";"1";"3";"PAVOINE PIERRE (RUE)";"47,97780000";"0,20265000"
"202400001779";"22";"03";"2024";"08:58";"1";"49";"49007";"2";"6";"1";"3";"RAMON BOULEVARD";"47,48869000";" -0,54534000"
"202400001780";"9";"07";"2024";"08:45";"1";"71";"71306";"2";"3";"1";"1";"DE LATTRE DE TASSIGNY (BLD DU MARECHAL)";"46,67193000";"4,38433000"
"202400001781";"22";"03";"2024";"11:10";"1";"47";"47031";"2";"3";"1";"3";"JEAN JAURES (Avenue)  ";"44,17770000";"0,63952000"
"202400001782";"9";"07";"2024";"09:18";"1";"71";"71076";"2";"1";"1";"6";"REMPART SAINT PIERRE";"46,78642164";"4,85094935"
"202400001783";"22";"03";"2024";"17:37";"1";"45";"45284";"2";"2";"1";"3";"60 Rue d'Ambert";"47,90846000";"1,93854000"
"202400001784";"8";"07";"2024";"11:40";"1";"69";"69282";"2";"2";"1";"3";"Avenue du Dauphiné";"45,76326000";"5,00740000"
"202400001785";"22";"03";"2024";"11:40";"1";"45";"45208";"2";"1";"7";"3";"28bis Boulevard Paul Baudin";"48,00122716";"2,73432434"
"202400001786";"22";"03";"2024";"16:00";"1";"42";"42316";"2";"4";"1";"2";"Rue Charles de Gaulle";"45,39528000";"4,26313000"
"202400001787";"9";"07";"2024";"06:45";"1";"69";"69264";"2";"2";"1";"3";"Rue Rene Cassin";"45,98920000";"4,72277000"
"202400001788";"22";"03";"2024";"08:30";"1";"41";"41295";"2";"1";"1";"2";"SAND (RUE GEORGE)";"47,58140000";"1,37376000"
"202400001789";"3";"07";"2024";"07:10";"1";"69";"69013";"2";"9";"1";"3";"Avenue de Joux";"46,00793924";"4,72701745"
"202400001790";"21";"03";"2024";"16:30";"1";"38";"38151";"2";"9";"1";"1";"JAURES (COURS J. 1 A 48-75)";"45,15138000";"5,70658000"
"202400001791";"8";"07";"2024";"15:35";"1";"66";"66136";"2";"3";"1";"6";"N/A";"42,67909000";"2,90442000"
"202400001792";"21";"03";"2024";"07:30";"1";"37";"37195";"2";"6";"1";"3";"PRIEURE (AVENUE DU)";"47,38283000";"0,65458000"
"202400001793";"22";"03";"2024";"19:40";"3";"36";"36044";"2";"4";"1";"6";"219 Rue Combanaire";"46,80123025";"1,71479121"
"202400001794";"9";"07";"2024";"16:25";"1";"64";"64122";"2";"1";"1";"4";"DASSAULT MARCEL (BD)";"43,45295000";" -1,55459000"
"202400001795";"9";"07";"2024";"14:17";"1";"63";"63113";"2";"1";"1";"7";"PAULINES (AVENUE DES)";"45,77486000";"3,09491000"
"202400001796";"22";"03";"2024";"21:55";"5";"35";"35238";"2";"3";"2";"3";"MONNAIE ( DE LA)";"48,11024296";" -1,68459324"
"202400001797";"4";"07";"2024";"11:50";"1";"62";"62498";"2";"1";"1";"2";"D58E1";"50,42739304";"2,81075102"
"202400001798";"22";"03";"2024";"15:45";"1";"35";"35238";"2";"1";"8";"2";"GROS MALHON (AVENUE)";"48,12886648";" -1,68384168"
"202400001799";"9";"07";"2024";"11:30";"1";"62";"62244";"2";"1";"2";"7";"Rue du Vinfil";"50,91213000";"1,87719000"
"202400001800";"9";"07";"2024";"23:45";"5";"60";"60057";"2";"1";"1";"6";"Rue d'Anjou";"49,43484000";"2,10200000"
"202400001801";"22";"03";"2024";"19:55";"5";"34";"34172";"2";"2";"1";"3";"ZUCCARELLI (PONT JEAN)";"43,60079000";"3,89753000"
"202400001802";"23";"03";"2024";"00:01";"5";"33";"33063";"2";"1";"1";"7";"N/A";"44,82218000";" -0,54177000"
"202400001803";"9";"07";"2024";"13:10";"1";"59";"59350";"2";"1";"8";"3";"Avenue de Dunkerque (Lomme)";"50,64632000";"3,00925000"
"202400001804";"9";"07";"2024";"10:45";"1";"59";"59009";"1";"1";"1";"6";"COLBERT RUE";"50,62730000";"3,18529000"
"202400001805";"22";"03";"2024";"23:50";"3";"33";"33249";"2";"1";"1";"3";"N/A";"44,86703000";" -0,51293000"
"202400001806";"9";"07";"2024";"13:30";"1";"57";"57463";"2";"1";"1";"7";"BORNY (ROUTE DE )";"49,11508900";"6,19184300"
"202400001807";"22";"03";"2024";"15:20";"1";"33";"33063";"2";"1";"1";"3";"N/A";"44,87419000";" -0,57208000"
"202400001808";"22";"03";"2024";"11:10";"1";"33";"33063";"2";"4";"1";"6";"N/A";"44,84781000";" -0,57634100"
"202400001809";"9";"07";"2024";"08:50";"1";"56";"56260";"1";"1";"2";"2";"Ménimur";"47,66910000";" -2,76614000"
"202400001810";"22";"03";"2024";"16:33";"1";"31";"31555";"2";"1";"1";"6";"RTE DE SEYSSES";"43,56016000";"1,40427000"
"202400001811";"9";"07";"2024";"09:00";"1";"56";"56260";"2";"6";"2";"2";"Giratoire des 3 Rois";"47,68412000";" -2,76699000"
"202400001812";"20";"03";"2024";"14:50";"1";"29";"29019";"2";"2";"1";"3";"rue du Onze Novembre 1918";"48,37730600";" -4,54363300"
"202400001813";"8";"07";"2024";"08:30";"1";"56";"56121";"2";"6";"3";"3";"Boulevard Léon Blum";"47,74724000";" -3,37657000"
"202400001814";"22";"03";"2024";"03:51";"3";"26";"26198";"1";"1";"1";"6";"Route du Teil";"44,55353673";"4,71066713"
"202400001815";"9";"07";"2024";"01:30";"5";"54";"54184";"2";"3";"1";"6";"Rue du Bas Château";"48,70715262";"6,21592820"
"202400001816";"22";"03";"2024";"17:38";"1";"25";"25462";"2";"3";"1";"3";"CHARDONNET (COMTE DE)";"46,91082000";"6,35211000"
"202400001817";"22";"03";"2024";"16:35";"1";"25";"25056";"2";"6";"1";"3";"GRAY ROUTE DE";"47,24413000";"5,98281000"
"202400001818";"9";"07";"2024";"12:57";"1";"51";"51454";"2";"3";"1";"3";"POMMERY (BOULEVARD)";"49,24764000";"4,05121000"
"202400001819";"22";"03";"2024";"10:42";"1";"21";"21231";"2";"3";"1";"3";"Boulevard Jeanne d'Arc";"47,32025000";"5,06549000"
"202400001820";"9";"07";"2024";"08:40";"1";"50";"50599";"2";"6";"2";"3";"MALRAUX (ROND POINT ANDRE)";"49,59926000";" -1,59745000"
"202400001821";"21";"03";"2024";"16:35";"1";"18";"18279";"2";"6";"1";"3";"Boulevard de la Nation";"47,21862000";"2,06175000"
"202400001822";"22";"03";"2024";"14:40";"1";"13";"13214";"2";"1";"1";"1";"CLAUDE MONET (avenue)";"43,32450000";"5,39412000"
"202400001823";"22";"03";"2024";"12:10";"1";"13";"13210";"2";"1";"1";"3";"ROMAIN ROLLAND (BOULEVARD)";"43,27508000";"5,41594000"
"202400001824";"8";"07";"2024";"18:00";"1";"50";"50129";"2";"2";"3";"2";"BRETON (RUE DU)";"49,65725000";" -1,69499000"
"202400001825";"22";"03";"2024";"09:30";"1";"13";"13215";"2";"1";"1";"3";"Min (avenue du)";"43,33923593";"5,38120947"
"202400001826";"8";"07";"2024";"14:22";"1";"49";"49007";"2";"2";"1";"3";"BIRGE BOULEVARD";"47,47444000";" -0,51958000"
"202400001827";"22";"03";"2024";"05:15";"5";"13";"13210";"2";"1";"1";"1";"L ARMEE D AFRIQUE (CHEMIN DE L')";"43,28648616";"5,41618930"
"202400001828";"22";"03";"2024";"08:00";"1";"13";"13004";"2";"7";"1";"3";"BD DES LICES";"43,67517000";"4,63101000"
"202400001829";"8";"07";"2024";"10:51";"1";"49";"49007";"2";"1";"1";"6";"BRISEPOTIERE";"47,48105000";" -0,53373000"
"202400001830";"22";"03";"2024";"23:20";"3";"10";"10357";"2";"9";"1";"6";"GENERAL DE GAULLE (RUE DU)";"48,29670000";"4,12860000"
"202400001831";"22";"03";"2024";"16:02";"1";"10";"10387";"2";"2";"1";"3";"CHARMILLES (MAIL DES)";"48,29664000";"4,08553000"
"202400001832";"22";"03";"2024";"09:00";"1";"06";"06029";"2";"7";"1";"6";"Avenue Francis Tonner";"43,54951000";"6,98111000"
"202400001833";"9";"07";"2024";"22:55";"3";"44";"44162";"1";"1";"2";"6";"N/A";"47,20094000";" -1,61949000"
"202400001834";"21";"03";"2024";"03:30";"5";"75";"75119";"2";"1";"1";"2";"BD PERIPHERIQUE INTERIEUR";"48,88566000";"2,39745400"
"202400001835";"9";"07";"2024";"20:20";"2";"44";"44109";"2";"6";"2";"3";"10 Cours des 50 Otages";"47,21608000";" -1,55661000"
"202400001836";"22";"03";"2024";"20:15";"5";"75";"75105";"2";"3";"1";"6";"BOULEVARD SAINT MARCEL";"48,83763510";"2,35438200"
"202400001837";"21";"03";"2024";"05:20";"5";"75";"75120";"2";"2";"1";"1";"RUE DES PYRENEES";"48,86551100";"2,39800800"
"202400001838";"9";"07";"2024";"22:28";"3";"42";"42184";"2";"9";"2";"6";"Boulevard Ouest";"46,02980000";"4,04483000"
"202400001839";"22";"03";"2024";"20:45";"5";"75";"75117";"2";"3";"1";"6";"BOULEVARD DES BATIGNOLLES";"48,88260400";"2,32205200"
"202400001840";"9";"07";"2024";"20:10";"1";"34";"34172";"2";"1";"1";"3";"FIGAIRASSE (RUE DE LA)";"43,60708000";"3,85570000"
"202400001841";"22";"03";"2024";"02:05";"5";"75";"75117";"2";"3";"1";"7";"BOULEVARD DES BATIGNOLLES";"48,88334800";"2,32580900"
"202400001842";"22";"03";"2024";"16:20";"1";"75";"75116";"2";"3";"1";"4";"RUE BOIS LE VENT";"48,85758500";"2,27645300"
"202400001843";"8";"07";"2024";"19:15";"1";"34";"34172";"2";"3";"1";"3";"SAINT LAZARE (AVENUE DE)";"43,61911000";"3,88654000"
"202400001844";"22";"03";"2024";"10:45";"1";"75";"75116";"2";"7";"1";"3";"PLACE DU TROCADERO ET DU 11 NOVEMBRE";"48,86250637";"2,28680581"
"202400001845";"9";"07";"2024";"21:00";"1";"33";"33281";"2";"6";"8";"1";"N/A";"44,83720000";" -0,64663000"
"202400001846";"21";"03";"2024";"18:45";"1";"75";"75114";"2";"2";"1";"7";"AVENUE DE LA PORTE DE CHATILLON";"48,82261400";"2,31496700"
"202400001847";"21";"03";"2024";"09:15";"1";"75";"75114";"2";"3";"1";"3";"BOULEVARD JOURDAN";"48,82121200";"2,33429700"
"202400001848";"8";"07";"2024";"15:30";"1";"33";"33069";"2";"3";"1";"6";"N/A";"44,86358000";" -0,58193000"
"202400001849";"8";"07";"2024";"17:30";"1";"31";"31565";"1";"1";"1";"2";"D 8";"43,09415676";"0,68473041"
"202400001850";"9";"07";"2024";"09:06";"1";"29";"29232";"2";"1";"2";"7";"Rond-Point Philippe Lebon";"47,99492618";" -4,07245959"
"202400001851";"9";"07";"2024";"22:25";"5";"29";"29039";"2";"6";"2";"3";"Rue de Quimper";"47,88851000";" -3,91863000"
"202400001852";"9";"07";"2024";"23:25";"3";"25";"25056";"1";"1";"1";"6";"MALATE  CHEMIN DE LA";"47,22617000";"6,04225000"
"202400001853";"9";"07";"2024";"18:00";"1";"19";"19031";"2";"1";"1";"3";"ALVITRE (AVENUE ABBE)";"45,15346000";"1,50883000"
"202400001854";"9";"07";"2024";"07:50";"1";"17";"17306";"2";"1";"1";"3";"LAMY (BD FRANCK)";"45,62776000";" -1,01538000"
"202400001855";"9";"07";"2024";"04:25";"3";"17";"17380";"2";"1";"1";"7";"PALMYRE (AVENUE DE LA)";"45,65900000";" -1,12700000"
"202400001856";"7";"07";"2024";"01:55";"5";"14";"14327";"1";"1";"1";"6";"568 Route d'Ouistreham (ancienne)";"49,21741000";" -0,31225000"
"202400001857";"8";"07";"2024";"22:51";"5";"13";"13206";"2";"2";"1";"3";"PARADIS (RUE)";"43,29224000";"5,37731000"
"202400001858";"9";"07";"2024";"03:50";"5";"13";"13210";"2";"1";"1";"3";"PONT DE VIVAUX (BOULEVARD)";"43,27956000";"5,41761000"
"202400001859";"8";"07";"2024";"11:25";"1";"13";"13203";"2";"3";"1";"6";"CLOVIS HUGUES (RUE)";"43,31773000";"5,37413000"
"202400001860";"8";"07";"2024";"10:04";"1";"13";"13208";"2";"2";"1";"3";"LIANDIER (RUE)";"43,27844000";"5,39231000"
"202400001861";"8";"07";"2024";"22:05";"3";"13";"13098";"1";"1";"1";"1";"D.5";"43,44210000";"5,03025000"
"202400001862";"9";"07";"2024";"19:35";"1";"13";"13028";"2";"1";"1";"1";"AVENUE DE LA GARE";"43,19820000";"5,63270000"
"202400001863";"9";"07";"2024";"04:10";"3";"13";"13001";"1";"1";"1";"7";"BELLEC MAURICE (RTE DU COLONEL)";"43,57912000";"5,44919000"
"202400001864";"9";"07";"2024";"18:55";"1";"11";"11262";"2";"1";"1";"2";"60 Avenue du General Leclerc";"43,17473153";"2,99270153"
"202400001865";"8";"07";"2024";"17:15";"1";"10";"10387";"2";"1";"7";"6";"Rue de la Marne";"48,27965000";"4,06962000"
"202400001866";"9";"07";"2024";"11:08";"1";"07";"07102";"2";"6";"1";"3";"REPUBLIQUE (AV. DE LA) [DU N° AU N°]";"44,93944000";"4,86538000"
"202400001867";"9";"07";"2024";"16:20";"1";"06";"06088";"2";"1";"1";"5";"9 Boulevard Louis Braille";"43,71743000";"7,29430000"
"202400001868";"17";"09";"2024";"14:55";"1";"75";"75114";"2";"1";"1";"7";"BOULEVARD ROMAIN ROLLAND";"48,82099900";"2,32012200"
"202400001869";"3";"12";"2024";"08:30";"2";"76";"76165";"2";"3";"1";"1";"FAURE. RUE FELIX";"49,28701000";"1,02295000"
"202400001870";"9";"07";"2024";"19:05";"1";"06";"06069";"2";"1";"1";"7";"17 Chemin de Canteperdrix";"43,63948000";"6,90905000"
"202400001871";"18";"09";"2024";"15:10";"1";"75";"75113";"2";"5";"1";"7";"RUE WATT";"48,82626400";"2,37815200"
"202400001872";"18";"09";"2024";"13:35";"1";"76";"76575";"2";"2";"1";"3";"Avenue Maryse Bastié";"49,39149000";"1,06996000"
"202400001873";"9";"07";"2024";"12:10";"1";"05";"05023";"1";"1";"1";"1";"GAP (ROUTE DE   RN94)";"44,87019000";"6,60501000"
"202400001874";"22";"12";"2024";"23:00";"3";"26";"26340";"1";"3";"4";"7";"Route de Buis";"44,21585277";"5,54326773"
"202400001875";"18";"09";"2024";"12:30";"1";"75";"75111";"2";"3";"1";"3";"BOULEVARD VOLTAIRE";"48,85292500";"2,38858000"
"202400001876";"21";"12";"2024";"11:30";"1";"60";"60673";"2";"1";"1";"6";"Rue Principale";"49,61435200";"2,12855900"
"202400001877";"9";"07";"2024";"08:55";"1";"75";"75114";"2";"1";"1";"3";"BOULEVARD PERIPHERIQUE INTERIEUR";"48,82562300";"2,30096500"
"202400001878";"18";"09";"2024";"05:22";"5";"75";"75108";"2";"3";"1";"6";"PLACE SAINT AUGUSTIN";"48,87488250";"2,31985205"
"202400001879";"26";"09";"2024";"07:03";"3";"88";"88039";"1";"1";"2";"1";"D166";"48,30968100";"6,06089400"
"202400001880";"18";"10";"2024";"20:50";"5";"34";"34146";"2";"8";"1";"6";"132 avenue de la gare";"43,68119000";"4,09392400"
"202400001881";"18";"09";"2024";"13:45";"1";"94";"94081";"2";"1";"1";"6";"Avenue du Groupe Manouchian";"48,79404500";"2,40213200"
"202400001882";"8";"07";"2024";"18:15";"1";"75";"75119";"2";"1";"1";"4";"PORTE DES LILAS";"48,88912800";"2,39629700"
"202400001883";"11";"09";"2024";"10:00";"1";"59";"59603";"2";"2";"1";"6";"N/A";"50,32850500";"3,48333400"
"202400001884";"18";"09";"2024";"12:30";"1";"94";"94016";"2";"3";"1";"2";"Avenue de l'Europe";"48,78649000";"2,32448000"
"202400001885";"18";"09";"2024";"01:10";"5";"94";"94022";"2";"1";"1";"7";"Avenue Léon Gourdault";"48,76413481";"2,40593791"
"202400001886";"20";"11";"2024";"15:34";"1";"88";"88366";"2";"1";"1";"6";"Rue du Convers";"48,35990600";"5,89101700"
"202400001887";"9";"07";"2024";"13:46";"1";"75";"75113";"2";"2";"1";"3";"AVENUE DE LA PORTE DE CHOISY";"48,81739200";"2,36680300"
"202400001888";"28";"10";"2024";"04:20";"5";"88";"88487";"2";"3";"1";"1";"Grande Rue";"47,93142900";"6,49287700"
"202400001889";"18";"09";"2024";"09:40";"1";"94";"94068";"2";"3";"1";"6";"Rue Kléber";"48,79094566";"2,51565302"
"202400001890";"8";"07";"2024";"21:25";"5";"75";"75119";"2";"1";"1";"6";"PORTE DE LA VILLETTE";"48,90022300";"2,38200500"
"202400001891";"14";"06";"2024";"18:20";"1";"61";"61168";"2";"1";"1";"6";"Parking";"48,57550100";" -0,36997800"
"202400001892";"18";"09";"2024";"22:05";"5";"93";"93072";"2";"1";"1";"3";"HENNEQUIN (RUE)";"48,95757000";"2,37895000"
"202400001893";"9";"07";"2024";"19:30";"1";"75";"75117";"2";"1";"1";"3";"BOULEVARD DE COURCELLES";"48,88115800";"2,31535300"
"202400001894";"1";"08";"2024";"10:40";"1";"88";"88058";"1";"1";"7";"3";"Grande Rue";"48,32344700";"5,95992700"
"202400001895";"18";"09";"2024";"09:52";"1";"93";"93070";"2";"9";"1";"6";"ROSIERS(DES) : APRES 61";"48,90394668";"2,33918277"
"202400001896";"11";"12";"2024";"17:30";"3";"28";"28346";"1";"1";"1";"6";"Rue de la Mare aux Boeufs";"48,71238000";"1,09280700"
"202400001897";"9";"07";"2024";"10:25";"1";"75";"75117";"2";"1";"1";"6";"RUE DESCOMBES";"48,88448700";"2,29308700"
"202400001898";"8";"11";"2024";"08:45";"1";"85";"85194";"2";"1";"1";"6";"RUE EDOUARD BELIN";"46,51678387";" -1,78264976"
"202400001899";"18";"09";"2024";"16:40";"1";"93";"93064";"2";"1";"1";"6";"ALSACE-LORRAINE (BOULEVARD)";"48,88469559";"2,48312389"
"202400001900";"8";"07";"2024";"22:48";"3";"75";"75117";"2";"5";"1";"3";"AVENUE DE LA GRANDE ARMEE";"48,87571800";"2,28897300"
"202400001901";"7";"12";"2024";"22:40";"3";"35";"35291";"1";"1";"6";"1";"Lieu Dit Colombel";"48,59097600";" -1,63493500"
"202400001902";"17";"09";"2024";"22:05";"5";"93";"93077";"2";"3";"1";"3";"GRANDE RUE";"48,88264000";"2,52548000"
"202400001903";"21";"12";"2024";"09:15";"1";"49";"49331";"2";"3";"1";"3";"Rue David d?Angers";"47,68536500";" -0,86529200"
"202400001904";"9";"07";"2024";"17:25";"1";"75";"75116";"2";"2";"1";"3";"AVENUE DE LA GRANDE ARMEE";"48,87445100";"2,29295000"
"202400001905";"18";"09";"2024";"19:00";"1";"93";"93053";"2";"1";"1";"6";"ROGER SALENGRO (BLD)";"48,88369335";"2,45517879"
"202400001906";"8";"11";"2024";"06:00";"3";"91";"91359";"2";"1";"2";"6";"Avenue du Général de Gaulle";"48,39244000";"2,39201800"
"202400001907";"9";"07";"2024";"09:50";"1";"75";"75116";"2";"1";"1";"3";"RUE CHARDON LAGACHE";"48,84451800";"2,26623500"
"202400001908";"26";"11";"2024";"12:50";"1";"44";"44109";"2";"6";"1";"3";"29Bis Rue des Dervallières";"47,22192894";" -1,57846493"
"202400001909";"18";"09";"2024";"20:25";"5";"93";"93048";"2";"2";"1";"3";"PARIS (RUE DE)";"48,85756361";"2,43328183"
"202400001910";"8";"07";"2024";"16:55";"1";"75";"75116";"2";"1";"1";"3";"RUE SAINT DIDIER";"48,86721800";"2,28314800"
"202400001911";"21";"11";"2024";"15:17";"1";"44";"44109";"2";"6";"6";"6";"239 Route de Saint Joseph";"47,25019048";" -1,53006018"
"202400001912";"17";"09";"2024";"19:30";"1";"93";"93079";"2";"2";"1";"3";"HENRI BARBUSSE";"48,96173000";"2,34302000"
"202400001913";"9";"07";"2024";"09:45";"1";"75";"75113";"2";"1";"1";"3";"RUE DE L AMIRAL MOUCHEZ";"48,81997800";"2,34425100"
"202400001914";"15";"04";"2024";"14:05";"1";"75";"75118";"2";"3";"1";"3";"RUE DE LA CHAPELLE";"48,89704000";"2,35979000"
"202400001915";"8";"07";"2024";"13:55";"1";"75";"75112";"2";"3";"1";"6";"RUE AUDUBON";"48,84540100";"2,36971500"
"202400001916";"17";"09";"2024";"23:00";"5";"92";"92020";"2";"6";"1";"7";"DE GAULLE CARREFOUR CHARLES";"48,80071331";"2,28379816"
"202400001917";"19";"12";"2024";"14:50";"1";"69";"69270";"1";"6";"2";"2";"Rue Tony Garnier";"45,65097263";"4,92403100"
"202400001918";"8";"07";"2024";"08:50";"1";"75";"75112";"2";"3";"1";"1";"AVENUE DAUMESNIL";"48,83536000";"2,40657000"
"202400001919";"18";"09";"2024";"15:45";"1";"92";"92024";"2";"1";"1";"6";"VICTOR HUGO (BD)";"48,89777280";"2,31102705"
"202400001920";"16";"08";"2024";"16:59";"1";"44";"44109";"1";"1";"1";"2";"Pont de Cheviré";"47,19645918";" -1,61416617"
"202400001921";"11";"05";"2024";"11:20";"1";"44";"44190";"2";"1";"1";"3";"28 Rue Maurice Daniel";"47,20653594";" -1,50654753"
"202400001922";"18";"09";"2024";"17:15";"1";"92";"92023";"2";"1";"1";"3";"PETIT CLAMART (ROND POINT DU)";"48,77700837";"2,23025769"
"202400001923";"28";"06";"2024";"02:40";"5";"75";"75111";"2";"3";"1";"3";"BOULEVARD VOLTAIRE";"48,85162800";"2,39048200"
"202400001924";"10";"05";"2024";"10:50";"1";"44";"44143";"2";"6";"1";"3";"180 Rue du Genétais";"47,16136331";" -1,55496130"
"202400001925";"18";"09";"2024";"09:15";"1";"92";"92012";"2";"1";"1";"3";"REINE (ROUTE DE LA) 1/37- 6/80";"48,83897405";"2,24815339"
"202400001926";"9";"07";"2024";"16:50";"1";"75";"75110";"2";"2";"1";"6";"RUE LA FAYETTE";"48,88156400";"2,36582800"
"202400001927";"9";"07";"2024";"00:45";"5";"75";"75110";"2";"2";"1";"3";"RUE LOUIS BLANC";"48,87964000";"2,36810300"
"202400001928";"18";"09";"2024";"09:55";"1";"92";"92004";"2";"1";"1";"3";"GRESILLONS ( AVENUE DES  )";"48,91680587";"2,30621874"
"202400001929";"9";"07";"2024";"15:50";"1";"75";"75109";"2";"2";"1";"6";"RUE DU FAUBOURG MONTMARTRE";"48,87404900";"2,34243000"
"202400001930";"9";"07";"2024";"17:25";"1";"75";"75108";"2";"3";"8";"6";"AVENUE GEORGE V";"48,86759100";"2,30123900"
"202400001931";"17";"09";"2024";"23:15";"5";"92";"92002";"2";"2";"1";"3";"PRESIDENT KENNEDY (50 A LA FIN)";"48,73465955";"2,28538692"
"202400001932";"9";"07";"2024";"12:00";"1";"75";"75101";"2";"1";"1";"7";"QUAI FRANCOIS MITTERRAND";"48,85941200";"2,33639100"
"202400001933";"17";"09";"2024";"17:28";"1";"95";"95580";"2";"1";"1";"7";"D10";"49,08787967";"2,55616925"
"202400001934";"9";"07";"2024";"09:10";"1";"75";"75101";"2";"3";"1";"7";"RUE DE RIVOLI";"48,86534500";"2,32730200"
"202400001935";"18";"09";"2024";"19:40";"5";"39";"39333";"2";"1";"1";"6";"2 Rue du Jura";"46,43059500";"5,72605800"
"202400001936";"9";"07";"2024";"08:15";"1";"75";"75101";"2";"3";"1";"7";"RUE DE RIVOLI";"48,86634600";"2,32730200"