"Num_Acc";"jour";"mois";"an";"hrmn";"lum";"dep";"com";"agg";"int";"atm";"col";"adr";"lat";"long"
"202400002129";"16";"09";"2024";"17:50";"1";"78";"78440";"2";"1";"1";"3";"avenue de la République";"48,98629000";"1,91505000"
"202400002130";"29";"11";"2024";"06:29";"5";"83";"83126";"2";"1";"1";"1";"JUIN (AV MARECHAL)";"43,10779000";"5,87746000"
"202400002131";"30";"04";"2024";"17:14";"1";"92";"92024";"2";"1";"1";"6";"PIERRE BEREGOVOY (RUE)";"48,90473604";"2,30036545"
"202400002132";"17";"09";"2024";"07:00";"2";"78";"78297";"2";"3";"1";"6";"KESSEL (AVENUE JOSEPH)";"48,76555000";"2,05906000"
"202400002133";"29";"11";"2024";"17:50";"2";"81";"81065";"1";"1";"1";"2";"155 Route de Lavaur";"43,61558000";"2,19282000"
"202400002134";"30";"04";"2024";"06:24";"2";"92";"92002";"2";"2";"2";"3";"DIVISION LECLERC (1 A 29 -2 A 34)";"48,75139683";"2,30444580"
"202400002135";"17";"09";"2024";"05:20";"5";"78";"78208";"2";"1";"1";"6";"PETITE VILLEDIEU (AVENUE)";"48,76856000";"1,96448000"
"202400002136";"29";"11";"2024";"13:05";"1";"81";"81004";"2";"1";"1";"6";"TEMPORALITE (DE LA)";"43,92887000";"2,14283000"
"202400002137";"27";"11";"2024";"18:35";"5";"80";"80021";"2";"1";"1";"7";"Mail Albert 1er";"49,88885000";"2,29680000"
"202400002138";"17";"09";"2024";"21:30";"5";"78";"78498";"2";"1";"1";"1";"VILLIERS RUE DE";"48,92324000";"2,02709000"
"202400002139";"30";"04";"2024";"19:00";"1";"37";"37199";"1";"1";"1";"1";"D58";"47,06551692";"0,50462879"
"202400002140";"16";"09";"2024";"17:05";"1";"77";"77337";"2";"1";"1";"2";"ARCHE GUEDON (COURS DE L')";"48,85043000";"2,63163000"
"202400002141";"1";"05";"2024";"13:05";"1";"71";"71305";"1";"1";"1";"3";"A6";"46,48543700";"4,89292900"
"202400002142";"28";"11";"2024";"11:20";"1";"78";"78133";"2";"3";"1";"3";"CLOS DE LA FAMILLE (DU)";"48,90658000";"2,04736000"
"202400002143";"17";"09";"2024";"09:00";"1";"70";"70550";"2";"6";"1";"3";"Rue du Commandant Girardot";"47,61765000";"6,15388600"
"202400002144";"30";"04";"2024";"19:55";"2";"86";"86261";"2";"1";"1";"3";"11bis Route des Bordes";"46,58133100";"0,48173300"
"202400002145";"16";"09";"2024";"16:50";"1";"67";"67482";"2";"3";"2";"6";"HOPITAL (ROUTE DE L )";"48,57092000";"7,75086000"
"202400002146";"29";"11";"2024";"15:30";"1";"78";"78401";"2";"1";"1";"5";"RHIN ET DANUBE (PONT)";"49,00291000";"1,90652000"
"202400002147";"1";"05";"2024";"11:05";"1";"50";"50592";"2";"1";"8";"6";"Rue du Général de Gaulle";"48,97100800";" -1,06054000"
"202400002148";"17";"09";"2024";"16:15";"1";"66";"66136";"2";"1";"1";"6";"LECLERC (AVENUE DU GENERAL)";"42,70100000";"2,88953000"
"202400002149";"29";"11";"2024";"00:14";"3";"77";"77374";"1";"1";"1";"3";"D471";"48,79014000";"2,71446000"
"202400002150";"30";"04";"2024";"18:20";"1";"19";"19117";"1";"4";"2";"7";"Route Des Moulins";"45,09988074";"1,47799588"
"202400002151";"17";"09";"2024";"09:30";"1";"64";"64445";"2";"1";"1";"3";"ALSACE LORRAINE D'";"43,30197000";" -0,35896000"
"202400002152";"28";"11";"2024";"14:02";"1";"77";"77053";"2";"1";"1";"3";"RUE DE VILLEMENEUX";"48,68818700";"2,60374500"
"202400002153";"28";"11";"2024";"08:12";"2";"77";"77288";"2";"1";"1";"6";"MEAUX (AVENUE DE)";"48,54662000";"2,66322000"
"202400002154";"1";"05";"2024";"00:50";"3";"56";"56053";"1";"1";"2";"6";"lieu dit le pont guillemet";"47,74720200";" -2,56843000"
"202400002155";"16";"09";"2024";"19:20";"1";"64";"64102";"2";"1";"1";"3";"LOUIS DE FOIX (AVENUE)";"43,50449000";" -1,46720000"
"202400002156";"29";"11";"2024";"19:50";"5";"76";"76540";"2";"3";"1";"3";"Rue du Contrat Social";"49,44573000";"1,07932000"
"202400002157";"29";"11";"2024";"12:30";"1";"76";"76351";"2";"1";"1";"6";"Avenue Jean Jaurès";"49,50014345";"0,16394466"
"202400002158";"16";"09";"2024";"11:45";"1";"64";"64024";"2";"1";"1";"4";"ROUTE DE PITOYS";"43,46327000";" -1,52000000"
"202400002159";"28";"11";"2024";"14:05";"1";"72";"72181";"2";"1";"1";"6";"CHATEAUBRIAND RENE DE (RUE)";"48,00281000";"0,17055000"
"202400002160";"1";"05";"2024";"15:40";"1";"76";"76271";"1";"1";"1";"5";"Route du Bolhard";"49,56822500";"1,16344900"
"202400002161";"13";"09";"2024";"17:40";"1";"63";"63300";"2";"1";"1";"6";"VIRLOGEUX (AVENUE)";"45,89051841";"3,11711311"
"202400002162";"29";"11";"2024";"12:15";"1";"71";"71306";"2";"1";"1";"7";"MARECHAL LECLERC (AVENUE DU)";"46,68027000";"4,36908000"
"202400002163";"17";"09";"2024";"09:36";"1";"63";"63245";"1";"1";"1";"6";"RD446";"45,88453857";"3,07999746"
"202400002164";"27";"11";"2024";"11:30";"1";"69";"69256";"2";"2";"1";"6";"Avenue Gabriel Péri";"45,77641000";"4,91519000"
"202400002165";"17";"09";"2024";"16:30";"1";"63";"63014";"2";"1";"1";"3";"COURNON (AVENUE DE)";"45,75268000";"3,13216000"
"202400002166";"30";"04";"2024";"11:15";"1";"65";"65247";"2";"1";"1";"7";"Route d'Arrodets";"43,09001100";"0,04392900"
"202400002167";"28";"11";"2024";"23:05";"5";"69";"69271";"2";"1";"2";"6";"Boulevard Charles de Gaulle";"45,74386000";"4,93731000"
"202400002168";"17";"09";"2024";"16:15";"1";"63";"63113";"2";"1";"1";"6";"JOUHAUX (BD LEON)";"45,79323122";"3,11766565"
"202400002169";"28";"11";"2024";"19:05";"5";"69";"69290";"2";"1";"2";"6";"Rue de l'Egalité";"45,69690000";"4,94462000"
"202400002170";"30";"04";"2024";"11:30";"1";"65";"65395";"1";"8";"1";"3";"D937";"43,10706100";" -0,18590900"
"202400002171";"29";"11";"2024";"00:35";"3";"68";"68224";"1";"1";"5";"6";"VOIE RAPIDE NORD SUD";"47,76543799";"7,34615386"
"202400002172";"17";"09";"2024";"10:10";"1";"62";"62215";"2";"1";"1";"2";"route de meurchin";"50,49683859";"2,94851181"
"202400002173";"30";"04";"2024";"01:10";"3";"63";"63146";"1";"1";"3";"6";"lieu dit La peyrouse";"45,71663710";"3,37562598"
"202400002174";"29";"11";"2024";"19:45";"5";"67";"67043";"2";"1";"5";"1";"BISCHWILLER (ROUTE DE)";"48,61522000";"7,75274000"
"202400002175";"30";"04";"2024";"18:30";"1";"12";"12056";"1";"1";"1";"6";"D570";"44,28659500";"2,45788000"
"202400002176";"16";"09";"2024";"16:15";"1";"59";"59041";"2";"1";"1";"5";"Chaussée Brunehaut";"50,21434000";"3,84770000"
"202400002177";"29";"11";"2024";"17:35";"5";"67";"67482";"2";"3";"5";"3";"MOLIERE (AVENUE)";"48,59700000";"7,70300000"
"202400002178";"23";"04";"2024";"20:15";"1";"47";"47214";"1";"1";"1";"6";"Barbé";"44,31317807";"0,25253638"
"202400002179";"17";"09";"2024";"13:30";"1";"59";"59350";"2";"1";"1";"3";"Place Barthelemy Dorez";"50,61799100";"3,05006200"
"202400002180";"1";"05";"2024";"07:15";"2";"39";"39539";"1";"1";"8";"6";"Rue du Bois";"46,94638800";"5,70758000"
"202400002181";"28";"11";"2024";"11:45";"1";"67";"67180";"2";"1";"1";"4";"WEITBRUCH (ROUTE DE)";"48,80187000";"7,79145000"
"202400002182";"17";"09";"2024";"08:25";"1";"59";"59378";"2";"1";"1";"2";"REPUBLIQUE AV DE LA (N°829-931)";"50,66157000";"3,09542000"
"202400002183";"29";"11";"2024";"10:00";"1";"66";"66136";"2";"2";"7";"6";"Avenue Docteur Jean-Louis Torreilles";"42,69413000";"2,87225000"
"202400002184";"16";"09";"2024";"15:45";"1";"54";"54395";"2";"2";"8";"3";"Rue Saint Dizier";"48,69076673";"6,18250787"
"202400002185";"29";"04";"2024";"16:25";"1";"35";"35099";"1";"3";"1";"5";"Le Bois Gros Doigt";"48,06195200";" -1,55641600"
"202400002186";"16";"09";"2024";"09:50";"1";"54";"54300";"2";"1";"1";"2";"141 Rue Lucien Galtier";"48,66461000";"6,21740000"
"202400002187";"24";"04";"2024";"15:10";"1";"29";"29217";"1";"1";"1";"6";"RN165";"47,88490155";" -3,73622215"
"202400002188";"29";"11";"2024";"19:05";"5";"64";"64335";"1";"3";"1";"3";"JEAN JAURES";"43,31708000";" -0,42965000"
"202400002189";"17";"09";"2024";"08:28";"1";"51";"51454";"2";"3";"1";"3";"HUGO (BOULEVARD VICTOR)";"49,24625000";"4,04449000"
"202400002190";"29";"11";"2024";"16:20";"1";"64";"64335";"1";"1";"1";"3";"avenue de santona";"43,32567000";" -0,40706000"
"202400002191";"26";"04";"2024";"11:15";"1";"14";"14102";"1";"2";"1";"3";"121 Route Departementale 264";"49,22803400";"0,21199600"
"202400002192";"29";"11";"2024";"11:00";"1";"64";"64445";"2";"1";"1";"6";"PEBOUE";"43,30835000";" -0,33772000"
"202400002193";"16";"09";"2024";"16:30";"1";"51";"51454";"2";"1";"1";"1";"EPERNAY (AVENUE D') COTE PAIR";"49,23984500";"4,01367100"
"202400002194";"30";"04";"2024";"14:25";"1";"14";"14480";"1";"6";"1";"2";"Rue de la Mairie";"49,33159700";" -1,07384400"
"202400002195";"29";"11";"2024";"14:25";"1";"64";"64102";"1";"1";"1";"4";"SAINT BERNARD (CHEMIN DE)";"43,50132000";" -1,48210000"
"202400002196";"13";"09";"2024";"12:45";"1";"50";"50129";"2";"2";"1";"3";"PLYMOUTH (AVENUE DE)";"49,63089000";" -1,62201000"
"202400002197";"1";"05";"2024";"14:30";"1";"07";"07126";"1";"1";"2";"1";"route départementale 1 ROUTE D'AUBENAS";"44,45281400";"4,41542000"
"202400002198";"29";"11";"2024";"11:20";"1";"64";"64140";"1";"1";"1";"7";"GAULLE (AV CHARLES DE)";"43,52788000";" -1,47120000"
"202400002199";"17";"09";"2024";"08:54";"1";"49";"49328";"2";"2";"8";"3";"PONT FOUCHARD (RUE DU)";"47,24525200";" -0,09519200"
"202400002200";"30";"04";"2024";"22:20";"3";"23";"23255";"1";"1";"1";"6";"les Vétisons";"46,25127000";"2,24345300"
"202400002201";"29";"11";"2024";"08:15";"1";"63";"63212";"1";"3";"2";"3";"RD446 / ANTONIN MARCONNET (RUE )";"45,88177688";"3,09597194"
"202400002202";"1";"05";"2024";"17:45";"1";"52";"52550";"1";"1";"1";"6";"D2";"48,50929800";"4,94002800"
"202400002203";"16";"09";"2024";"12:35";"1";"47";"47001";"2";"1";"1";"3";"SERRES (AVENUE MICHEL)";"44,18593000";"0,62493000"
"202400002204";"28";"11";"2024";"15:40";"1";"60";"60159";"2";"6";"1";"3";"Rue de Noyon";"49,42188000";"2,82144000"
"202400002205";"1";"05";"2024";"10:15";"1";"24";"24331";"1";"2";"8";"3";"Route Henri de Navarre";"44,79223276";"0,40883303"
"202400002206";"17";"09";"2024";"15:20";"1";"45";"45234";"2";"1";"1";"6";"65 Rue Masse";"47,92590000";"1,89061000"
"202400002207";"29";"11";"2024";"08:45";"1";"59";"59599";"2";"1";"1";"2";"CHANZY (RUE)";"50,71878000";"3,15748000"
"202400002208";"16";"09";"2024";"13:25";"1";"44";"44109";"2";"1";"1";"6";"44 Rue du Landreau";"47,23184000";" -1,51734000"
"202400002209";"29";"11";"2024";"07:00";"5";"59";"59512";"2";"3";"5";"6";"COLMAR (BOULEVARD DE)";"50,69127000";"3,18968000"
"202400002210";"30";"04";"2024";"21:25";"3";"973";"97307";"1";"2";"1";"2";"RN1";"4,89393000";" -52,35455300"
"202400002211";"17";"09";"2024";"18:00";"1";"38";"38185";"2";"2";"1";"3";"BERRIAT (COURS)             1 A 55-72";"45,18784000";"5,72160000"
"202400002212";"29";"11";"2024";"19:55";"3";"59";"59008";"1";"1";"1";"2";"FENDALI (RUE)";"50,34466800";"3,25691600"
"202400002213";"30";"04";"2024";"21:35";"5";"42";"42005";"2";"2";"1";"1";"Avenue Benoit Fourneyron";"45,52048900";"4,27811500"
"202400002214";"17";"09";"2024";"11:39";"1";"38";"38053";"2";"1";"1";"6";"N/A";"45,59684587";"5,27416775"
"202400002215";"29";"11";"2024";"08:50";"1";"56";"56098";"2";"3";"1";"6";"Rue Jean-Marie Le Hen";"47,76221000";" -3,35075000"
"202400002216";"30";"04";"2024";"19:00";"3";"987";"98714";"1";"1";"1";"7";"Commerce AA FAANUI";" -16,48640900";" -151,75698800"
"202400002217";"30";"04";"2024";"10:55";"1";"45";"45144";"1";"1";"9";"7";"D12 PR 4 + 170";"47,81884600";"2,12956700"
"202400002218";"17";"09";"2024";"08:20";"1";"37";"37261";"2";"3";"1";"3";"POUSSIN (RUE NICOLAS)";"47,37350000";"0,68445000"
"202400002219";"29";"11";"2024";"13:30";"1";"54";"54339";"2";"1";"1";"2";"Rue du Colonel Driant";"48,70708890";"6,18949234"
"202400002220";"30";"04";"2024";"17:55";"1";"77";"77095";"1";"1";"2";"1";"D139";"48,96362600";"2,76714900"
"202400002221";"6";"11";"2024";"17:10";"1";"52";"52121";"2";"1";"1";"6";"LALOY (RUE)";"48,11057000";"5,13898000"
"202400002222";"17";"09";"2024";"18:25";"1";"35";"35115";"2";"2";"1";"1";"BONABRY (RUE DE)";"48,35278000";" -1,19216000"
"202400002223";"1";"05";"2024";"15:15";"1";"95";"95355";"1";"9";"1";"2";"D14";"49,15350666";"1,77687474"
"202400002224";"12";"09";"2024";"17:00";"1";"35";"35115";"2";"1";"1";"6";"BEFFROI (RUE DU)";"48,35428000";" -1,20447000"
"202400002225";"29";"11";"2024";"15:35";"1";"51";"51454";"2";"1";"1";"3";"EPERNAY (AVENUE D') COTE PAIR";"49,24458000";"4,01249000"
"202400002226";"1";"05";"2024";"18:26";"1";"78";"78147";"1";"1";"1";"6";"Route departementale 52";"49,00489300";"1,48591300"
"202400002227";"17";"09";"2024";"19:45";"5";"34";"34172";"2";"1";"3";"1";"MENDE (ROUTE DE)";"43,64864800";"3,86467700"
"202400002228";"29";"11";"2024";"11:15";"1";"51";"51454";"2";"2";"1";"6";"VENISE (RUE)";"49,24657500";"4,03189000"
"202400002229";"30";"04";"2024";"15:20";"1";"2A";"2A247";"2";"2";"1";"6";"#1 Voie Arena#";"41,61136700";"9,28667700"
"202400002230";"17";"09";"2024";"18:54";"1";"33";"33550";"2";"2";"1";"3";"N/A";"44,78036000";" -0,57207000"
"202400002231";"30";"04";"2024";"18:15";"2";"34";"34056";"1";"1";"1";"6";"D32";"43,42923900";"3,43598800"
"202400002232";"17";"09";"2024";"08:40";"2";"33";"33032";"2";"1";"1";"3";"N/A";"44,89931000";" -0,52885000"
"202400002233";"29";"11";"2024";"17:55";"5";"49";"49007";"2";"1";"1";"5";"FAURE QUAI";"47,48255000";" -0,54953000"
"202400002234";"30";"04";"2024";"17:45";"1";"34";"34058";"2";"1";"8";"5";"M610";"43,67948100";"4,00430700"
"202400002235";"17";"09";"2024";"17:05";"1";"31";"31555";"2";"1";"1";"2";"TRENTIN (BD SILVIO) DU 2AU 110";"43,62654562";"1,43290848"
"202400002236";"29";"11";"2024";"17:45";"1";"49";"49007";"2";"1";"1";"6";"SAINT MICHEL BOULEVARD";"47,47362000";" -0,54236000"
"202400002237";"17";"09";"2024";"18:00";"1";"29";"29232";"2";"1";"1";"1";"Rue Pierre Corneille";"47,99462500";" -4,13127200"
"202400002238";"29";"11";"2024";"14:35";"1";"46";"46042";"1";"1";"1";"4";"DEPARTEMENTALE N°811 (ENTRE MERCUES ET C";"44,49180000";"1,40618000"
"202400002239";"30";"04";"2024";"18:05";"1";"83";"83037";"1";"1";"1";"5";"D5";"43,36862800";"5,97363400"
"202400002240";"17";"09";"2024";"08:12";"5";"29";"29019";"2";"3";"1";"2";"rue de Bruxelles";"48,37535100";" -4,52823000"
"202400002241";"30";"11";"2024";"00:10";"5";"44";"44162";"2";"6";"5";"6";"Boulevard Marcel Paul";"47,22846000";" -1,63519000"
"202400002242";"30";"04";"2024";"07:30";"1";"13";"13093";"1";"1";"1";"7";"D561";"43,69288400";"5,38859900"
"202400002243";"16";"09";"2024";"14:50";"1";"29";"29019";"2";"6";"1";"6";"rue Jean Sebastien Bach";"48,39404000";" -4,52878000"
"202400002244";"28";"11";"2024";"19:00";"5";"43";"43157";"2";"1";"1";"6";"Route de Montredon";"45,04954000";"3,89658000"
"202400002245";"27";"04";"2024";"19:50";"1";"13";"13041";"2";"1";"1";"1";"Avenue Louise Michel";"43,45113100";"5,46900300"
"202400002246";"17";"09";"2024";"07:05";"2";"27";"27681";"2";"1";"1";"2";"CHAMPOURGS (RUE DES)";"49,08819000";"1,48968000"
"202400002247";"28";"11";"2024";"08:45";"1";"43";"43157";"1";"1";"8";"2";"RN88";"45,02768000";"3,90327000"
"202400002248";"1";"05";"2024";"01:30";"3";"57";"57620";"1";"1";"1";"1";"D181a";"49,20561200";"5,99460800"
"202400002249";"29";"04";"2024";"18:20";"1";"85";"85226";"2";"1";"1";"6";"Route du Perrier";"46,76813000";" -1,96258800"
"202400002250";"17";"09";"2024";"16:55";"1";"27";"27684";"2";"6";"1";"3";"Route de Paris";"49,01553000";"1,18744000"
"202400002251";"29";"11";"2024";"18:50";"3";"35";"35051";"1";"1";"1";"4";"EST (ROCADE)";"48,11213000";" -1,58486000"
"202400002252";"30";"04";"2024";"20:45";"1";"60";"60439";"2";"2";"2";"6";"Rue de l'Abattoir";"49,31466500";"2,32240900"
"202400002253";"17";"09";"2024";"16:55";"1";"27";"27229";"2";"1";"1";"2";"DEPORTES (RUE DES)";"49,01922000";"1,15598000"
"202400002254";"29";"11";"2024";"17:10";"2";"35";"35238";"2";"1";"1";"7";"LE GUILLOUX (HENRI)";"48,11504000";" -1,69925000"
"202400002255";"29";"04";"2024";"10:23";"1";"13";"13071";"1";"1";"1";"3";"A55-Sens Martigues vers Marseille";"43,39330763";"5,29952667"
"202400002256";"17";"09";"2024";"09:05";"1";"22";"22360";"2";"6";"1";"3";"ROND POINT DE BREZILLET";"48,49354000";" -2,76148000"
"202400002257";"29";"11";"2024";"16:55";"2";"35";"35238";"2";"1";"1";"5";"LORIENT (DE)";"48,10533000";" -1,73429000"
"202400002258";"29";"04";"2024";"00:45";"5";"83";"83137";"1";"1";"1";"6";"A50";"43,12535000";"5,90660000"
"202400002259";"30";"04";"2024";"09:41";"1";"33";"33550";"1";"1";"1";"6";"N/A";"44,78136900";" -0,58132700"
"202400002260";"29";"11";"2024";"15:15";"1";"35";"35238";"1";"1";"1";"2";"RN 136";"48,12968262";" -1,71067536"
"202400002261";"17";"09";"2024";"17:35";"1";"22";"22113";"2";"9";"1";"3";"MENDES FRANCE (BOULEVARD)";"48,73042119";" -3,46910834"
"202400002262";"25";"04";"2024";"12:45";"1";"33";"33013";"1";"1";"1";"4";"N/A";"44,86884000";" -0,50454000"
"202400002263";"29";"11";"2024";"12:20";"1";"35";"35238";"2";"1";"1";"3";"LE HO (JEAN)";"48,10600000";" -1,72359000"
"202400002264";"17";"09";"2024";"09:50";"1";"19";"19031";"2";"3";"1";"3";"KENNEDY (AVENUE JOHN)";"45,16743000";"1,55049000"
"202400002265";"29";"11";"2024";"02:09";"3";"34";"34336";"1";"9";"1";"7";"MEDITERRANEE (ROND POINT DE LA)";"43,32092000";"3,29226000"
"202400002266";"17";"09";"2024";"07:54";"1";"19";"19031";"2";"2";"1";"3";"BRUNE (BOULEVARD)";"45,15297000";"1,53532000"
"202400002267";"26";"04";"2024";"22:25";"5";"62";"62193";"1";"1";"2";"6";"A16";"50,93551070";"1,86643744"
"202400002268";"29";"11";"2024";"20:00";"5";"33";"33039";"2";"3";"1";"3";"N/A";"44,81063000";" -0,57389000"
"202400002269";"17";"09";"2024";"17:30";"1";"17";"17333";"1";"1";"1";"7";"EXPRESS (voie)";"45,60302000";" -0,97343000"
"202400002270";"29";"11";"2024";"13:00";"1";"33";"33318";"1";"1";"1";"6";"N/A";"44,76842000";" -0,71924000"
"202400002271";"30";"04";"2024";"17:54";"1";"91";"91228";"1";"1";"1";"5";"AUTOROUTE A6";"48,63150000";"2,40743000"
"202400002272";"28";"11";"2024";"18:35";"5";"33";"33119";"2";"6";"1";"3";"N/A";"44,85916000";" -0,53849000"
"202400002273";"17";"09";"2024";"19:30";"5";"13";"13106";"2";"1";"3";"5";"APT (ROUTE D')";"43,40156448";"5,36431208"
"202400002274";"30";"04";"2024";"08:25";"2";"91";"91589";"1";"1";"2";"3";"AUTOROUTE A6";"48,67460000";"2,34190000"
"202400002275";"29";"11";"2024";"11:35";"1";"31";"31555";"2";"1";"1";"3";"BD DE SUISSE";"43,61997000";"1,42392000"
"202400002276";"17";"09";"2024";"17:10";"1";"13";"13214";"2";"9";"1";"6";"MORETTI (BOULEVARD)";"43,32478000";"5,38435000"
"202400002277";"30";"04";"2024";"18:05";"1";"78";"78646";"1";"1";"1";"3";"RN12";"48,79218400";"2,09413700"
"202400002278";"20";"11";"2024";"17:45";"5";"31";"31555";"2";"1";"2";"6";"GUESDE (ALL JULES) DU 1AU 3";"43,59300000";"1,44444000"
"202400002279";"17";"09";"2024";"15:50";"1";"13";"13213";"2";"1";"1";"3";"PAUL LANGEVIN (RUE)";"43,33848000";"5,43263000"
"202400002280";"30";"04";"2024";"12:00";"1";"95";"95018";"1";"1";"1";"3";"A15";"48,95858710";"2,27405291"
"202400002281";"27";"11";"2024";"15:40";"1";"31";"31555";"2";"1";"1";"2";"STRASBOURG (BD DE) DU 2AU 66";"43,60630000";"1,44827000"
"202400002282";"16";"09";"2024";"20:30";"5";"13";"13214";"2";"1";"1";"3";"SAINTE MARTHE (chemin)";"43,33382000";"5,39024000"
"202400002283";"30";"04";"2024";"07:10";"2";"93";"93010";"1";"1";"1";"2";"A3";"48,91421205";"2,47719385"
"202400002284";"29";"11";"2024";"20:54";"5";"29";"29232";"2";"1";"1";"2";"Avenue de la Liberation";"47,98524215";" -4,07386660"
"202400002285";"17";"09";"2024";"11:25";"1";"13";"13213";"2";"1";"1";"3";"ALPHONSE DAUDET (RUE)";"43,31939000";"5,40861000"
"202400002286";"30";"04";"2024";"19:30";"1";"77";"77372";"1";"1";"1";"3";"A104";"48,89416300";"2,66551100"
"202400002287";"29";"11";"2024";"20:33";"5";"25";"25539";"2";"1";"1";"1";"BERNE (RUE DE)";"47,45431000";"6,87536000"
"202400002288";"17";"09";"2024";"08:45";"1";"13";"13209";"2";"1";"7";"1";"CHE DE LA COLLINE SAINT JOSEPH";"43,25613000";"5,41156000"
"202400002289";"30";"04";"2024";"15:25";"1";"94";"94073";"1";"1";"1";"2";"A86";"48,75384198";"2,38000556"
"202400002290";"16";"09";"2024";"15:55";"1";"13";"13209";"2";"1";"1";"3";"REDON (BOULEVARD DU)";"43,25101747";"5,42207036"
"202400002291";"21";"11";"2024";"13:20";"1";"22";"22113";"2";"2";"3";"1";"PLACENN AR GUER (CHEMIN DE)";"48,74800000";" -3,45890000"
"202400002292";"30";"04";"2024";"02:45";"3";"94";"94046";"1";"1";"1";"6";"A86";"48,81309216";"2,44867926"
"202400002293";"16";"09";"2024";"08:41";"1";"13";"13207";"2";"2";"1";"3";"PAUL CODACCIONI (RUE)";"43,28795000";"5,36060000"
"202400002294";"29";"11";"2024";"11:25";"1";"17";"17415";"2";"2";"1";"1";"LORMONT RUE DE";"45,74679000";" -0,61476000"
"202400002295";"16";"09";"2024";"21:30";"5";"10";"10387";"2";"1";"1";"7";"Boulevard Danton";"48,30179000";"4,07528000"
"202400002296";"29";"04";"2024";"18:00";"1";"77";"77121";"1";"1";"1";"2";"A4";"48,83126000";"2,68235700"
"202400002297";"29";"11";"2024";"10:15";"1";"17";"17415";"2";"1";"1";"2";"PORT D'ENVAUX ROUTE DE";"45,76474000";" -0,64145000"
"202400002298";"17";"09";"2024";"19:10";"1";"07";"07281";"2";"1";"1";"6";"REPUBLIQUE (RUE DE LA)";"44,94590000";"4,84369000"
"202400002299";"27";"02";"2024";"21:00";"5";"95";"95218";"2";"1";"1";"6";"ROGER SALENGRO (AVENUE)";"49,01767600";"2,11205300"
"202400002300";"29";"11";"2024";"08:58";"1";"17";"17306";"1";"1";"7";"2";"EXPRESS (VOIE)";"45,63099000";" -1,00694000"
"202400002301";"17";"09";"2024";"10:28";"1";"01";"01344";"2";"1";"1";"2";"TREVOUX (AVENUE DE)";"46,20164000";"5,20737000"
"202400002302";"29";"11";"2024";"06:31";"5";"17";"17300";"2";"2";"1";"3";"ORBIGNY   RUE ALCIDE D'";"46,16424000";" -1,14891000"
"202400002303";"17";"09";"2024";"17:30";"1";"75";"75117";"2";"1";"1";"2";"ECHANGEUR MAILLOT";"48,88016671";"2,28125632"
"202400002304";"29";"11";"2024";"12:20";"1";"14";"14366";"2";"1";"1";"3";"37 Avenue du 6 Juin";"49,14356000";"0,21950000"
"202400002305";"17";"09";"2024";"13:13";"1";"75";"75117";"2";"2";"1";"6";"BOULEVARD DES BATIGNOLLES";"48,88303500";"2,32402300"
"202400002306";"29";"11";"2024";"09:10";"1";"14";"14167";"1";"2";"7";"3";"32 Rue Jean Monnet";"49,19135000";" -0,29564000"
"202400002307";"29";"04";"2024";"10:00";"1";"987";"98736";"1";"1";"1";"4";"CHARLES DE GAULLE (AV)";" -17,52682000";" -149,54505000"
"202400002308";"17";"09";"2024";"09:20";"1";"75";"75106";"2";"3";"1";"6";"BOULEVARD SAINT MICHEL";"48,85274800";"2,34384700"
"202400002309";"29";"11";"2024";"17:25";"5";"10";"10333";"2";"6";"1";"3";"LOMBARDS (AVENUE)";"48,27850000";"4,06660000"
"202400002310";"28";"04";"2024";"01:39";"5";"987";"98736";"2";"1";"1";"3";"ARIIPAEA POMARE (AV)";" -17,53385000";" -149,54730000"
"202400002311";"17";"09";"2024";"01:20";"5";"75";"75119";"2";"2";"1";"3";"RUE MANIN";"48,88304600";"2,38545200"
"202400002312";"29";"11";"2024";"14:00";"1";"10";"10387";"2";"2";"1";"1";"Rue de Preize";"48,31410000";"4,06130000"
"202400002313";"17";"09";"2024";"21:00";"3";"75";"75117";"2";"1";"1";"1";"BOULEVARD DE COURCELLES";"48,88115500";"2,31461500"
"202400002314";"29";"04";"2024";"16:55";"1";"974";"97416";"2";"1";"1";"3";"LEBLOND 1 (RUE MARIUS ET ARY)";" -21,33590000";"55,46901000"
"202400002315";"28";"11";"2024";"16:40";"1";"10";"10357";"2";"1";"1";"4";"ROCADE EST (RD 610)";"48,27902000";"4,12359000"
"202400002316";"16";"09";"2024";"12:30";"1";"75";"75117";"2";"2";"1";"6";"BOULEVARD BERTHIER";"48,88791300";"2,29976800"
"202400002317";"29";"04";"2024";"07:30";"1";"974";"97411";"2";"1";"1";"2";"MACE (ROUTE GABRIEL)";" -20,90830040";"55,50335276"
"202400002318";"28";"11";"2024";"14:30";"1";"10";"10387";"2";"2";"1";"6";"Boulevard Gambetta";"48,29875000";"4,07051000"
"202400002319";"17";"09";"2024";"17:45";"1";"75";"75116";"2";"2";"1";"6";"AVENUE DE VERSAILLES";"48,84071300";"2,26500900"
"202400002320";"27";"04";"2024";"05:15";"3";"973";"97302";"2";"9";"1";"7";"MADELEINE (ROUTE DE LA)";"4,91713000";" -52,32148000"
"202400002321";"29";"11";"2024";"04:45";"5";"08";"08480";"2";"9";"5";"6";"N/A";"49,74270000";"4,73939000"