"Num_Acc";"jour";"mois";"an";"hrmn";"lum";"dep";"com";"agg";"int";"atm";"col";"adr";"lat";"long"
"202400003490";"10";"08";"2024";"11:10";"1";"74";"74275";"1";"9";"1";"7";"D42";"45,81673400";"6,24439500"
"202400003491";"20";"08";"2024";"16:20";"1";"74";"74080";"1";"1";"1";"7";"D909";"45,87984422";"6,44777083"
"202400003492";"24";"07";"2024";"17:39";"1";"74";"74058";"1";"1";"1";"7";"D22";"46,28212400";"6,82001000"
"202400003493";"2";"07";"2024";"10:45";"1";"74";"74043";"1";"1";"1";"2";"Avenue des fully";"46,27299200";"6,34197600"
"202400003494";"5";"07";"2024";"20:00";"1";"74";"74006";"2";"1";"1";"6";"559 Route du chef lieu";"46,00095800";"6,11788500"
"202400003495";"27";"07";"2024";"16:55";"1";"74";"74105";"2";"1";"1";"2";"Avenue du bas chablais";"46,31026300";"6,30162500"
"202400003496";"29";"06";"2024";"16:40";"1";"74";"74010";"2";"1";"1";"6";"2 Rue de sansy (Annecy)";"45,88838400";"6,11548000"
"202400003497";"21";"07";"2024";"22:45";"3";"74";"74312";"1";"1";"1";"7";"A40";"46,06998000";"6,47608000"
"202400003498";"24";"06";"2024";"18:55";"1";"74";"74043";"2";"6";"1";"6";"Avenue louis armand";"46,26595300";"6,36831000"
"202400003499";"22";"03";"2024";"17:45";"1";"75";"75112";"2";"1";"1";"3";"QUAI DE BERCY";"48,83290000";"2,38350000"
"202400003500";"22";"03";"2024";"12:10";"1";"75";"75111";"2";"7";"1";"2";"PLACE DE LA BASTILLE";"48,85351700";"2,36955300"
"202400003501";"22";"03";"2024";"07:40";"1";"75";"75111";"2";"7";"1";"6";"BOULEVARD VOLTAIRE";"48,85770700";"2,38037600"
"202400003502";"22";"03";"2024";"18:44";"2";"75";"75110";"2";"4";"1";"6";"RUE DU FAUBOURG SAINT MARTIN";"48,87610242";"2,36062843"
"202400003503";"22";"03";"2024";"13:17";"1";"75";"75104";"2";"3";"1";"7";"QUAI DE L HOTEL DE VILLE";"48,85443400";"2,35502100"
"202400003504";"22";"03";"2024";"13:40";"1";"94";"94074";"2";"1";"1";"2";"Avenue Henri Barbusse";"48,76515514";"2,44172913"
"202400003505";"21";"03";"2024";"19:45";"5";"94";"94068";"2";"2";"1";"3";"Boulevard de la Marne / Avenue de Bonneuil";"48,79169534";"2,50363049"
"202400003506";"21";"03";"2024";"13:10";"1";"94";"94068";"2";"1";"1";"3";"Avenue Raspail";"48,78624000";"2,48568000"
"202400003507";"22";"03";"2024";"16:45";"1";"94";"94076";"2";"2";"1";"6";"Rue Jean Baptiste Clément / Boulevard Paul Vaillant Couturier";"48,79577700";"2,36764800"
"202400003508";"21";"03";"2024";"05:07";"5";"94";"94037";"2";"9";"1";"3";"Rue Gabriel Péri / Rue Jacques Destrée";"48,81570158";"2,35612075"
"202400003509";"21";"03";"2024";"09:55";"1";"94";"94033";"2";"1";"1";"6";"Avenue du Val de Fontenay";"48,85378702";"2,48785615"
"202400003510";"22";"03";"2024";"09:00";"1";"93";"93048";"2";"2";"1";"6";"Rue Parmentier / Rue Etienne Marcel";"48,85763000";"2,42771000"
"202400003511";"22";"03";"2024";"18:20";"1";"93";"93057";"2";"3";"1";"6";"Avenue Aristide Briand / Rue Georges";"48,90787000";"2,49385900"
"202400003512";"22";"03";"2024";"08:00";"1";"93";"93005";"2";"2";"1";"5";"Rue Paul Cézanne / Rue Fernand de Magellan";"48,95287700";"2,49448000"
"202400003513";"22";"03";"2024";"00:10";"5";"92";"92046";"2";"1";"1";"6";"CAMELINAT";"48,81233672";"2,29934514"
"202400003514";"22";"03";"2024";"22:10";"5";"92";"92050";"2";"1";"2";"6";"REPUBLIQUE AVENUE DE LA";"48,90964366";"2,21753526"
"202400003515";"21";"03";"2024";"07:43";"1";"92";"92050";"2";"3";"1";"3";"GRANDS PRES RUE DES";"48,91006358";"2,21511680"
"202400003516";"21";"03";"2024";"08:10";"1";"92";"92050";"1";"4";"1";"2";"PREMIER MAI RUE DU";"48,91867237";"2,22263512"
"202400003517";"22";"03";"2024";"07:00";"2";"92";"92048";"2";"1";"1";"7";"SORRIERES (RUE DES)";"48,81625395";"2,24470791"
"202400003518";"22";"03";"2024";"18:20";"1";"92";"92036";"2";"3";"1";"3";"GRESILLONS (AVENUE DES) (103/139)";"48,91805388";"2,30924816"
"202400003519";"21";"03";"2024";"17:50";"1";"92";"92036";"2";"1";"1";"6";"GABRIEL PERI (AVENUE) (147/177)";"48,92339175";"2,29471993"
"202400003520";"22";"03";"2024";"00:10";"5";"92";"92036";"2";"3";"1";"3";"SORTIE A 86";"48,93818781";"2,30049200"
"202400003521";"22";"03";"2024";"14:30";"1";"92";"92026";"2";"1";"1";"3";"VERDUN (DE 01 A 61)";"48,89985074";"2,26136148"
"202400003522";"22";"03";"2024";"13:05";"1";"92";"92026";"2";"1";"1";"6";"PRÉSIDENT PAUL DOUMER (QUAI DU)";"48,89117376";"2,25759512"
"202400003523";"21";"03";"2024";"20:15";"2";"92";"92023";"2";"6";"1";"1";"HENRI BARBUSSE (AVENUE)";"48,80538476";"2,25922018"
"202400003524";"22";"03";"2024";"12:45";"1";"92";"92019";"2";"3";"1";"6";"DIVISION LECLERC (AVENUE DE LA)";"48,76552161";"2,26034492"
"202400003525";"21";"03";"2024";"08:55";"1";"92";"92012";"2";"1";"1";"3";"ANDRE MORIZET (AVENUE) 1/47 - 2/52";"48,83519313";"2,24099225"
"202400003526";"21";"03";"2024";"10:24";"1";"92";"92004";"2";"3";"1";"6";"PIERRE DURAND";"48,90971430";"2,28987318"
"202400003527";"7";"03";"2024";"11:50";"1";"49";"49092";"2";"6";"1";"3";"Rue du Docteur Joseph Barbary (Chemillé)";"47,21678800";" -0,72063400"
"202400003528";"22";"03";"2024";"19:50";"3";"76";"76041";"1";"1";"2";"3";"A29 PK 068+200";"49,64304700";"0,75573700"
"202400003529";"22";"03";"2024";"15:40";"1";"972";"97213";"1";"1";"7";"3";"Pelletier";"14,65510700";" -60,97315600"
"202400003530";"23";"03";"2024";"12:30";"1";"63";"63446";"1";"2";"1";"5";"D2009 / D83";"46,05418400";"3,20735100"
"202400003531";"22";"03";"2024";"14:50";"1";"29";"29053";"1";"1";"8";"6";"N165";"48,30351320";" -4,18494774"
"202400003532";"22";"03";"2024";"20:55";"3";"47";"47233";"1";"1";"1";"1";"Bordeneuve";"44,54507320";"0,08754680"
"202400003533";"22";"03";"2024";"14:34";"1";"62";"62499";"1";"3";"2";"3";"D901";"50,37822474";"1,72883892"
"202400003534";"23";"03";"2024";"14:05";"1";"56";"56033";"1";"1";"1";"6";"Lezalain";"47,81658700";" -2,08492400"
"202400003535";"22";"03";"2024";"21:40";"5";"77";"77159";"2";"1";"1";"7";"24 Rue du Montpensier";"48,47965700";"3,13953600"
"202400003536";"22";"03";"2024";"17:30";"1";"76";"76228";"1";"2";"2";"5";"Route de la Voie Romaine";"49,63649500";"0,82038000"
"202400003537";"23";"03";"2024";"13:30";"1";"2B";"2B319";"1";"1";"1";"6";"RT10";"42,41430100";"9,52992100"
"202400003538";"22";"03";"2024";"20:40";"3";"65";"65284";"1";"1";"1";"4";"Route de Juillan";"43,18644300";"0,01725700"
"202400003539";"23";"03";"2024";"14:50";"1";"63";"63453";"2";"1";"1";"7";"Avenue Jean Moulin";"45,78506700";"3,29014800"
"202400003540";"23";"03";"2024";"12:00";"1";"76";"76711";"2";"3";"1";"3";"Avenue Jules Massenet";"50,05653300";"1,38420200"
"202400003541";"21";"03";"2024";"19:45";"3";"49";"49008";"1";"1";"1";"2";"D770";"47,57665200";" -0,94728600"
"202400003542";"21";"03";"2024";"14:00";"1";"42";"42234";"1";"3";"1";"3";"Route de Fontanès";"45,52781700";"4,38410300"
"202400003543";"22";"03";"2024";"21:15";"3";"25";"25240";"1";"1";"1";"1";"D461";"47,04758800";"6,63940100"
"202400003544";"22";"03";"2024";"15:22";"1";"25";"25529";"2";"1";"1";"3";"1 Route de Clerval";"47,30915400";"6,59453800"
"202400003545";"21";"03";"2024";"08:20";"1";"38";"38044";"2";"4";"7";"3";"D520";"45,49181800";"5,38544700"
"202400003546";"23";"03";"2024";"11:20";"1";"02";"02665";"1";"1";"1";"5";"N/A";"49,25424900";"3,36812500"
"202400003547";"23";"03";"2024";"00:30";"3";"02";"02261";"2";"1";"2";"3";"Rue de Crécy";"49,70013200";"3,68221700"
"202400003548";"22";"03";"2024";"15:45";"1";"54";"54076";"2";"9";"1";"2";"Rue de la Gare";"48,55946000";"6,39958000"
"202400003549";"23";"03";"2024";"06:00";"3";"72";"72021";"1";"1";"1";"6";"Lieu Dit Chambourdon";"47,86453300";" -0,16072900"
"202400003550";"22";"03";"2024";"05:45";"3";"72";"72143";"1";"1";"1";"1";"D304";"47,84451500";"0,48196100"
"202400003551";"23";"03";"2024";"12:00";"1";"14";"14578";"1";"1";"1";"3";"D579";"49,36969800";"0,21011400"
"202400003552";"23";"03";"2024";"15:00";"1";"90";"90007";"1";"1";"1";"1";"RN 19";"47,59181000";"6,79860600"
"202400003553";"23";"03";"2024";"18:30";"1";"09";"09189";"1";"1";"1";"1";"Les Bordes d?En Haut";"42,63004000";"1,82577500"
"202400003554";"23";"03";"2024";"09:10";"1";"09";"09328";"1";"1";"1";"1";"RN 20";"42,79072937";"1,68438032"
"202400003555";"22";"03";"2024";"17:00";"1";"21";"21614";"1";"2";"1";"3";"D112";"47,44157300";"5,21042000"
"202400003556";"23";"03";"2024";"15:10";"1";"21";"21196";"1";"1";"1";"1";"RD974";"46,93327400";"4,75186300"
"202400003557";"22";"03";"2024";"17:50";"1";"85";"85254";"1";"2";"1";"3";"D960 bis";"46,79854600";" -0,72511900"
"202400003558";"23";"03";"2024";"07:50";"1";"52";"52550";"1";"9";"1";"6";"Rue de la Madeleine";"48,50887200";"4,94032900"
"202400003559";"22";"03";"2024";"18:20";"1";"52";"52425";"1";"1";"7";"3";"D 140 A";"47,64058700";"5,22419800"
"202400003560";"22";"03";"2024";"18:00";"2";"18";"18140";"1";"1";"1";"3";"N/A";"47,13935100";"1,96406400"
"202400003561";"8";"07";"2024";"01:40";"3";"82";"82051";"1";"1";"1";"6";"Route de Moissac";"44,17786400";"1,13476800"
"202400003562";"9";"07";"2024";"17:55";"1";"82";"82088";"2";"1";"1";"7";"D922";"44,15162400";"1,97730800"
"202400003563";"22";"03";"2024";"20:45";"3";"31";"31161";"1";"1";"1";"2";"Autoroute A61, point kilomérique 250+980";"43,48145269";"1,55249411"
"202400003564";"9";"07";"2024";"21:00";"2";"65";"65119";"1";"1";"1";"6";"D7";"43,41591200";"0,03510500"
"202400003565";"23";"03";"2024";"10:15";"1";"51";"51507";"1";"1";"4";"7";"autoroute A4";"49,08640300";"4,97036900"
"202400003566";"23";"03";"2024";"15:45";"1";"988";"98827";"1";"1";"1";"7";"Presqu'île de Muéo - Népoui";" -21,31922100";"164,99402800"
"202400003567";"9";"07";"2024";"21:35";"3";"71";"71173";"1";"2";"2";"3";"5 Route de Quain";"46,74901400";"5,17721600"
"202400003568";"22";"03";"2024";"16:00";"1";"973";"97306";"1";"1";"1";"1";"CD 9 PK 30";"5,59853300";" -53,70629000"
"202400003569";"9";"07";"2024";"11:55";"1";"63";"63430";"1";"1";"1";"6";"D906";"45,83625600";"3,50634500"
"202400003570";"10";"07";"2024";"14:55";"1";"12";"12177";"1";"4";"1";"1";"D45";"44,41338300";"2,88316000"
"202400003571";"9";"07";"2024";"17:45";"1";"12";"12224";"2";"1";"1";"7";"Route des Plantiers";"44,46974500";"2,96890000"
"202400003572";"23";"03";"2024";"09:30";"1";"30";"30010";"1";"1";"1";"1";"Anduze";"44,04159200";"3,98478600"
"202400003573";"9";"07";"2024";"23:45";"5";"12";"12048";"2";"1";"2";"6";"Route d'Entraygues Lieu-dit Banhars";"44,67131100";"2,57897900"
"202400003574";"23";"03";"2024";"15:10";"1";"34";"34128";"2";"1";"1";"1";"Rue du Chemin Neuf";"43,91899000";"3,72649000"
"202400003575";"9";"07";"2024";"18:35";"1";"68";"68134";"2";"2";"1";"3";"D1";"48,01668300";"7,30847200"
"202400003576";"23";"03";"2024";"18:25";"2";"13";"13084";"1";"4";"1";"1";"D561";"43,72399400";"5,31552700"
"202400003577";"9";"07";"2024";"22:50";"3";"39";"39056";"1";"1";"2";"1";"N/A";"46,75293800";"5,43953000"
"202400003578";"18";"03";"2024";"08:00";"1";"67";"67313";"2";"1";"2";"6";"60 Rue du Marechal Foch";"48,53856600";"7,45375000"
"202400003579";"23";"03";"2024";"12:20";"1";"42";"42051";"1";"9";"1";"7";"Montée du Château d'Eau";"45,48417600";"4,71381100"
"202400003580";"9";"07";"2024";"21:56";"5";"25";"25240";"1";"2";"1";"1";"D437";"47,07569700";"6,61779300"
"202400003581";"21";"03";"2024";"13:00";"1";"26";"26085";"1";"2";"1";"3";"Route Nationale 7";"44,50452500";"4,74379800"
"202400003582";"8";"07";"2024";"22:40";"3";"44";"44130";"1";"1";"1";"1";"N/A";"47,10899000";" -1,54508500"
"202400003583";"23";"03";"2024";"17:30";"1";"07";"07324";"1";"1";"1";"6";"197 Route de Lamastre";"45,06516000";"4,79353100"
"202400003584";"10";"07";"2024";"12:45";"1";"44";"44223";"2";"1";"1";"6";"3 Rue  Jean-Baptiste Legeay";"47,05557800";" -1,51287900"
"202400003585";"23";"03";"2024";"11:05";"1";"01";"01043";"2";"1";"1";"3";"Route Departementale 1084";"45,83314300";"4,99185400"
"202400003586";"10";"07";"2024";"05:30";"3";"44";"44119";"1";"1";"1";"6";"1 le Grenit";"46,98476800";" -1,78368500"
"202400003587";"22";"03";"2024";"00:10";"3";"85";"85016";"1";"1";"1";"6";"RD978";"46,65826000";" -1,62316000"
"202400003588";"22";"03";"2024";"17:00";"1";"60";"60342";"2";"1";"1";"6";"D262";"49,31137500";"2,44916000"
"202400003589";"10";"07";"2024";"12:20";"1";"35";"35023";"2";"6";"1";"3";"TOURNEBRIDE";"48,20842900";" -1,94149200"
"202400003590";"9";"07";"2024";"13:00";"1";"35";"35117";"1";"1";"3";"2";"D166";"48,13006200";" -2,23217700"
"202400003591";"10";"07";"2024";"06:25";"2";"29";"29220";"1";"1";"1";"7";"Rue des Déportés";"47,85750500";" -4,22410400"
"202400003592";"22";"03";"2024";"23:00";"5";"60";"60057";"2";"2";"1";"3";"Rue Pierre et Marie Curie";"49,40849300";"2,11245400"
"202400003593";"10";"07";"2024";"13:15";"1";"58";"58245";"1";"1";"1";"1";"Saint-Hilaire-Fontaine";"46,80705800";"3,64928500"
"202400003594";"22";"03";"2024";"15:50";"1";"59";"59611";"1";"1";"2";"1";"Rue de Lambersart";"50,67225800";"3,00318900"
"202400003595";"23";"03";"2024";"03:50";"3";"59";"59044";"1";"1";"1";"6";"Rue de Tournai";"50,60759100";"3,26508500"
"202400003596";"10";"07";"2024";"15:35";"1";"66";"66036";"1";"1";"1";"1";"RD 66";"42,52119506";"2,20713615"
"202400003597";"22";"03";"2024";"16:47";"1";"13";"13211";"1";"1";"1";"2";"A50-Sens Aubagne vers Marseille";"43,29060006";"5,48826347"
"202400003598";"10";"07";"2024";"11:30";"1";"06";"06120";"1";"9";"1";"7";"route de la bonette";"44,30570100";"6,90495000"
"202400003599";"7";"07";"2024";"12:40";"1";"06";"06073";"1";"1";"1";"6";"M97";"44,19843600";"7,12562100"
"202400003600";"22";"03";"2024";"21:45";"5";"33";"33550";"1";"1";"1";"3";"N/A";"44,77167600";" -0,55528300"
"202400003601";"9";"07";"2024";"06:33";"2";"90";"90091";"1";"6";"7";"2";"D83";"47,68983800";"6,95990300"
"202400003602";"20";"03";"2024";"17:20";"1";"33";"33162";"1";"1";"1";"4";"N/A";"44,87884000";" -0,62907000"
"202400003603";"9";"07";"2024";"10:00";"1";"21";"21071";"1";"1";"1";"7";"D30h";"47,45843200";"5,30328500"
"202400003604";"7";"07";"2024";"20:45";"1";"40";"40011";"1";"1";"1";"6";"577 route d'amou";"43,57563593";" -0,78661859"
"202400003605";"21";"03";"2024";"04:35";"4";"59";"59359";"1";"1";"1";"5";"AUTOROUTE A16";"50,98405000";"2,22903000"
"202400003606";"9";"07";"2024";"16:35";"1";"24";"24520";"2";"1";"1";"6";"31 Avenue de la Dordogne";"44,87225631";"1,20986044"
"202400003607";"22";"03";"2024";"15:00";"1";"91";"91549";"1";"1";"1";"4";"RN 104";"48,62537000";"2,33599000"
"202400003608";"10";"07";"2024";"08:20";"1";"85";"85289";"1";"1";"1";"6";"D128";"46,67516170";" -0,65538380"
"202400003609";"22";"03";"2024";"11:56";"1";"91";"91136";"1";"1";"1";"4";"AUTOROUTE A10";"48,71353900";"2,28667500"
"202400003610";"14";"06";"2024";"18:10";"1";"85";"85108";"2";"3";"1";"3";"17 Rue georges clemenceau";"46,90678100";" -1,37768700"
"202400003611";"22";"03";"2024";"18:05";"1";"78";"78073";"1";"1";"1";"2";"RN12 EXT";"48,79871000";"2,00248000"
"202400003612";"22";"03";"2024";"13:00";"1";"92";"92023";"1";"1";"1";"2";"RN385";"48,77619602";"2,22827948"
"202400003613";"10";"07";"2024";"12:47";"1";"27";"27448";"1";"1";"1";"1";"N13  PK N° 011+328";"49,01158800";"1,32568200"
"202400003614";"9";"07";"2024";"13:30";"1";"987";"98714";"1";"1";"1";"2";"faanui";" -16,48230400";" -151,74917200"
"202400003615";"21";"03";"2024";"08:00";"1";"78";"78640";"1";"1";"1";"4";"A86 EXT";"48,78023200";"2,18532900"
"202400003616";"22";"03";"2024";"16:45";"1";"95";"95582";"1";"1";"1";"3";"A15";"48,96713514";"2,25481677"
"202400003617";"9";"07";"2024";"18:45";"1";"77";"77094";"1";"1";"1";"7";"N3";"48,95583400";"2,78543800"
"202400003618";"21";"03";"2024";"19:30";"5";"93";"93066";"1";"1";"1";"2";"A1";"48,91030991";"2,35797606"
"202400003619";"6";"07";"2024";"19:30";"1";"78";"78003";"2";"1";"1";"3";"9 Rue des 3 Moulins";"48,51033000";"1,83895200"
"202400003620";"22";"03";"2024";"11:07";"1";"94";"94052";"1";"1";"1";"5";"A86";"48,83730625";"2,49415341"
"202400003621";"22";"03";"2024";"10:03";"1";"94";"94074";"1";"1";"1";"2";"N406";"48,76556759";"2,45886624"
"202400003622";"9";"07";"2024";"18:10";"1";"66";"66037";"2";"1";"1";"3";"Avenue Mediterranee";"42,69839300";"3,02387400"
"202400003623";"22";"03";"2024";"05:40";"3";"75";"75112";"1";"1";"1";"7";"A4";"48,82033000";"2,46061000"
"202400003624";"19";"01";"2024";"11:10";"1";"33";"33069";"2";"1";"1";"2";"Avenue de l'Hippodrome";"44,87451000";" -0,62719000"
"202400003625";"9";"07";"2024";"19:30";"1";"06";"06015";"1";"1";"1";"1";"1735 Route des Escaillouns";"43,82701900";"7,34209700"
"202400003626";"20";"03";"2024";"18:32";"2";"987";"98735";"2";"6";"1";"2";"POMARE (BVD BLOC MARINE)";" -17,53301000";" -149,56900000"
"202400003627";"10";"07";"2024";"14:30";"1";"04";"04039";"1";"1";"1";"1";"D952";"43,83827200";"6,49388600"
"202400003628";"21";"03";"2024";"16:40";"1";"974";"97416";"1";"1";"1";"6";"DE VILLIERS 5CHEMIN ADAM)";" -21,30333000";"55,42446000"
"202400003629";"8";"07";"2024";"13:25";"1";"71";"71024";"1";"1";"1";"6";"Lieu-dit ""l'Étang du Verne""";"46,33178300";"4,02274900"
"202400003630";"21";"03";"2024";"07:55";"1";"974";"97416";"1";"1";"1";"4";"RN3 (2)";" -21,31602000";"55,49148000"
"202400003631";"3";"07";"2024";"18:00";"1";"69";"69190";"2";"6";"1";"3";"Rue Marcel Mérieux";"45,76071000";"4,70588000"
"202400003632";"21";"03";"2024";"11:40";"1";"973";"97309";"2";"1";"1";"3";"TIGRE (ROUTE DU)";"4,90563863";" -52,30478704"
"202400003633";"20";"03";"2024";"17:50";"1";"973";"97302";"2";"1";"1";"3";"TIGRE (ROUTE DU)";"4,91016385";" -52,30817199"
"202400003634";"20";"03";"2024";"15:00";"1";"973";"97302";"2";"1";"1";"2";"MADELEINE (ROUTE DE LA)";"4,91821000";" -52,32155000"
"202400003635";"5";"07";"2024";"13:25";"1";"69";"69207";"1";"1";"1";"3";"12 Avenue Jacques Brel";"45,88558773";"4,80955297"
"202400003636";"10";"07";"2024";"13:10";"1";"65";"65463";"1";"1";"1";"2";"D918";"42,87896400";"0,02444000"
"202400003637";"18";"03";"2024";"12:15";"1";"973";"97302";"2";"3";"1";"3";"ZEPHIR (ROCADE)";"4,93795854";" -52,30645001"
"202400003638";"10";"07";"2024";"00:06";"3";"79";"79048";"1";"6";"2";"7";"N/A";"46,34750500";" -0,31028300"
"202400003639";"21";"03";"2024";"09:15";"1";"69";"69387";"2";"3";"1";"2";"Avenue Debourg";"45,73150189";"4,82988314"
"202400003640";"21";"03";"2024";"17:31";"1";"69";"69381";"2";"1";"1";"2";"Quai Saint Vincent";"45,76684000";"4,83002000"
"202400003641";"9";"07";"2024";"15:00";"1";"17";"17336";"1";"3";"1";"1";"D137";"45,77672400";" -0,69864700"
"202400003642";"20";"03";"2024";"21:20";"3";"971";"97101";"1";"1";"1";"1";"Rue Hubert FAROUIL";"16,27386000";" -61,49951000"
"202400003643";"7";"07";"2024";"01:35";"3";"33";"33168";"1";"1";"1";"6";"N/A";"44,83780300";"0,03139300"
"202400003644";"20";"03";"2024";"13:30";"1";"971";"97120";"2";"1";"1";"6";"FAIDHERBE (BOULEVARD)";"16,24114000";" -61,53586000"
"202400003645";"10";"07";"2024";"10:15";"1";"85";"85178";"2";"9";"1";"2";"Rue du puy chabot";"46,77151500";" -1,51530900"
"202400003646";"21";"03";"2024";"23:30";"5";"95";"95219";"2";"3";"1";"2";"MARECHAL FOCH (RUE DU)";"48,99257571";"2,26060599"
"202400003647";"10";"07";"2024";"13:30";"1";"85";"85240";"2";"1";"1";"3";"17 Rue des vendéens";"46,93058700";" -0,90063800"
"202400003648";"21";"03";"2024";"07:16";"2";"95";"95127";"1";"1";"1";"3";"N14";"49,05566980";"2,04861760"
"202400003649";"21";"03";"2024";"08:00";"1";"91";"91589";"2";"3";"1";"6";"AV JEAN JAURES";"48,68217000";"2,35591000"
"202400003650";"8";"07";"2024";"18:30";"1";"44";"44037";"1";"2";"1";"3";"Les Landes Bernard";"47,12681900";" -1,45045300"
"202400003651";"20";"03";"2024";"09:15";"1";"91";"91432";"2";"6";"7";"3";"AV FERDINAND DE LESSEPS";"48,70140000";"2,33916000"
"202400003652";"9";"07";"2024";"13:10";"1";"22";"22262";"2";"1";"2";"6";"Grand' Rue";"48,40328400";" -2,91087800"
"202400003653";"19";"03";"2024";"16:20";"1";"88";"88209";"2";"1";"9";"3";"ABBE HAUSTETE (RUE)";"48,19735000";"6,43712000"
"202400003654";"7";"07";"2024";"10:00";"1";"76";"76473";"2";"1";"1";"6";"Rue du Petit Pont";"49,49666800";"0,75962800"
"202400003655";"21";"03";"2024";"14:00";"1";"86";"86214";"2";"1";"7";"3";"Avenue du Onze Novembre";"46,56300000";"0,34584400"
"202400003656";"8";"07";"2024";"07:00";"1";"13";"13106";"1";"1";"1";"2";"A7-Sens Marseille vers Lyon";"43,38849000";"5,35109000"
"202400003657";"20";"03";"2024";"11:25";"1";"86";"86027";"2";"2";"1";"1";"Rue Nungesser";"46,57876500";"0,31484800"
"202400003658";"8";"07";"2024";"09:35";"1";"13";"13026";"1";"1";"1";"2";"A55-Sens Marseille vers Martigues";"43,37860000";"5,16740000"
"202400003659";"12";"03";"2024";"10:00";"1";"84";"84007";"2";"2";"1";"3";"FOLIE (Avenue de la)";"43,94800000";"4,82222000"
"202400003660";"8";"07";"2024";"22:15";"3";"69";"69297";"1";"1";"1";"2";"Autoroute 7";"45,62084413";"4,81315864"
"202400003661";"21";"03";"2024";"13:55";"1";"78";"78133";"2";"1";"1";"3";"MANTES (ROUTE DE)";"48,91000000";"2,03943000"
"202400003662";"21";"03";"2024";"10:35";"1";"78";"78172";"2";"1";"1";"6";"AMBASSADEUR (RUE DE L')";"49,00711300";"2,11559700"
"202400003663";"6";"07";"2024";"23:50";"3";"54";"54557";"1";"1";"1";"2";"Autoroute A 31";"48,69236739";"6,06554747"
"202400003664";"21";"03";"2024";"07:50";"1";"77";"77243";"2";"9";"1";"3";"SAINT DENIS  (RUE   )";"48,87900000";"2,70895000"
"202400003665";"8";"07";"2024";"15:40";"1";"78";"78238";"1";"1";"1";"6";"A13";"48,97052600";"1,88499900"
"202400003666";"20";"03";"2024";"17:25";"1";"77";"77181";"2";"3";"1";"3";"ORANGERIE (ALLEE DE L')";"48,82315000";"2,70712000"
"202400003667";"9";"07";"2024";"14:15";"1";"95";"95277";"1";"1";"1";"3";"A3";"48,97380183";"2,48838243"
"202400003668";"21";"03";"2024";"22:35";"3";"76";"76382";"1";"1";"5";"5";"RD 109";"49,58905000";"0,53603000"
"202400003669";"9";"07";"2024";"07:00";"1";"95";"95582";"1";"1";"1";"3";"A15";"48,97562164";"2,24024027"
"202400003670";"21";"03";"2024";"18:00";"1";"74";"74010";"2";"1";"1";"6";"GENEVE (AVENUE DE)(SECTEUR 410)";"45,91007000";"6,12377000"
"202400003671";"8";"07";"2024";"17:30";"1";"93";"93053";"1";"1";"1";"3";"A86";"48,88711502";"2,47350081"
"202400003672";"20";"03";"2024";"20:40";"5";"72";"72181";"2";"7";"1";"6";"ROOSEVELT FRANKLIN PL HAUT RUE NATIONALE";"48,00130000";"0,19766000"
"202400003673";"9";"07";"2024";"16:45";"1";"94";"94018";"1";"1";"1";"3";"A4";"48,81991032";"2,40340948"
"202400003674";"20";"03";"2024";"15:30";"1";"69";"69276";"1";"1";"1";"3";"Avenue Albert Ramboz";"45,67808840";"4,84665589"
"202400003675";"9";"07";"2024";"10:10";"1";"94";"94074";"1";"1";"1";"4";"N406";"48,76541000";"2,45926000"
"202400003676";"21";"03";"2024";"17:20";"1";"68";"68066";"2";"3";"1";"1";"BLEICH (RUE DE LA)";"48,07871000";"7,37084000"
"202400003677";"22";"02";"2024";"19:30";"5";"73";"73008";"2";"6";"2";"3";"D1201 - HOPITAUX CARREFOUR DES";"45,69696000";"5,90750000"
"202400003678";"18";"02";"2024";"19:05";"5";"64";"64445";"2";"1";"1";"3";"MOHEDAN DU";"43,31135581";" -0,36963781"
"202400003679";"21";"03";"2024";"08:50";"1";"64";"64122";"2";"1";"1";"6";"DOMREMY(RD-PT)";"43,48370000";" -1,54390000"
"202400003680";"29";"06";"2024";"05:00";"3";"44";"44162";"1";"1";"8";"3";"N/A";"47,20116286";" -1,61989696"
"202400003681";"14";"04";"2024";"19:00";"1";"82";"82079";"1";"1";"1";"7";"725 Route de Montauban";"43,93492400";"1,36021300"
"202400003682";"21";"03";"2024";"17:10";"1";"64";"64024";"2";"1";"1";"3";"ADOUR (AVENUE DE L')";"43,51562750";" -1,50125627"
"202400003683";"10";"04";"2024";"09:55";"3";"82";"82124";"1";"1";"9";"6";"Route de Castelsarrasin";"44,01777700";"1,30476100"
"202400003684";"21";"03";"2024";"12:40";"1";"64";"64102";"2";"1";"1";"2";"GRENET (AVENUE HENRI)";"43,50315000";" -1,47526000"
"202400003685";"5";"05";"2024";"22:25";"3";"14";"14175";"2";"1";"2";"6";"Route de Juaye Mondaye";"49,21513700";" -0,65449100"