"Num_Acc";"jour";"mois";"an";"hrmn";"lum";"dep";"com";"agg";"int";"atm";"col";"adr";"lat";"long"
"202400004073";"15";"09";"2024";"12:15";"1";"51";"51172";"2";"1";"1";"7";"ROUSSILLON (AVENUE)";"49,22208000";"4,04057000"
"202400004074";"28";"04";"2024";"23:15";"5";"95";"95585";"2";"9";"1";"2";"D316";"48,98619759";"2,37748439"
"202400004075";"14";"09";"2024";"17:50";"1";"51";"51454";"2";"2";"1";"7";"MONT D'ARENE (RUE)";"49,26226000";"4,02117000"
"202400004076";"27";"11";"2024";"14:40";"1";"83";"83137";"2";"6";"1";"3";"MIRASOULEOU (AVE)";"43,13156000";"5,98181000"
"202400004077";"28";"04";"2024";"04:00";"5";"84";"84080";"2";"6";"1";"6";"VERDUN BOULEVARD DE";"44,03620000";"4,99878000"
"202400004078";"15";"09";"2024";"10:13";"1";"45";"45338";"2";"4";"1";"7";"D961 PR 6 + 120";"47,99057800";"2,70712600"
"202400004079";"28";"11";"2024";"19:10";"5";"83";"83126";"2";"3";"1";"6";"COLLINES DE TAMARIS (LES)";"43,09821897";"5,89790940"
"202400004080";"28";"04";"2024";"23:00";"5";"83";"83137";"2";"1";"1";"2";"BRIAND (AVE ARISTIDE PROLONGEE)";"43,12199282";"5,89453483"
"202400004081";"27";"11";"2024";"14:20";"1";"80";"80021";"2";"1";"1";"3";"Avenue de la Défense Passive";"49,90790000";"2,31901000"
"202400004082";"15";"09";"2024";"17:30";"1";"41";"41018";"2";"1";"1";"1";"WILSON (AVENUE DU PRESIDENT)";"47,58628000";"1,32977000"
"202400004083";"28";"04";"2024";"18:30";"1";"83";"83123";"1";"1";"1";"6";"BANDOL (ROUTE)N° IMPAIRS";"43,13861000";"5,77244000"
"202400004084";"27";"11";"2024";"10:15";"1";"80";"80021";"2";"1";"1";"7";"Avenue Jules Vallès";"49,91600000";"2,24933000"
"202400004085";"15";"09";"2024";"10:30";"1";"37";"37261";"2";"1";"1";"6";"PILAIN (ALLEE ROLAND)";"47,37535000";"0,66531000"
"202400004086";"28";"11";"2024";"17:30";"3";"78";"78297";"1";"1";"1";"2";"CD 91";"48,78120000";"2,09763000"
"202400004087";"27";"04";"2024";"18:30";"1";"81";"81060";"2";"2";"1";"3";"RODEZ  (AVENUE DE)";"44,05353000";"2,15964000"
"202400004088";"15";"09";"2024";"01:40";"5";"37";"37233";"1";"1";"1";"1";"DUCLOS (AVENUE JACQUES)";"47,38080000";"0,73226000"
"202400004089";"28";"11";"2024";"19:55";"5";"77";"77083";"2";"1";"1";"6";"AMPERE (AVENUE)";"48,84345000";"2,58339000"
"202400004090";"27";"11";"2024";"18:10";"5";"77";"77374";"2";"1";"2";"6";"RUE DE LA GARE";"48,79429228";"2,70133657"
"202400004091";"16";"09";"2024";"07:55";"1";"35";"35238";"2";"1";"1";"3";"QUINELEU (DE)";"48,10212000";" -1,66825000"
"202400004092";"16";"09";"2024";"08:30";"1";"34";"34172";"2";"1";"1";"6";"EUROPE (AVENUE DE L')";"43,63587000";"3,82248000"
"202400004093";"27";"11";"2024";"08:00";"2";"77";"77330";"2";"1";"2";"6";"Chemin de Crecy";"48,92589142";"2,88431857"
"202400004094";"28";"04";"2024";"17:30";"1";"77";"77199";"2";"1";"1";"6";"CABON (RUE)";"48,93819000";"2,93835000"
"202400004095";"27";"11";"2024";"13:55";"1";"77";"77276";"2";"6";"2";"1";"TESSAN (RUE FRANCOIS DE)";"48,94260000";"2,87934000"
"202400004096";"16";"09";"2024";"18:20";"1";"33";"33318";"2";"3";"1";"6";"N/A";"44,81785100";" -0,60427700"
"202400004097";"28";"04";"2024";"09:55";"1";"77";"77085";"2";"3";"8";"3";"AV DE LA FERME BRIARDE";"48,85507000";"2,75239000"
"202400004098";"28";"11";"2024";"18:00";"5";"77";"77132";"2";"1";"1";"3";"AV ROBERT SCHUMAN";"48,87046200";"2,79575100"
"202400004099";"16";"09";"2024";"17:45";"1";"33";"33318";"2";"9";"1";"1";"N/A";"44,80283000";" -0,64519000"
"202400004100";"27";"04";"2024";"17:00";"1";"74";"74012";"2";"2";"1";"3";"ANNEXION (RUE DE L')";"46,18623000";"6,23765000"
"202400004101";"28";"11";"2024";"20:10";"3";"76";"76157";"1";"1";"1";"2";"A150";"49,46104000";"1,04182000"
"202400004102";"8";"09";"2024";"20:40";"2";"31";"31555";"2";"1";"1";"7";"MARNE (BD DE LA) DU 1AU 28";"43,58699100";"1,46033400"
"202400004103";"28";"04";"2024";"13:15";"1";"67";"67482";"2";"3";"1";"7";"JACQUES KABLE (RUE)";"48,59230000";"7,74405000"
"202400004104";"27";"11";"2024";"18:10";"5";"76";"76351";"2";"2";"1";"3";"LENINGRAD (BD DE)";"49,49861000";"0,15933000"
"202400004105";"15";"09";"2024";"03:55";"5";"31";"31555";"2";"3";"1";"1";"BD DE SUISSE";"43,62170000";"1,42500000"
"202400004106";"26";"11";"2024";"18:25";"4";"76";"76351";"2";"1";"1";"6";"FOURRIER";"49,51378900";"0,17504000"
"202400004107";"14";"09";"2024";"22:24";"5";"31";"31555";"2";"1";"1";"3";"ETATS UNIS (AV DES) DU 1AU 281";"43,64282568";"1,42820254"
"202400004108";"25";"04";"2024";"14:10";"1";"67";"67180";"2";"1";"1";"3";"EXUPERY (RUE SAINT)";"48,79357000";"7,80761000"
"202400004109";"28";"11";"2024";"16:00";"1";"76";"76217";"2";"1";"1";"6";"BASTILLE (DE LA)";"49,93052000";"1,09137000"
"202400004110";"28";"04";"2024";"04:55";"5";"64";"64122";"2";"6";"1";"7";"MILADY (AVENUE DE LA)";"43,46224000";" -1,57060000"
"202400004111";"16";"09";"2024";"18:50";"1";"29";"29232";"2";"1";"1";"3";"Route de Pont l'Abbe";"47,98795500";" -4,11977800"
"202400004112";"23";"11";"2024";"16:00";"1";"76";"76217";"2";"1";"1";"6";"NATIONALE (PLACE)";"49,92629801";"1,07870277"
"202400004113";"16";"09";"2024";"11:45";"1";"29";"29039";"2";"2";"1";"6";"Rue Courcy";"47,87323800";" -3,92171400"
"202400004114";"28";"04";"2024";"10:40";"1";"64";"64125";"2";"9";"1";"6";"GRANDE PLAGE (AVENUE DE LA)";"43,43931607";" -1,59023345"
"202400004115";"16";"09";"2024";"09:30";"1";"26";"26362";"2";"1";"7";"6";"GAULLE BOULEVARD DU GENERAL DE";"44,93034427";"4,89344358"
"202400004116";"27";"11";"2024";"16:00";"1";"72";"72181";"2";"2";"1";"3";"GENESLAY FELIX (AV) N° IMP 1 A 151";"47,97777000";"0,20813000"
"202400004117";"28";"04";"2024";"01:45";"5";"63";"63164";"2";"1";"1";"6";"SUND DU PUY (RUE DU)";"45,83725000";"3,14484000"
"202400004118";"27";"11";"2024";"08:20";"2";"72";"72181";"2";"1";"1";"7";"CHAMPION HENRI (RUE) N° PAIRS";"47,98246000";"0,22885000"
"202400004119";"15";"09";"2024";"20:57";"5";"18";"18033";"2";"2";"1";"3";"199 Avenue du Général Charles de Gaulle";"47,10633300";"2,41133700"
"202400004120";"25";"11";"2024";"08:20";"3";"72";"72181";"2";"9";"3";"6";"NEGRIER GENERAL (BD) N° IMP";"48,01010000";"0,20690000"
"202400004121";"14";"04";"2024";"11:15";"1";"62";"62041";"2";"5";"1";"3";"Rue Baudimont";"50,29648419";"2,76294708"
"202400004122";"28";"11";"2024";"14:15";"1";"69";"69256";"2";"3";"2";"1";"Rue du 19 Mars 1962";"45,78159000";"4,93167000"
"202400004123";"26";"11";"2024";"14:22";"1";"68";"68066";"2";"2";"1";"5";"Rue du Ladhof";"48,09077000";"7,37063000"
"202400004124";"28";"11";"2024";"16:40";"5";"67";"67447";"2";"1";"1";"6";"SELESTAT (RUE DE)";"48,60931000";"7,73866000"
"202400004125";"28";"04";"2024";"22:45";"5";"60";"60057";"2";"1";"1";"2";"Avenue Salvador Allendé";"49,44196000";"2,10319000"
"202400004126";"14";"09";"2024";"02:00";"3";"30";"30032";"1";"1";"1";"1";"FOURQUES ROUTE DE";"43,75666000";"4,61437000"
"202400004127";"28";"11";"2024";"07:15";"2";"67";"67482";"2";"1";"1";"6";"BISCHWILLER (ROUTE DE)";"48,59714000";"7,74169000"
"202400004128";"27";"11";"2024";"11:05";"1";"67";"67482";"2";"1";"1";"6";"HAUTE MONTEE (RUE DE LA)";"48,58430830";"7,74596505"
"202400004129";"16";"09";"2024";"16:50";"1";"11";"11262";"2";"1";"1";"2";"63 Avenue de Bordeaux";"43,18178000";"2,98475000"
"202400004130";"28";"04";"2024";"19:35";"1";"59";"59650";"2";"2";"1";"3";"PHILIPPOT (RUE GEORGES)";"50,71104000";"3,20706000"
"202400004131";"28";"11";"2024";"12:30";"1";"66";"66136";"2";"1";"1";"6";"SAINT-ASSISCLE (BOULEVARD DE)";"42,69725000";"2,87811000"
"202400004132";"16";"09";"2024";"19:50";"1";"06";"06069";"2";"1";"1";"2";"2 Boulevard Marechal Leclerc";"43,65017000";"6,92030000"
"202400004133";"26";"11";"2024";"14:10";"1";"66";"66136";"2";"1";"1";"6";"Avenue Fernand de Chefdebien";"42,68765375";"2,88562238"
"202400004134";"28";"04";"2024";"19:00";"1";"59";"59068";"2";"1";"1";"3";"AULNOYE (RUE D')";"50,20413700";"3,81866500"
"202400004135";"16";"09";"2024";"16:45";"1";"06";"06155";"2";"9";"7";"2";"Avenue Clement Massier";"43,56906000";"7,07035000"
"202400004136";"29";"11";"2024";"00:30";"3";"62";"62628";"2";"2";"1";"6";"Rue de Lorraine";"50,42354000";"2,88446000"
"202400004137";"16";"09";"2024";"10:45";"1";"75";"75114";"2";"4";"1";"3";"BD PERIPHERIQUE EXTERIEUR";"48,82469724";"2,30442792"
"202400004138";"27";"11";"2024";"17:40";"5";"62";"62065";"2";"1";"1";"6";"Rue Paul Daumont";"50,40684000";"2,82422000"
"202400004139";"28";"04";"2024";"02:00";"5";"59";"59350";"2";"1";"2";"1";"Rue de Cambrai";"50,61553393";"3,04829836"
"202400004140";"16";"09";"2024";"09:45";"1";"75";"75116";"2";"1";"1";"7";"ECHANGEUR MAILLOT";"48,87692600";"2,27646100"
"202400004141";"28";"11";"2024";"07:50";"1";"62";"62563";"2";"1";"1";"6";"D75";"50,47690369";"2,73149152"
"202400004142";"26";"04";"2024";"14:00";"1";"59";"59273";"2";"9";"1";"3";"ENROCHEMENTS (ROUTE DES)";"51,00706000";"2,13343000"
"202400004143";"16";"09";"2024";"08:55";"1";"75";"75117";"2";"3";"1";"7";"RUE CARDINET";"48,89109200";"2,31801600"
"202400004144";"28";"11";"2024";"19:25";"5";"62";"62178";"2";"1";"1";"3";"D841";"50,49212161";"2,56780243"
"202400004145";"28";"04";"2024";"08:50";"1";"54";"54367";"1";"1";"1";"7";"RN52";"49,50251000";"5,79246000"
"202400004146";"14";"09";"2024";"08:15";"1";"75";"75115";"2";"2";"1";"3";"Boulevard Garibaldi";"48,84501500";"2,31069200"
"202400004147";"28";"11";"2024";"19:20";"3";"56";"56098";"1";"1";"8";"2";"Haut Locoyarne";"47,78972000";" -3,29342000"
"202400004148";"28";"04";"2024";"19:00";"1";"38";"38185";"2";"1";"2";"2";"Cours de la Libération et du Général de Gaulle";"45,17972903";"5,71612269"
"202400004149";"16";"09";"2024";"12:23";"1";"75";"75114";"2";"3";"1";"6";"AVENUE PAUL VAILLANT COUTURIER";"48,81698000";"2,33215400"
"202400004150";"27";"11";"2024";"15:40";"1";"54";"54431";"2";"2";"1";"3";"Rue Gambetta";"48,90572000";"6,05992000"
"202400004151";"26";"04";"2024";"17:49";"1";"34";"34172";"2";"1";"1";"2";"RECAMBALE (AVENUE DE LA)";"43,60083000";"3,84001000"
"202400004152";"16";"09";"2024";"14:15";"1";"75";"75109";"2";"5";"1";"6";"RUE DE SEZE";"48,86992000";"2,32800300"
"202400004153";"28";"11";"2024";"14:35";"1";"54";"54382";"2";"4";"7";"3";"Route de Longwy";"49,53513000";"5,76597000"
"202400004154";"27";"04";"2024";"00:25";"5";"34";"34172";"2";"3";"2";"3";"FLAHAULT (AVENUE CHARLES";"43,61993000";"3,86532000"
"202400004155";"16";"09";"2024";"13:15";"1";"75";"75108";"2";"5";"1";"7";"AVENUE FRANKLIN D ROOSEVELT";"48,86491700";"2,31027900"
"202400004156";"28";"11";"2024";"13:35";"1";"51";"51454";"1";"1";"1";"2";"RN 44 (de Cambrai à Chalons)";"49,22472000";"4,10859000"
"202400004157";"16";"09";"2024";"09:40";"1";"75";"75107";"2";"3";"1";"2";"RUE DES SAINTS PERES";"48,85761300";"2,33271200"
"202400004158";"28";"04";"2024";"15:00";"1";"33";"33318";"2";"1";"1";"7";"N/A";"44,77157700";" -0,72631000"
"202400004159";"27";"11";"2024";"16:50";"5";"51";"51454";"2";"1";"2";"1";"GOULET (RUE MODESTE)";"49,27339000";"4,05753000"
"202400004160";"16";"09";"2024";"10:00";"1";"75";"75107";"2";"2";"1";"2";"Quai d'Orsay";"48,86267700";"2,31040400"
"202400004161";"28";"04";"2024";"03:15";"3";"31";"31555";"2";"1";"1";"6";"AV DE CASSELARDIT";"43,61293000";"1,40218000"
"202400004162";"27";"11";"2024";"14:53";"1";"51";"51454";"2";"1";"2";"6";"LUNDY (BOULEVARD)";"49,25814000";"4,03832000"
"202400004163";"13";"09";"2024";"10:00";"1";"94";"94068";"2";"3";"9";"2";"Quai du Port au Fouarre";"48,79915000";"2,47122000"
"202400004164";"27";"11";"2024";"14:10";"1";"51";"51172";"2";"1";"2";"6";"ALSACE LORRAINE (BOULEVARD)";"49,21699000";"4,04683000"
"202400004165";"26";"04";"2024";"13:00";"1";"22";"22113";"1";"1";"1";"6";"QUATRE VENTS (LIEU-DIT LES)";"48,71478000";" -3,39709000"
"202400004166";"27";"11";"2024";"08:53";"2";"49";"49328";"2";"3";"8";"3";"GAMBETTA (RUE)";"47,25912000";" -0,08265000"
"202400004167";"28";"11";"2024";"16:41";"1";"47";"47201";"1";"1";"1";"3";"PYRENEES (AVENUE DES)";"44,17073000";"0,60848000"
"202400004168";"16";"09";"2024";"10:46";"1";"94";"94041";"2";"2";"1";"3";"Rue Jean-Jacques Rousseau";"48,82145000";"2,39032000"
"202400004169";"28";"04";"2024";"11:20";"1";"13";"13054";"1";"6";"8";"3";"BRICARD (QRT )";"43,39370000";"5,19342000"
"202400004170";"28";"11";"2024";"13:30";"1";"44";"44162";"2";"1";"8";"6";"4 Rue de la Gironde";"47,21039540";" -1,61390400"
"202400004171";"16";"09";"2024";"18:30";"1";"94";"94021";"2";"1";"1";"2";"Avenue du Général de Gaulle";"48,77257300";"2,34073900"
"202400004172";"28";"04";"2024";"06:00";"5";"13";"13208";"2";"1";"2";"6";"RABATAU (BOULEVARD)";"43,27637200";"5,39760600"
"202400004173";"16";"09";"2024";"11:20";"1";"94";"94038";"2";"1";"1";"1";"Avenue du Général Leclerc";"48,77456000";"2,33014000"
"202400004174";"27";"11";"2024";"19:57";"3";"39";"39150";"1";"1";"8";"6";"N/A";"47,06210800";"5,44392000"
"202400004175";"22";"04";"2024";"12:05";"1";"11";"11262";"2";"6";"1";"3";"N/A";"43,15788000";"2,98563900"
"202400004176";"15";"09";"2024";"22:15";"5";"94";"94054";"2";"1";"1";"3";"Voie des Saules";"48,74636280";"2,41376683"
"202400004177";"28";"11";"2024";"16:15";"1";"34";"34172";"2";"1";"7";"6";"RECH (RUE HIPPOLYTE)";"43,61895000";"3,86381000"
"202400004178";"28";"04";"2024";"10:48";"1";"06";"06088";"2";"1";"8";"6";"Avenue Alfred Borriglione";"43,71971400";"7,26235700"
"202400004179";"16";"09";"2024";"17:45";"1";"94";"94017";"2";"1";"1";"3";"Avenue Roger Salengro";"48,81990352";"2,48386838"
"202400004180";"28";"11";"2024";"11:50";"1";"34";"34172";"2";"1";"1";"3";"TOULOUSE (AVENUE DE";"43,59534000";"3,86172000"
"202400004181";"27";"04";"2024";"22:05";"3";"04";"04070";"1";"1";"1";"1";"RN 85 ( route )";"44,07591000";"6,19012000"
"202400004182";"28";"11";"2024";"10:50";"1";"34";"34172";"2";"1";"1";"6";"MAURIN (AVENUE DE";"43,59554000";"3,87489000"
"202400004183";"16";"09";"2024";"07:30";"1";"93";"93071";"2";"3";"1";"3";"BRETAGNE (RUE DE)";"48,92817000";"2,53811000"
"202400004184";"15";"09";"2024";"14:00";"1";"93";"93070";"2";"9";"1";"6";"GODILLOT(RUE)";"48,90982067";"2,34179417"
"202400004185";"28";"11";"2024";"08:40";"1";"34";"34172";"2";"3";"1";"3";"MAURIN (AVENUE DE";"43,59166000";"3,87311000"
"202400004186";"28";"04";"2024";"16:48";"1";"03";"03321";"1";"4";"1";"3";"RD 779";"46,57769000";"3,37629000"
"202400004187";"16";"09";"2024";"16:30";"1";"93";"93039";"2";"3";"1";"3";"GERAUX ARNOLD";"48,93838500";"2,33838719"
"202400004188";"28";"11";"2024";"20:00";"5";"33";"33039";"2";"9";"1";"3";"N/A";"44,81623000";" -0,55001000"
"202400004189";"27";"04";"2024";"11:52";"1";"03";"03190";"2";"9";"1";"6";"Rue Henri Barbusse";"46,55217000";"3,33528000"
"202400004190";"16";"09";"2024";"14:40";"1";"93";"93048";"2";"3";"1";"1";"COLBERT (RUE)";"48,86331389";"2,43648211"
"202400004191";"28";"11";"2024";"07:30";"2";"32";"32013";"2";"3";"1";"3";"PREMIERE ARMEE FRANCAISE (AVENUE DE LA)";"43,64976000";"0,59812000"
"202400004192";"26";"04";"2024";"19:51";"1";"01";"01283";"2";"1";"1";"3";"FRANCE (RUE A. DU 1-5 ET 143 AU158)";"46,26079000";"5,65868000"
"202400004193";"15";"09";"2024";"18:50";"1";"93";"93032";"2";"1";"1";"6";"PEUPLIERS  (RUE DES)";"48,87139575";"2,56890714"
"202400004194";"28";"11";"2024";"16:40";"1";"31";"31483";"2";"1";"1";"6";"LAVOISIER (RUE)";"43,10836000";"0,71632000"
"202400004195";"27";"04";"2024";"16:15";"1";"75";"75115";"2";"1";"2";"3";"BD PERIPHERIQUE EXTERIEUR";"48,82579300";"2,29959300"
"202400004196";"28";"11";"2024";"12:15";"1";"30";"30007";"2";"1";"1";"2";"GIBERTINE (AVE DE LA)";"44,12364000";"4,09159000"
"202400004197";"16";"09";"2024";"08:10";"1";"93";"93079";"2";"3";"1";"5";"JEAN ALLEMANE";"48,96002788";"2,35060073"
"202400004198";"28";"11";"2024";"15:30";"1";"29";"29232";"1";"9";"5";"6";"Rond-Point de Kernevez";"48,00186361";" -4,14317768"
"202400004199";"27";"04";"2024";"13:15";"1";"75";"75115";"2";"1";"1";"4";"BD PERIPHERIQUE INTERIEUR";"48,82647400";"2,29707600"
"202400004200";"15";"09";"2024";"21:10";"5";"93";"93010";"2";"1";"1";"6";"CARNOT (AV.) DE 56 A 129";"48,89744967";"2,48038790"
"202400004201";"28";"04";"2024";"07:50";"1";"75";"75117";"2";"1";"1";"2";"BOULEVARD DU FORT DE VAUX";"48,89340600";"2,30312300"
"202400004202";"28";"04";"2024";"21:00";"4";"75";"75110";"2";"3";"1";"6";"AVENUE PARMENTIER";"48,87130600";"2,37031500"
"202400004203";"16";"09";"2024";"20:15";"5";"93";"93005";"2";"2";"1";"3";"CLERMONT TONNERRE (AVENUE DE)";"48,92268000";"2,49564000"
"202400004204";"28";"11";"2024";"11:30";"1";"13";"13204";"2";"1";"1";"1";"ALEX. FLEMING (BOULEVARD)";"43,31499000";"5,40294000"
"202400004205";"27";"11";"2024";"14:45";"1";"13";"13028";"2";"1";"1";"3";"REPUBLIQUE (BOULEVARD DE LA)";"43,17647879";"5,60627592"
"202400004206";"16";"09";"2024";"12:50";"1";"93";"93007";"2";"1";"1";"1";"ALBERT EINSTEIN (AVENUE)";"48,94793000";"2,46710000"
"202400004207";"28";"04";"2024";"15:00";"1";"75";"75108";"2";"7";"8";"2";"PLACE CHARLES DE GAULLE";"48,87382326";"2,29587972"
"202400004208";"15";"09";"2024";"22:25";"3";"93";"93007";"2";"1";"1";"6";"""PAUL VAILLANT COUTURIER (AVENUE """"DU 13";"48,92615000";"2,46747000"
"202400004209";"28";"11";"2024";"20:00";"5";"11";"11262";"2";"1";"1";"6";"Boulevard Marechal Joffre";"43,18359000";"2,99880000"
"202400004210";"28";"04";"2024";"18:00";"1";"75";"75101";"2";"3";"1";"7";"QUAI DE LA MEGISSERIE";"48,85721700";"2,34746100"
"202400004211";"28";"11";"2024";"16:20";"1";"11";"11069";"2";"1";"1";"7";"N/A";"43,21229000";"2,35707000"
"202400004212";"15";"09";"2024";"23:40";"5";"92";"92033";"2";"2";"1";"3";"BUZENVAL";"48,85182547";"2,20544782"
"202400004213";"28";"04";"2024";"21:30";"5";"94";"94043";"2";"6";"1";"2";"Avenue de Fontainebleau / Rue Edmond Michelet";"48,80950000";"2,36245000"
"202400004214";"28";"11";"2024";"19:40";"5";"06";"06069";"2";"1";"1";"3";"229 Route de Cannes";"43,63032000";"6,95892000"
"202400004215";"16";"09";"2024";"08:30";"1";"92";"92049";"2";"3";"1";"3";"BARBES RUE";"48,81706824";"2,33142301"
"202400004216";"28";"11";"2024";"06:50";"5";"06";"06069";"2";"1";"1";"3";"57 Route de Cannes";"43,64353000";"6,94615000"
"202400004217";"16";"09";"2024";"09:00";"1";"92";"92049";"2";"1";"8";"3";"BARBES RUE";"48,81735715";"2,32723027"
"202400004218";"28";"04";"2024";"01:00";"5";"94";"94073";"2";"2";"2";"2";"Avenue de Versailles / Rue Gabriel Péri";"48,75956000";"2,39677000"
"202400004219";"28";"04";"2024";"14:00";"1";"94";"94028";"2";"1";"1";"6";"D1";"48,78510000";"2,45794000"
"202400004220";"28";"11";"2024";"08:50";"1";"03";"03321";"2";"1";"1";"3";"route de Lyon";"46,54294000";"3,34320000"
"202400004221";"16";"09";"2024";"08:30";"1";"92";"92048";"2";"6";"1";"3";"MORANE SAULNIER (AVENUE)";"48,78653000";"2,22355000"
"202400004222";"16";"09";"2024";"06:25";"2";"92";"92036";"2";"1";"1";"6";"LOUIS CALMEL (RUE) (2/16)";"48,92640000";"2,29243000"
"202400004223";"28";"11";"2024";"14:21";"1";"03";"03185";"2";"6";"2";"3";"PRESIDENT AURIOL (AVENUE)";"46,33694000";"2,58728000"
"202400004224";"28";"04";"2024";"12:30";"1";"94";"94017";"2";"1";"1";"4";"Rue Charles Floquet";"48,81455000";"2,48095000"
"202400004225";"14";"09";"2024";"18:50";"1";"92";"92036";"2";"3";"1";"6";"GENERAL DE GAULLE (AVENUE) (43/129)";"48,93375871";"2,31337823"
"202400004226";"27";"11";"2024";"20:30";"5";"75";"75112";"2";"1";"1";"5";"BD PERIPHERIQUE EXTERIEUR";"48,83679600";"2,41261100"
"202400004227";"16";"09";"2024";"16:47";"1";"92";"92023";"2";"1";"1";"3";"GENERAL DE GAULLE (AVENUE DU) N°2 A 132";"48,79191325";"2,26754934"
"202400004228";"16";"09";"2024";"10:00";"1";"92";"92012";"2";"9";"1";"7";"JEAN BAPTISTE CLEMENT (AVENUE) 49/FIN -";"48,84227460";"2,23047763"
"202400004229";"27";"11";"2024";"14:15";"1";"75";"75116";"2";"1";"2";"4";"BD PERIPHERIQUE EXTERIEUR";"48,84408500";"2,25468100"
"202400004230";"15";"09";"2024";"23:40";"5";"92";"92007";"2";"3";"1";"6";"PARTICIPATION (RUE DE LA)";"48,79600331";"2,31853209"
"202400004231";"28";"04";"2024";"17:30";"1";"93";"93078";"2";"6";"1";"4";"CLEMENCEAU (AVENUE GEORGES)";"48,96157000";"2,55496000"
"202400004232";"15";"09";"2024";"11:20";"1";"65";"65175";"1";"1";"1";"7";"D925";"42,91824900";"0,51313900"
"202400004233";"27";"11";"2024";"16:15";"1";"75";"75118";"2";"2";"2";"3";"BOULEVARD BARBES";"48,88556000";"2,34953100"
"202400004234";"28";"04";"2024";"17:56";"1";"93";"93072";"2";"3";"1";"3";"Boulevard Maxime Gorki / Rue Salvador Allende";"48,94670000";"2,38647000"
"202400004235";"16";"09";"2024";"08:05";"2";"33";"33352";"2";"5";"7";"6";"N/A";"44,58022000";" -0,03427300"
"202400004236";"27";"11";"2024";"16:30";"2";"75";"75117";"2";"7";"1";"3";"AVENUE DE LA PORTE DES TERNES";"48,88092800";"2,28395500"
"202400004237";"27";"04";"2024";"23:39";"5";"92";"92012";"2";"1";"2";"6";"QUATRE SEPTEMBRE (QUAI DU)";"48,84133000";"2,22543000"
"202400004238";"17";"09";"2024";"10:45";"1";"77";"77478";"1";"1";"1";"6";"A4 PK 54+0800";"48,97431600";"3,06846900"
"202400004239";"16";"09";"2024";"10:30";"1";"972";"97227";"2";"1";"1";"1";"N5";"14,46981700";" -60,92234900"
"202400004240";"28";"11";"2024";"08:20";"1";"75";"75116";"2";"7";"1";"3";"PLACE DU TROCADERO ET DU 11 NOVEMBRE";"48,86274700";"2,28746700"
"202400004241";"28";"04";"2024";"12:45";"1";"2A";"2A249";"2";"6";"1";"3";"D319a";"41,67389400";"8,90170700"
"202400004242";"17";"09";"2024";"08:48";"1";"29";"29181";"1";"1";"1";"4";"N12";"48,48627491";" -4,27639992"
"202400004243";"28";"11";"2024";"20:00";"5";"75";"75115";"2";"2";"1";"3";"QUAI DE GRENELLE";"48,84944600";"2,28163400"
"202400004244";"27";"04";"2024";"12:35";"1";"22";"22182";"1";"2";"1";"3";"la Ville Richard";"48,54336300";" -2,96127700"
"202400004245";"28";"11";"2024";"17:05";"2";"75";"75115";"2";"1";"1";"1";"RUE DE LA CONVENTION";"48,84234900";"2,28515300"
"202400004246";"17";"09";"2024";"07:32";"1";"29";"29095";"1";"1";"1";"2";"PK 63+200";"48,45800984";" -4,36340456"
"202400004247";"17";"09";"2024";"17:05";"1";"974";"97410";"1";"1";"1";"2";"150 Chemin de Ceinture";" -21,10242700";"55,71609200"
"202400004248";"28";"11";"2024";"09:26";"1";"75";"75113";"2";"2";"1";"3";"BOULEVARD KELLERMANN";"48,82099100";"2,35079300"
"202400004249";"28";"04";"2024";"04:00";"3";"67";"67430";"1";"1";"1";"7";"Saint-Pierre-Bois";"48,34197079";"7,36778710"
"202400004250";"17";"09";"2024";"14:50";"1";"84";"84039";"1";"1";"1";"1";"D907";"44,10546100";"4,85715900"
"202400004251";"27";"11";"2024";"18:00";"5";"75";"75113";"2";"1";"2";"6";"BOULEVARD MASSENA";"48,82323200";"2,37404500"
"202400004252";"29";"04";"2024";"17:00";"1";"76";"76534";"1";"1";"1";"1";"Rue des Six Chemins";"49,58950912";"0,22966482"
"202400004253";"17";"09";"2024";"15:00";"1";"34";"34270";"2";"1";"1";"6";"35 Avenue Georges Clemenceau";"43,57970300";"3,82289400"
"202400004254";"28";"04";"2024";"19:25";"2";"41";"41223";"1";"1";"1";"7";"A10";"47,61944200";"1,23574700"
"202400004255";"28";"11";"2024";"11:37";"1";"75";"75109";"2";"2";"1";"6";"RUE SAINT LAZARE";"48,87625700";"2,33189600"
"202400004256";"16";"09";"2024";"11:40";"1";"51";"51227";"1";"1";"1";"1";"RD977";"48,89220273";"4,29690427"
"202400004257";"28";"04";"2024";"17:34";"1";"974";"97413";"1";"1";"1";"6";"Chemin la Surprise";" -21,15626800";"55,29718800"
"202400004258";"16";"09";"2024";"15:00";"1";"80";"80710";"1";"2";"1";"3";"D928";"50,00520100";"1,72509000"
"202400004259";"26";"04";"2024";"09:15";"1";"974";"97413";"2";"1";"1";"6";"Chemin Dubuisson";" -21,17358700";"55,29518200"
"202400004260";"27";"11";"2024";"17:15";"5";"75";"75108";"2";"3";"1";"6";"AVENUE DE FRIEDLAND";"48,87407700";"2,29820800"
"202400004261";"14";"09";"2024";"09:40";"1";"34";"34107";"1";"1";"1";"7";"D14";"43,59854400";"2,84615600"
"202400004262";"29";"04";"2024";"05:50";"3";"34";"34199";"1";"1";"3";"6";"A75";"43,44467800";"3,42106100"
"202400004263";"17";"09";"2024";"08:33";"1";"25";"25212";"2";"3";"1";"2";"3 Rue de Châtillon";"47,27871200";"5,99347100"