"Num_Acc";"jour";"mois";"an";"hrmn";"lum";"dep";"com";"agg";"int";"atm";"col";"adr";"lat";"long"
"202400004264";"28";"11";"2024";"13:56";"1";"75";"75107";"2";"3";"1";"7";"RUE DE BEAUNE";"48,85925200";"2,33023400"
"202400004265";"28";"04";"2024";"17:40";"1";"58";"58086";"1";"1";"1";"2";"A77 au PK 105+800";"47,37347700";"2,92330700"
"202400004266";"16";"09";"2024";"20:00";"2";"29";"29241";"1";"1";"1";"1";"Lieu Dit Kervatal";"47,98397600";" -3,80205800"
"202400004267";"27";"04";"2024";"11:33";"1";"57";"57345";"2";"1";"1";"6";"16a Route d'Elzange";"49,35009400";"6,29902800"
"202400004268";"26";"11";"2024";"19:45";"5";"75";"75104";"2";"3";"8";"6";"RUE SAINT ANTOINE";"48,85509700";"2,36167900"
"202400004269";"15";"09";"2024";"11:50";"1";"15";"15154";"1";"4";"1";"3";"RD 157";"44,94242300";"2,61164500"
"202400004270";"28";"04";"2024";"15:35";"1";"51";"51212";"1";"1";"1";"2";"D12";"48,77413574";"4,29193284"
"202400004271";"28";"11";"2024";"10:35";"1";"94";"94068";"2";"2";"1";"1";"Rue Jules Ferry";"48,79802670";"2,48986486"
"202400004272";"15";"09";"2024";"16:30";"1";"01";"01141";"2";"3";"1";"7";"Route de l’Eglise";"45,81676200";"5,67793600"
"202400004273";"27";"04";"2024";"20:30";"3";"2A";"2A017";"1";"1";"1";"6";"D381";"42,00376225";"8,71040494"
"202400004274";"28";"11";"2024";"12:30";"1";"94";"94076";"2";"3";"1";"6";"Rue Jean Jaurès";"48,79258142";"2,36652911"
"202400004275";"17";"09";"2024";"18:35";"1";"72";"72115";"1";"1";"1";"7";"Route de Marthe";"47,66037300";"0,44727400"
"202400004276";"28";"11";"2024";"13:00";"1";"94";"94022";"2";"1";"1";"6";"Avenue Jean Jaurès";"48,76550000";"2,40901000"
"202400004277";"17";"09";"2024";"15:30";"1";"06";"06059";"1";"3";"8";"3";"Chemin du Ret Supérieur";"43,72875100";"7,37148300"
"202400004278";"28";"11";"2024";"17:10";"5";"94";"94071";"2";"1";"8";"6";"Avenue Winston Churchill";"48,76989400";"2,52283500"
"202400004279";"28";"04";"2024";"20:45";"2";"80";"80354";"2";"1";"1";"6";"11 Rue Principale";"49,98469600";"1,76816600"
"202400004280";"17";"09";"2024";"10:30";"1";"50";"50130";"1";"1";"1";"1";"Route du Bourg Neuf";"48,80648200";" -1,19226300"
"202400004281";"29";"04";"2024";"10:40";"1";"33";"33226";"1";"1";"1";"7";"N/A";"44,70029800";" -0,35453400"
"202400004282";"28";"11";"2024";"01:50";"5";"93";"93073";"2";"4";"8";"2";"CHAPIT RE ( RUE DU)";"49,00718411";"2,55828927"
"202400004283";"29";"04";"2024";"08:20";"1";"89";"89088";"1";"1";"1";"6";"Route départementale D 955";"47,84740300";"3,32377200"
"202400004284";"17";"09";"2024";"18:34";"1";"60";"60277";"2";"1";"1";"1";"Rue Jean Jaurès";"49,42300300";"2,04249400"
"202400004285";"28";"11";"2024";"17:15";"5";"93";"93072";"2";"1";"1";"6";"JEAN DURAND (RUE) COTE N°1 AU 45";"48,95578383";"2,37808743"
"202400004286";"28";"04";"2024";"18:15";"1";"86";"86086";"1";"3";"1";"3";"Lieu Dit la Belle Indienne";"46,82332700";"0,69183500"
"202400004287";"24";"11";"2024";"00:10";"5";"93";"93050";"2";"1";"1";"6";"VILLE BOIS MAREUIL (RUE)";"48,85656923";"2,52418363"
"202400004288";"16";"09";"2024";"17:50";"1";"64";"64368";"1";"2";"1";"3";"70 Route de Saint-Palais";"43,39013600";" -1,09731600"
"202400004289";"28";"04";"2024";"21:45";"3";"39";"39223";"1";"1";"2";"1";"N/A";"46,92814300";"5,65002000"
"202400004290";"17";"09";"2024";"13:00";"1";"16";"16009";"2";"3";"1";"6";"N/A";"45,97905200";"0,56861000"
"202400004291";"16";"09";"2024";"21:10";"3";"04";"04088";"1";"1";"1";"6";"Ancienne Route de Dauphin";"43,92675300";"5,79110900"
"202400004292";"27";"11";"2024";"20:20";"5";"93";"93032";"2";"2";"2";"4";"GEORGES POMPIDOU (AV DU)";"48,88272315";"2,53509521"
"202400004293";"29";"04";"2024";"08:30";"1";"38";"38130";"2";"3";"8";"6";"Avenue du Marechal Joffre";"45,39318800";"5,26663000"
"202400004294";"13";"09";"2024";"08:00";"2";"30";"30062";"1";"3";"7";"6";"D40";"43,79219400";"4,20544600"
"202400004295";"15";"09";"2024";"00:05";"5";"38";"38030";"2";"1";"1";"6";"rue Louis Durand";"45,34114400";"5,47202800"
"202400004296";"27";"11";"2024";"19:10";"5";"93";"93029";"2";"3";"1";"3";"BOIS DE GROSLAY (DES)";"48,91786000";"2,46664000"
"202400004297";"29";"04";"2024";"15:50";"1";"02";"02643";"1";"1";"1";"5";"N/A";"49,39776400";"3,15320500"
"202400004298";"28";"11";"2024";"12:40";"1";"93";"93008";"2";"1";"1";"6";"SEMARD (AVENUE PIERRE)";"48,90890000";"2,44578000"
"202400004299";"15";"09";"2024";"08:10";"2";"35";"35353";"1";"1";"1";"6";"RN12";"48,12564489";" -1,73514515"
"202400004300";"28";"11";"2024";"07:50";"2";"93";"93053";"2";"1";"1";"7";"PARIS (RUE DE)";"48,90386000";"2,46910000"
"202400004301";"17";"09";"2024";"16:00";"1";"42";"42279";"1";"1";"1";"6";"Les bruyas";"45,48031400";"4,24064200"
"202400004302";"29";"04";"2024";"11:15";"1";"02";"02424";"1";"1";"1";"1";"Route départemental 1";"49,41422400";"3,34304100"
"202400004303";"17";"09";"2024";"09:29";"1";"71";"71187";"1";"1";"1";"6";"Le Creusot TGV (Gare) Parking";"46,76423000";"4,49856000"
"202400004304";"28";"11";"2024";"11:35";"1";"93";"93001";"2";"2";"1";"6";"PAUL DOUMER (RUE)";"48,91743000";"2,38690000"
"202400004305";"29";"04";"2024";"08:20";"2";"14";"14371";"1";"1";"1";"6";"Route de Meulles";"48,98641000";"0,31967600"
"202400004306";"16";"09";"2024";"16:40";"1";"13";"13103";"1";"1";"1";"2";"Autoroute A7 - PK 231+000 - sens LYON /MARSEILLE";"43,67507300";"5,09525300"
"202400004307";"28";"11";"2024";"13:45";"1";"92";"92078";"2";"1";"1";"6";"ANCIENNES ECOLES (RUE)";"48,93429143";"2,33183831"
"202400004308";"27";"04";"2024";"20:36";"3";"50";"50124";"2";"3";"2";"1";"Route de la Mare de la Lande (La Mancellière)";"48,67013900";" -1,14256700"
"202400004309";"17";"09";"2024";"01:35";"3";"28";"28092";"1";"1";"1";"2";"A10";"48,35842300";"1,87723500"
"202400004310";"28";"11";"2024";"09:00";"1";"92";"92050";"2";"1";"1";"6";"REPUBLIQUE AVENUE DE LA";"48,91230906";"2,22395673"
"202400004311";"29";"04";"2024";"07:50";"1";"64";"64106";"1";"2";"2";"3";"CD 933";"43,30681800";" -1,00970100"
"202400004312";"11";"08";"2024";"18:45";"5";"974";"97420";"2";"1";"2";"6";"140 Avenue Pierre Mendès France";" -20,90912000";"55,60962200"
"202400004313";"16";"09";"2024";"09:00";"1";"37";"37027";"2";"2";"1";"1";"Avenue du 11 Novembre";"47,32503600";"1,00597300"
"202400004314";"27";"11";"2024";"18:00";"5";"92";"92026";"2";"3";"1";"6";"SAINT-DENIS BD (120 A 174 / DE 199 A 315";"48,90217131";"2,27370392"
"202400004315";"28";"04";"2024";"22:00";"4";"16";"16347";"1";"1";"1";"7";"N/A";"45,27976800";"0,12760870"
"202400004316";"27";"11";"2024";"17:50";"5";"92";"92023";"2";"1";"3";"6";"PORTE DE TRIVAUX (RUE DE) N°57 A 197 ET";"48,79140950";"2,26222873"
"202400004317";"17";"09";"2024";"16:00";"1";"58";"58214";"2";"1";"1";"1";"237 Rue du Manoir";"47,07615000";"3,10645900"
"202400004318";"11";"08";"2024";"14:00";"1";"973";"97305";"1";"1";"1";"2";"Route Nationale PK 13";"4,92423500";" -52,38938900"
"202400004319";"29";"04";"2024";"16:50";"1";"24";"24082";"1";"1";"1";"5";"D704a";"44,86262000";"1,26460300"
"202400004320";"28";"11";"2024";"13:45";"1";"92";"92002";"2";"3";"1";"3";"ABBAYE (RUE DE L')";"48,75189518";"2,29797408"
"202400004321";"15";"09";"2024";"19:30";"2";"67";"67313";"2";"1";"1";"2";"45 Rue du Marechal Foch";"48,53852100";"7,45494800"
"202400004322";"11";"08";"2024";"06:45";"1";"971";"97115";"1";"1";"1";"1";"Route Nationale 2";"16,27106000";" -61,65401800"
"202400004323";"28";"11";"2024";"20:30";"3";"35";"35146";"1";"1";"8";"6";"LE PRE DE PENABAT";"48,24842898";" -1,78889796"
"202400004324";"8";"09";"2024";"03:50";"3";"67";"67131";"2";"1";"2";"7";"M468";"48,48645200";"7,72945000"
"202400004325";"12";"08";"2024";"02:30";"3";"977";"97701";"2";"1";"1";"7";"Grand Fond";"17,89300100";" -62,80976100"
"202400004326";"28";"04";"2024";"18:30";"1";"24";"24354";"1";"1";"1";"1";"Avenue de la Double";"45,14021700";"0,04574800"
"202400004327";"14";"11";"2024";"03:00";"3";"21";"21599";"1";"1";"1";"1";"A31";"47,64748400";"5,17836400"
"202400004328";"9";"08";"2024";"10:41";"1";"33";"33165";"1";"6";"1";"1";"N/A";"44,82619200";" -0,43181400"
"202400004329";"27";"04";"2024";"19:10";"1";"24";"24311";"2";"1";"3";"1";"Avenue du Génèral de Gaulle";"45,52225130";"0,66052079"
"202400004330";"16";"09";"2024";"17:56";"2";"73";"73284";"2";"4";"1";"3";"D915 Avenue des thermes";"45,47702100";"6,52757700"
"202400004331";"29";"11";"2024";"03:00";"3";"71";"71150";"1";"1";"1";"6";"Aire de Crêches (Aire de repos)";"46,23513900";"4,79460400"
"202400004332";"7";"08";"2024";"16:08";"1";"41";"41220";"1";"1";"1";"5";"D951";"47,71178700";"1,60230600"
"202400004333";"29";"04";"2024";"10:15";"1";"37";"37050";"2";"2";"1";"5";"avenue de la république";"47,34105500";"0,72295200"
"202400004334";"29";"11";"2024";"13:15";"1";"27";"27230";"2";"2";"1";"3";"44 Rue Octave Lenoir";"48,86476100";"1,41540200"
"202400004335";"12";"08";"2024";"01:55";"2";"95";"95370";"1";"1";"1";"7";"D28";"49,15204867";"1,97881301"
"202400004336";"26";"11";"2024";"07:28";"2";"11";"11421";"2";"3";"1";"3";"N/A";"43,21417600";"2,86134800"
"202400004337";"11";"08";"2024";"08:00";"1";"34";"34162";"1";"6";"1";"2";"D613";"43,46507400";"3,50873600"
"202400004338";"28";"04";"2024";"19:27";"1";"08";"08038";"1";"4";"1";"3";"D26";"49,46811000";"4,24059400"
"202400004339";"28";"11";"2024";"14:30";"1";"63";"63181";"1";"1";"2";"5";"D2144";"46,01711449";"3,08748948"
"202400004340";"28";"04";"2024";"15:15";"1";"90";"90015";"1";"1";"2";"6";"Autoroute A36, barreau 19-36M, PK 000.700";"47,59161546";"6,85644731"
"202400004341";"11";"08";"2024";"16:35";"1";"83";"83150";"2";"1";"1";"6";"Route de Gréoux";"43,73294900";"5,82884800"
"202400004342";"28";"11";"2024";"19:55";"5";"23";"23176";"2";"6";"2";"7";"2 Avenue de la République";"46,23868304";"1,49371147"
"202400004343";"28";"04";"2024";"09:14";"1";"69";"69235";"1";"1";"3";"1";"2230 Route de Rive-de-Gier";"45,53180100";"4,85145600"
"202400004344";"29";"11";"2024";"05:30";"3";"62";"62009";"1";"1";"5";"7";"D35";"50,19156124";"2,69419021"
"202400004345";"10";"08";"2024";"10:00";"1";"05";"05065";"1";"6";"1";"3";"intersection RN94 RD 902A";"44,66584500";"6,61462800"
"202400004346";"29";"04";"2024";"10:15";"1";"78";"78569";"1";"1";"1";"2";"Autoroute A11, PK 025+800 direction Paris";"48,54623200";"1,91288000"
"202400004347";"28";"11";"2024";"17:42";"5";"57";"57097";"2";"1";"1";"6";"Rue du General Newinger";"49,17969900";"6,49671800"
"202400004348";"24";"04";"2024";"15:30";"1";"37";"37072";"2";"1";"1";"7";"Rue du Grand Ballet";"47,19389700";"0,23273000"
"202400004349";"29";"11";"2024";"11:45";"1";"2B";"2B050";"1";"1";"1";"6";"Route de l?Aeroport";"42,53807000";"8,79037100"
"202400004350";"18";"04";"2024";"15:45";"1";"28";"28007";"2";"9";"1";"7";"10 Route de Boncourt";"48,85244700";"1,44594100"
"202400004351";"24";"02";"2024";"16:00";"1";"13";"13027";"1";"2";"1";"3";"D571";"43,86247400";"4,84949800"
"202400004352";"28";"04";"2024";"18:10";"1";"78";"78128";"1";"1";"8";"1";"D24";"48,67450500";"1,95580200"
"202400004353";"28";"11";"2024";"19:45";"5";"71";"71591";"1";"6";"1";"2";"D906";"46,44955300";"4,88642100"
"202400004354";"28";"04";"2024";"21:50";"3";"13";"13099";"1";"1";"1";"6";"D952";"43,71568600";"5,78311600"
"202400004355";"11";"08";"2024";"17:45";"1";"67";"67229";"1";"4";"1";"3";"carrefour D883  - D683";"48,66982200";"7,42115700"
"202400004356";"29";"11";"2024";"09:00";"1";"89";"89186";"1";"1";"1";"6";"Grande Rue";"48,00555100";"3,79720300"
"202400004357";"27";"04";"2024";"16:20";"1";"33";"33029";"1";"1";"3";"6";"N/A";"44,65170900";" -0,74258000"
"202400004358";"12";"08";"2024";"12:05";"1";"63";"63213";"1";"1";"1";"7";"D1093";"45,84365900";"3,27478400"
"202400004359";"25";"04";"2024";"19:00";"1";"44";"44215";"1";"1";"1";"1";"Route des Sorinières";"47,16179500";" -1,49214500"
"202400004360";"27";"11";"2024";"15:43";"1";"63";"63362";"2";"4";"1";"3";"Place de la Halle";"45,91877239";"3,24817121"
"202400004361";"28";"04";"2024";"14:56";"1";"22";"22379";"2";"1";"1";"7";"Voie Communale Vieille Côte de Trestel";"48,81746100";" -3,35620500"
"202400004362";"12";"08";"2024";"16:45";"1";"87";"87161";"1";"1";"1";"1";"Lieu Dit Eycouveaux";"45,86130200";"1,51660700"
"202400004363";"28";"11";"2024";"17:45";"2";"63";"63087";"1";"1";"2";"6";"RD 142";"45,42559400";"3,08372500"
"202400004364";"12";"08";"2024";"17:45";"1";"33";"33104";"1";"1";"1";"3";"N/A";"45,03297500";" -0,78757700"
"202400004365";"29";"11";"2024";"20:01";"3";"61";"61474";"1";"1";"1";"3";"D926";"48,74905800";"0,01626400"
"202400004366";"29";"04";"2024";"14:45";"1";"62";"62474";"2";"1";"1";"3";"D901";"50,67725464";"1,64613836"
"202400004367";"28";"11";"2024";"20:54";"3";"12";"12021";"1";"1";"1";"6";"La Combe Haute (La Bastide-l'Évêque)";"44,31247200";"2,12562900"
"202400004368";"12";"08";"2024";"10:10";"1";"33";"33312";"1";"1";"1";"3";"N/A";"44,96686700";" -0,55322400"
"202400004369";"27";"04";"2024";"12:50";"1";"13";"13071";"1";"1";"1";"2";"A51-Sens Marseille vers Aix en Provence";"43,41222988";"5,36422948"
"202400004370";"28";"11";"2024";"09:55";"1";"31";"31247";"2";"1";"1";"6";"5 Place Jules Massenet";"43,08112900";"0,67187200"
"202400004371";"10";"08";"2024";"14:40";"1";"85";"85003";"1";"1";"1";"3";"la gouinière";"46,74071300";" -1,56689300"
"202400004372";"28";"11";"2024";"17:20";"3";"38";"38315";"2";"1";"2";"6";"Avenue de la Bergerie";"45,53554300";"5,66036200"
"202400004373";"27";"04";"2024";"00:10";"3";"69";"69204";"1";"1";"1";"5";"Autoroute 450 ";"45,68716494";"4,81057022"
"202400004374";"21";"07";"2024";"16:45";"1";"56";"56007";"2";"2";"1";"3";"Avenue Yves Kerroux";"47,67535800";" -2,98839900"
"202400004375";"29";"11";"2024";"11:00";"1";"06";"06032";"1";"1";"1";"6";"Route Moyenne Corniche";"43,72483600";"7,39398100"
"202400004376";"23";"04";"2024";"16:30";"1";"67";"67152";"1";"1";"1";"4";"M35";"48,52730000";"7,68470000"
"202400004377";"12";"08";"2024";"09:30";"1";"22";"22242";"1";"1";"1";"6";"D 89- la ville neuve";"48,59945027";" -2,38441400"
"202400004378";"25";"11";"2024";"02:00";"3";"64";"64276";"1";"1";"1";"6";"D918";"43,10585500";" -0,64924500"
"202400004379";"28";"04";"2024";"22:30";"3";"94";"94021";"1";"1";"1";"7";"A6B";"48,77137155";"2,34509948"
"202400004380";"9";"08";"2024";"17:00";"1";"62";"62627";"1";"1";"7";"7";"Rue de Sailly";"50,30389700";"3,01742100"
"202400004381";"27";"11";"2024";"23:00";"4";"53";"53271";"2";"1";"2";"6";"Rue de la Boorie";"48,34084300";" -0,28355600"
"202400004382";"28";"04";"2024";"00:20";"5";"93";"93066";"1";"1";"1";"2";"A1";"48,91224353";"2,35780750"
"202400004383";"10";"08";"2024";"15:27";"1";"59";"59618";"2";"1";"1";"1";"Rue de Marpent";"50,32427838";"4,04697163"
"202400004384";"28";"11";"2024";"23:25";"5";"04";"04088";"2";"1";"1";"1";"Avenue du Général de Gaulle";"43,95544100";"5,77526300"
"202400004385";"27";"04";"2024";"19:20";"1";"95";"95572";"1";"1";"2";"6";"A15";"49,03286050";"2,10794605"
"202400004386";"26";"11";"2024";"07:30";"5";"27";"27543";"2";"1";"8";"6";"23 Route de Dreux";"48,78578800";"1,36341800"
"202400004387";"12";"08";"2024";"11:30";"1";"59";"59158";"2";"1";"7";"1";"D938";"50,45003800";"3,19854500"
"202400004388";"28";"04";"2024";"13:48";"1";"94";"94028";"1";"1";"1";"2";"A86";"48,79983715";"2,44627859"
"202400004389";"10";"08";"2024";"01:55";"3";"59";"59465";"1";"1";"1";"6";"Rue du Corbeau";"50,11520900";"3,57063700"
"202400004390";"28";"11";"2024";"08:10";"1";"17";"17057";"1";"3";"1";"3";"D115";"46,16762200";" -0,83635400"
"202400004391";"27";"04";"2024";"20:00";"1";"77";"77294";"1";"1";"3";"2";"A104";"48,97017700";"2,59721300"
"202400004392";"5";"05";"2024";"21:38";"3";"13";"13117";"1";"1";"1";"7";"A7-Sens Marseille vers Lyon";"43,47635000";"5,23763000"
"202400004393";"11";"08";"2024";"19:15";"1";"13";"13085";"1";"1";"1";"7";"A50-Sens Toulon vers Aubagne";"43,26240000";"5,58960000"
"202400004394";"27";"04";"2024";"12:00";"1";"93";"93051";"1";"1";"1";"2";"A4";"48,83662815";"2,54787956"
"202400004395";"28";"11";"2024";"16:55";"2";"30";"30224";"1";"1";"1";"5";"D22";"43,91853800";"4,24102300"
"202400004396";"27";"04";"2024";"07:20";"1";"94";"94046";"1";"1";"1";"6";"A86 EXT";"48,80856288";"2,44905786"
"202400004397";"28";"11";"2024";"17:05";"2";"66";"66172";"2";"1";"1";"6";"Avenue de la Mirande";"42,71408600";"2,85170900"
"202400004398";"11";"08";"2024";"06:50";"2";"13";"13212";"2";"1";"1";"2";"A507 sens Aubagne- Marseille";"43,30933966";"5,42489187"
"202400004399";"24";"02";"2024";"04:30";"3";"74";"74282";"1";"1";"1";"1";"A410 ";"46,03678155";"6,24024452"
"202400004400";"9";"08";"2024";"01:40";"5";"13";"13202";"1";"9";"1";"7";"TVPCM-Sens Saint Victor vers Les Ports";"43,29430000";"5,36396000"
"202400004401";"23";"11";"2024";"10:15";"1";"13";"13103";"1";"1";"1";"3";"A54, PK 72+700, direction NIMES";"43,62643000";"5,11857700"
"202400004402";"20";"02";"2024";"17:20";"1";"74";"74236";"2";"9";"1";"6";"Route de megève ";"45,90501000";"6,70045300"
"202400004403";"22";"11";"2024";"18:35";"4";"971";"97116";"1";"1";"1";"3";"Route de l?Etoile";"16,32045300";" -61,48912700"
"202400004404";"28";"11";"2024";"11:50";"1";"971";"97126";"1";"1";"1";"7";"Lieu Dit Pelisson";"15,93984100";" -61,27014600"
"202400004405";"10";"08";"2024";"15:20";"1";"83";"83144";"1";"1";"1";"4";"A57";"43,13924220";"5,99734560"
"202400004406";"11";"02";"2024";"06:00";"3";"74";"74019";"1";"1";"8";"1";"Voie des Aravis (Pont) ";"45,93768600";"6,14455200"
"202400004407";"7";"02";"2024";"18:15";"5";"74";"74225";"2";"1";"2";"6";"Rue du Mont-Blanc ";"45,85915100";"5,95027700"
"202400004408";"9";"08";"2024";"11:45";"1";"69";"69256";"1";"1";"1";"2";"Rocade Est";"45,79631160";"4,94410421"
"202400004409";"24";"11";"2024";"05:20";"3";"77";"77420";"1";"1";"1";"2";"N2";"49,04819200";"2,69439700"
"202400004410";"4";"02";"2024";"08:30";"1";"74";"74070";"1";"1";"1";"7";"RD 1005 ";"46,29105138";"6,27150226"
"202400004411";"11";"08";"2024";"18:09";"1";"77";"77251";"1";"1";"1";"7";"AUTOROUTE A5A";"48,61945800";"2,55362200"
"202400004412";"29";"11";"2024";"16:45";"2";"77";"77183";"2";"1";"1";"6";"Rue Jean-jaurès";"48,94544100";"3,12520300"
"202400004413";"3";"02";"2024";"15:30";"1";"74";"74311";"1";"1";"1";"6";"Route des brasses ";"46,16180200";"6,41151500"
"202400004414";"11";"08";"2024";"16:30";"1";"94";"94021";"1";"1";"1";"2";"A106";"48,76360182";"2,34384403"
"202400004415";"19";"11";"2024";"17:35";"3";"77";"77440";"2";"1";"3";"1";"D21p";"48,94908800";"3,07351000"
"202400004416";"28";"11";"2024";"18:00";"2";"77";"77217";"1";"1";"1";"3";"D319";"48,67693900";"2,66578900"
"202400004417";"28";"01";"2024";"01:20";"3";"74";"74272";"2";"1";"1";"5";"Route de Nonglard ";"45,94550600";"6,03906900"
"202400004418";"11";"08";"2024";"11:56";"1";"94";"94076";"1";"1";"1";"4";"A6B";"48,79406378";"2,34526514"
"202400004419";"28";"11";"2024";"16:15";"1";"66";"66171";"2";"6";"1";"6";"Rue Roland Dorgelès";"42,62222800";"3,01014100"
"202400004420";"1";"01";"2024";"05:00";"3";"74";"74211";"1";"1";"1";"6";"480 Route de moussy ";"46,10044300";"6,26896600"
"202400004421";"28";"11";"2024";"19:10";"5";"66";"66171";"1";"1";"1";"6";"N/A";"42,62549700";"3,02338600"
"202400004422";"11";"08";"2024";"08:05";"1";"94";"94034";"1";"1";"1";"2";"A6A";"48,75120273";"2,32960518"
"202400004423";"26";"04";"2024";"08:59";"1";"987";"98735";"2";"2";"1";"6";"DESTREMEAU (RUE BLOC ECOLE MATERNELLE PA";" -17,54468600";" -149,57562400"
"202400004424";"9";"08";"2024";"05:45";"3";"77";"77251";"1";"1";"1";"2";"RN 104";"48,64509329";"2,54658043"
"202400004425";"27";"11";"2024";"07:40";"2";"34";"34022";"2";"3";"1";"3";"Rue du Colombier";"43,65786100";"4,01147200"
"202400004426";"27";"04";"2024";"18:40";"4";"974";"97407";"2";"1";"1";"3";"ROMERO(AVENUE)";" -20,94769000";"55,29594000"
"202400004427";"29";"11";"2024";"09:15";"1";"34";"34327";"1";"1";"1";"2";"RD68";"43,66902000";"3,96832800"
"202400004428";"11";"08";"2024";"15:50";"1";"92";"92064";"1";"1";"1";"2";"A13";"48,83949368";"2,20466483"
"202400004429";"26";"04";"2024";"22:13";"5";"972";"97213";"1";"1";"1";"2";"ROUTE DEPARTEMENTALE 14";"14,64615364";" -61,02329688"
"202400004430";"11";"08";"2024";"08:45";"1";"92";"92050";"1";"1";"1";"7";"A14";"48,90203098";"2,19992423"
"202400004431";"28";"11";"2024";"18:20";"5";"71";"71176";"2";"2";"3";"6";"15 Rue de la Faïencerie";"46,48606300";"3,99028200"
"202400004432";"27";"04";"2024";"10:00";"1";"972";"97213";"2";"4";"1";"3";"";"14,62275000";" -61,01893000"
"202400004433";"29";"11";"2024";"14:30";"1";"54";"54305";"2";"3";"1";"6";"Rue du Baron de Courcelles";"48,74807700";"6,20088300"
"202400004434";"27";"04";"2024";"10:40";"1";"972";"97213";"2";"1";"1";"2";"NELSON MANDELA";"14,61081000";" -61,00189000"
"202400004435";"10";"08";"2024";"19:45";"1";"92";"92047";"1";"1";"1";"4";"A13";"48,83231571";"2,15438418"
"202400004436";"27";"04";"2024";"08:40";"1";"971";"97113";"1";"1";"1";"7";"Section Port Blanc";"16,23102000";" -61,46655000"
"202400004437";"27";"04";"2024";"02:50";"4";"971";"97101";"2";"9";"2";"7";"PERRIN (SECTEUR)";"16,29408000";" -61,51131000"
"202400004438";"11";"08";"2024";"07:00";"1";"95";"95018";"1";"1";"1";"2";"A15";"48,95863789";"2,27437326"
"202400004439";"10";"08";"2024";"20:00";"1";"95";"95582";"2";"1";"1";"6";"A115";"48,97702211";"2,24108916"
"202400004440";"26";"04";"2024";"23:15";"5";"971";"97101";"2";"1";"1";"2";"RN1-  HAUTEUR DE SORTIE LAURICISQUE";"16,25324518";" -61,54762298"
"202400004441";"31";"05";"2024";"17:05";"1";"74";"74147";"2";"1";"1";"6";"395 Route de marceau";"45,77838600";"6,20298800"
"202400004442";"27";"04";"2024";"11:40";"1";"91";"91479";"2";"9";"1";"3";"AV DE VERDUN";"48,70576000";"2,36345000"
"202400004443";"27";"04";"2024";"15:00";"1";"83";"83126";"2";"2";"1";"3";"STALINGRAD (BD)";"43,10604557";"5,86717602"
"202400004444";"24";"04";"2024";"21:13";"3";"74";"74256";"1";"3";"2";"3";"Avenue de geneve";"45,97306500";"6,63015200"
"202400004445";"23";"04";"2024";"07:55";"1";"83";"83061";"2";"1";"1";"6";"D8";"43,43315000";"6,72198000"
"202400004446";"27";"04";"2024";"03:38";"5";"81";"81004";"2";"1";"1";"6";"THOMAS (AV ALBERT)";"43,93672000";"2,14682000"
"202400004447";"7";"05";"2024";"19:50";"1";"74";"74109";"1";"1";"2";"5";"D1508";"46,07058100";"5,85502600"
"202400004448";"28";"03";"2024";"11:45";"1";"78";"78350";"2";"1";"1";"6";"GENERAL DE GAULLE (RUE DU)";"48,86102200";"2,12241600"
"202400004449";"28";"05";"2024";"10:30";"1";"74";"74104";"1";"1";"1";"3";"Route d'Annecy";"45,79510600";"6,21316600"
"202400004450";"27";"04";"2024";"23:45";"5";"78";"78498";"2";"3";"2";"6";"SAINT SEBASTIEN RUE";"48,93901000";"2,05930000"
"202400004451";"20";"05";"2024";"10:45";"1";"74";"74063";"2";"1";"1";"6";"265 Route du taude";"46,27544700";"6,83853900"
"202400004452";"27";"04";"2024";"18:58";"1";"77";"77384";"1";"1";"1";"1";"CHEMIN DES PLAINES";"48,60138900";"2,60777800"
"202400004453";"27";"04";"2024";"07:20";"2";"77";"77487";"2";"1";"2";"1";"CLOS SAINT MARTIN  (DU)";"48,52264000";"2,69345000"
"202400004454";"26";"05";"2024";"11:20";"1";"74";"74256";"1";"3";"1";"3";"1806 Route de megève";"45,92329700";"6,63421900"
"202400004455";"27";"04";"2024";"08:30";"1";"77";"77433";"1";"1";"1";"7";"D 15";"48,75854400";"3,07075000"
"202400004456";"25";"05";"2024";"22:00";"3";"74";"74112";"2";"1";"1";"3";"N/A";"45,92972200";"6,12039300"
"202400004457";"27";"04";"2024";"03:20";"3";"76";"76497";"1";"1";"3";"7";"N138";"49,37943406";"1,05019856"
"202400004458";"27";"04";"2024";"20:05";"2";"74";"74010";"2";"1";"1";"6";"MARECHAL LECLERC (PROMENADE/RUE)";"45,91489000";"6,11794000"
"202400004459";"24";"05";"2024";"07:30";"1";"74";"74267";"2";"1";"1";"7";"N/A";"45,84638400";"6,14746500"