"Num_Acc";"jour";"mois";"an";"hrmn";"lum";"dep";"com";"agg";"int";"atm";"col";"adr";"lat";"long"
"202400005037";"6";"06";"2024";"13:55";"1";"77";"77146";"1";"1";"1";"2";"A4.Y";"48,83222900";"2,65500900"
"202400005038";"14";"03";"2024";"17:10";"1";"44";"44143";"2";"1";"1";"6";"Rue Ordronneau";"47,19350200";" -1,57236120"
"202400005039";"7";"02";"2024";"19:26";"5";"92";"92072";"2";"3";"2";"6";"VILLE D'AVRAY (RUE DE )";"48,82590591";"2,20113739"
"202400005040";"6";"06";"2024";"09:00";"1";"93";"93051";"1";"1";"1";"2";"A4";"48,83494286";"2,58003118"
"202400005041";"13";"03";"2024";"17:25";"1";"44";"44109";"2";"1";"1";"2";"53 Rue du Coprs de Garde";"47,21335800";" -1,59777200"
"202400005042";"3";"02";"2024";"14:30";"1";"88";"88413";"2";"1";"1";"2";"Rue d'ALSACE";"48,27813000";"6,95842000"
"202400005043";"8";"02";"2024";"13:25";"1";"92";"92020";"2";"1";"1";"2";"VANVES BOULEVARD N° IMPAIRS";"48,80602919";"2,28646874"
"202400005044";"7";"02";"2024";"16:00";"1";"92";"92012";"2";"9";"2";"6";"GALLIENI (RUE) 55/157 - 50/140";"48,83699939";"2,24334526"
"202400005045";"7";"06";"2024";"20:17";"1";"76";"76255";"1";"4";"1";"1";"Route d’Abbeville";"50,06178393";"1,42469072"
"202400005046";"27";"05";"2024";"08:50";"1";"44";"44020";"1";"1";"1";"2";"N/A";"47,17348509";" -1,59311634"
"202400005047";"3";"01";"2024";"13:04";"1";"64";"64102";"2";"8";"1";"6";"Quai Resplandy";"43,48340629";" -1,45383347"
"202400005048";"6";"02";"2024";"08:15";"1";"974";"97415";"2";"2";"1";"3";"Rue Saint Louis";" -20,99739300";"55,28342300"
"202400005049";"25";"01";"2024";"13:25";"1";"974";"97411";"2";"2";"1";"6";"LORY LES HAUTS (RUE)";" -20,89185000";"55,48193000"
"202400005050";"11";"03";"2024";"09:30";"1";"44";"44047";"2";"1";"1";"3";"20 Rue Jan Palach";"47,23476800";" -1,66442800"
"202400005051";"25";"05";"2024";"14:05";"1";"44";"44109";"2";"1";"1";"6";"Boulevard des Tirbunes";"47,24453647";" -1,56120422"
"202400005052";"25";"05";"2024";"06:45";"2";"44";"44190";"1";"1";"1";"7";"N/A";"47,19120938";" -1,49005904"
"202400005053";"20";"01";"2024";"13:30";"1";"06";"06130";"1";"1";"1";"3";"1916 Route de Cabris";"43,66824800";"6,85475900"
"202400005054";"24";"05";"2024";"17:33";"1";"44";"44109";"2";"1";"1";"2";"28 Boulevard des Anglais";"47,22877954";" -1,57662670"
"202400005055";"23";"05";"2024";"08:30";"1";"44";"44162";"2";"6";"1";"3";"Rond-Point du Chemin de la Botardière";"47,23472202";" -1,62608686"
"202400005056";"8";"02";"2024";"14:15";"1";"62";"62332";"1";"2";"2";"3";"D919";"50,21893993";"2,76034309"
"202400005057";"21";"05";"2024";"08:40";"1";"44";"44109";"2";"3";"1";"3";"71 Rue de Bel Air";"47,22502460";" -1,55911339"
"202400005058";"9";"02";"2024";"07:30";"4";"30";"30047";"1";"1";"2";"2";"D6113";"43,78149400";"4,45036200"
"202400005059";"21";"05";"2024";"16:15";"1";"44";"44114";"2";"6";"8";"3";"Place de la France Libre";"47,25400000";" -1,61500000"
"202400005060";"11";"01";"2024";"10:00";"1";"57";"57067";"2";"1";"1";"6";"30 Grand Rue";"49,31092500";"6,19068900"
"202400005061";"18";"05";"2024";"14:30";"1";"44";"44109";"2";"1";"1";"6";"35 Rue Félix Faure";"47,22905191";" -1,56952557"
"202400005062";"9";"02";"2024";"08:35";"1";"19";"19276";"1";"1";"8";"6";"N/A";"45,41083362";"1,57514692"
"202400005063";"17";"05";"2024";"11:30";"1";"44";"44109";"2";"1";"8";"6";"1bis Quai de Tourville";"47,20941127";" -1,55629939"
"202400005064";"7";"02";"2024";"11:00";"1";"76";"76697";"1";"1";"3";"7";"D915";"49,80500000";"1,18711100"
"202400005065";"9";"02";"2024";"09:30";"1";"63";"63287";"1";"3";"2";"3";"Intersection D999/D727";"45,52255000";"3,30252300"
"202400005066";"4";"06";"2024";"18:50";"5";"987";"98736";"2";"2";"1";"5";"ARIIPAEA POMARE (AV)";" -17,51667000";" -149,53330000"
"202400005067";"5";"06";"2024";"08:15";"1";"972";"97209";"1";"1";"1";"3";"AUTOROUTE (A1)";"14,61457000";" -61,04794000"
"202400005068";"9";"02";"2024";"08:05";"1";"42";"42159";"1";"2";"8";"3";"Route de Lyon";"45,80840100";"3,78195800"
"202400005069";"5";"06";"2024";"11:44";"1";"2B";"2B033";"2";"1";"1";"2";"FRANCOIS VITTORI";"42,67982000";"9,43873000"
"202400005070";"8";"02";"2024";"07:15";"3";"35";"35162";"1";"1";"2";"1";"PK 5 RD177";"48,47033900";" -1,13030400"
"202400005071";"5";"06";"2024";"09:47";"1";"971";"97120";"2";"9";"1";"6";"HANNE (BOULEVARD)";"16,24055000";" -61,53315000"
"202400005072";"9";"02";"2024";"17:15";"1";"29";"29026";"2";"1";"1";"6";"Quai Charles de Gaulle";"48,19817600";" -4,08726900"
"202400005073";"5";"06";"2024";"06:30";"1";"971";"97105";"2";"3";"1";"3";"FLAMBOYANTS (ALLEE DES)";"16,00603710";" -61,73548758"
"202400005074";"26";"01";"2024";"19:00";"3";"29";"29177";"1";"3";"1";"1";"Le Rheun";"48,43263441";" -4,69218158"
"202400005075";"5";"06";"2024";"22:45";"3";"2A";"2A004";"2";"1";"1";"6";"SAINT ANTOINE RUE";"41,92798723";"8,73537540"
"202400005076";"5";"06";"2024";"11:16";"1";"2A";"2A004";"2";"3";"1";"4";"Cara";"41,95857000";"8,78069000"
"202400005077";"5";"06";"2024";"12:40";"1";"95";"95598";"2";"1";"1";"2";"D144";"48,99380956";"2,30629583"
"202400005078";"3";"06";"2024";"19:50";"1";"91";"91657";"2";"2";"1";"3";"AV PAUL VAILLANT COUTURIER";"48,69662000";"2,43596000"
"202400005079";"4";"06";"2024";"17:34";"1";"87";"87085";"2";"1";"1";"6";"BEAUBREUIL (AVENUE DE)";"45,87588000";"1,30242000"
"202400005080";"3";"06";"2024";"16:27";"1";"87";"87085";"2";"1";"1";"6";"THOMAS (AVENUE ALBERT)";"45,83770732";"1,23996377"
"202400005081";"2";"06";"2024";"22:10";"3";"86";"86194";"2";"1";"1";"3";"D910";"46,56977300";"0,30977000"
"202400005082";"13";"05";"2024";"17:15";"1";"86";"86194";"2";"1";"1";"5";"Rue Georges Guynemer";"46,57665000";"0,32438000"
"202400005083";"5";"06";"2024";"19:10";"1";"85";"85191";"2";"2";"1";"3";"Rue charles bourseul";"46,69368700";" -1,42494700"
"202400005084";"5";"06";"2024";"18:40";"1";"84";"84087";"1";"3";"1";"3";"JONQUIERES (ROUTE DE)";"44,11816000";"4,87082000"
"202400005085";"5";"06";"2024";"11:30";"1";"83";"83137";"2";"2";"1";"6";"FORT ROUGE (CHEMIN DU)";"43,14015000";"5,91325000"
"202400005086";"2";"06";"2024";"17:05";"1";"80";"80021";"2";"1";"1";"3";"Rue de Cagny";"49,87279000";"2,33182000"
"202400005087";"5";"06";"2024";"21:35";"1";"78";"78423";"2";"2";"1";"3";"AUBISQUE (RUE DE L')";"48,77178000";"2,04555000"
"202400005088";"5";"06";"2024";"09:00";"1";"74";"74008";"2";"1";"1";"6";"PAIX (RUE DE LA)";"46,19611000";"6,22008000"
"202400005089";"1";"06";"2024";"16:15";"1";"73";"73065";"2";"1";"1";"6";"VERDUN (QUAI DE)";"45,57223000";"5,91686000"
"202400005090";"5";"06";"2024";"13:40";"1";"73";"73011";"2";"1";"1";"6";"VIBERT (PLACE LEONTINE)";"45,66696941";"6,39011031"
"202400005091";"4";"06";"2024";"18:25";"1";"72";"72003";"2";"1";"1";"2";"CROIX GEORGETTE (RTE DE LA)";"47,98368000";"0,15185000"
"202400005092";"4";"06";"2024";"14:38";"1";"72";"72181";"2";"8";"1";"3";"JAURES JEAN (AV) N° IMP 35 A 179";"47,99181000";"0,20526000"
"202400005093";"5";"06";"2024";"07:35";"1";"69";"69275";"2";"3";"1";"3";"Avenue Jean Jaurès";"45,76972000";"4,94930000"
"202400005094";"4";"06";"2024";"22:05";"2";"69";"69290";"2";"1";"1";"6";"Rue Garibaldi";"45,68528760";"4,94536743"
"202400005095";"5";"06";"2024";"07:30";"1";"69";"69096";"2";"2";"7";"1";"Avenue de la Liberté";"45,61017000";"4,78369000"
"202400005096";"4";"06";"2024";"16:30";"1";"67";"67482";"2";"1";"1";"1";"REMPART (RUE DU)";"48,58600000";"7,73000000"
"202400005097";"5";"06";"2024";"07:00";"1";"66";"66136";"2";"1";"1";"6";"BARCAROLLES DES";"42,68831000";"2,90793000"
"202400005098";"5";"06";"2024";"09:00";"1";"64";"64445";"2";"2";"1";"3";"CAMOU";"43,29988000";" -0,37948000"
"202400005099";"4";"06";"2024";"18:25";"1";"64";"64102";"2";"1";"1";"2";"REDUIT (PLACE DU)";"43,49331145";" -1,47304625"
"202400005100";"5";"06";"2024";"18:00";"1";"63";"63113";"2";"3";"1";"1";"RABELAIS (RUE FRANCOIS)";"45,79044705";"3,11716139"
"202400005101";"5";"06";"2024";"13:44";"1";"63";"63113";"2";"9";"1";"3";"Carrefour des pistes (Clémentel-Jouhaux)";"45,80002000";"3,11237000"
"202400005102";"5";"06";"2024";"18:53";"1";"62";"62065";"2";"1";"1";"1";"Rue Joseph Petit";"50,40702000";"2,82009000"
"202400005103";"5";"06";"2024";"09:30";"1";"59";"59426";"2";"6";"1";"3";"Route du Petit Menin";"50,74252000";"3,14396000"
"202400005104";"5";"06";"2024";"23:20";"5";"59";"59648";"2";"2";"1";"3";"Rue Clémenceau";"50,59696000";"3,05124000"
"202400005105";"30";"05";"2024";"22:44";"5";"57";"57672";"2";"1";"1";"1";"ROBERT SCHUMANN (BOULEVARD)";"49,35669000";"6,16915300"
"202400005106";"5";"06";"2024";"08:30";"1";"51";"51454";"2";"1";"1";"6";"SAVOYE (RUE)";"49,26121000";"4,03866000"
"202400005107";"4";"06";"2024";"19:17";"1";"49";"49007";"2";"7";"1";"7";"MADELEINE";"47,46021000";" -0,53713000"
"202400005108";"4";"06";"2024";"13:32";"1";"49";"49353";"2";"1";"1";"7";"DAUTEL BOULEVARD";"47,44322000";" -0,48353000"
"202400005109";"4";"06";"2024";"16:12";"1";"49";"49007";"2";"1";"1";"4";"POISSONNERIE";"47,47319000";" -0,55636000"
"202400005110";"4";"06";"2024";"09:56";"1";"49";"49007";"2";"1";"1";"3";"BRIOLLAY ROUTE";"47,49360000";" -0,52816000"
"202400005111";"5";"06";"2024";"23:00";"5";"45";"45234";"2";"1";"1";"1";"220 Rue du Faubourg Bannier";"47,92099400";"1,89798600"
"202400005112";"25";"04";"2024";"18:52";"1";"74";"74158";"2";"9";"1";"1";"703 Route des voirons";"46,25503100";"6,33349500"
"202400005113";"5";"06";"2024";"13:00";"1";"43";"43157";"1";"1";"1";"7";"Viaduc de Taulhac";"45,01770000";"3,89654000"
"202400005114";"23";"02";"2024";"18:55";"3";"13";"13039";"1";"1";"1";"1";"RN 544";"43,45629000";"4,90901000"
"202400005115";"5";"06";"2024";"13:20";"1";"36";"36044";"2";"2";"1";"5";"Avenue Charles de Gaulle 1890-1970";"46,80808000";"1,69205000"
"202400005116";"21";"10";"2024";"22:40";"4";"974";"97411";"2";"1";"1";"7";"REYDELLET (ROUTE JULES)";" -20,93441000";"55,49232000"
"202400005117";"20";"10";"2024";"07:00";"1";"973";"97302";"1";"1";"1";"6";"ROUTE NATIONALE 1";"4,89917000";" -52,32650113"
"202400005118";"5";"06";"2024";"11:00";"1";"35";"35238";"2";"6";"1";"2";"SAINT-MALO (RUE DE)";"48,13242000";" -1,69135000"
"202400005119";"20";"10";"2024";"03:50";"5";"973";"97302";"2";"1";"1";"6";"MONTABO (ROUTE DE) 1";"4,94451000";" -52,31030000"
"202400005120";"5";"06";"2024";"14:30";"1";"33";"33063";"2";"9";"1";"6";"N/A";"44,85033299";" -0,57459489"
"202400005121";"21";"10";"2024";"19:38";"3";"69";"69387";"2";"3";"1";"3";"Avenue Félix Faure";"45,75242000";"4,84922000"
"202400005122";"5";"06";"2024";"08:30";"1";"33";"33063";"2";"2";"7";"3";"Rue de la Benatte";"44,84547000";" -0,59356000"
"202400005123";"5";"06";"2024";"19:30";"1";"33";"33529";"1";"1";"1";"1";"N/A";"44,53695000";" -1,23734000"
"202400005124";"21";"10";"2024";"14:30";"1";"69";"69387";"2";"2";"1";"3";"Rue Saint Jérome";"45,74655000";"4,84024000"
"202400005125";"5";"06";"2024";"14:15";"1";"33";"33009";"2";"6";"1";"3";"N/A";"44,65555000";" -1,15268000"
"202400005126";"21";"10";"2024";"14:05";"1";"69";"69386";"2";"1";"1";"3";"Boulevard Stalingrad";"45,77201000";"4,85877000"
"202400005127";"5";"06";"2024";"22:00";"5";"31";"31555";"2";"9";"1";"3";"CHE DE LA GLACIERE";"43,64287938";"1,41603202"
"202400005128";"5";"06";"2024";"05:30";"2";"31";"31555";"2";"2";"1";"3";"RUE JEAN PHILIPPE RAMEAU";"43,61908000";"1,42567000"
"202400005129";"21";"10";"2024";"10:50";"1";"69";"69387";"2";"3";"1";"2";"Rue Pasteur";"45,75102000";"4,83849000"
"202400005130";"4";"06";"2024";"14:55";"1";"27";"27229";"2";"1";"1";"3";"CHURCHILL (AVENUE WINSTON)";"49,02012000";"1,15905000"
"202400005131";"20";"10";"2024";"06:40";"2";"971";"97105";"2";"1";"3";"1";"CHARLES DE GAULLE (BD DU GENERAL)";"15,99299256";" -61,73052013"
"202400005132";"4";"06";"2024";"08:35";"1";"27";"27229";"2";"1";"1";"3";"ALLENDE (RUE SALVADOR)";"49,00344000";"1,15154000"
"202400005133";"21";"10";"2024";"13:10";"1";"95";"95277";"1";"1";"1";"6";"D902";"48,98397537";"2,47086575"
"202400005134";"5";"06";"2024";"08:20";"1";"22";"22215";"2";"1";"1";"1";"ST-HERVE (RUE DE)";"48,50527000";" -2,81119000"
"202400005135";"21";"10";"2024";"08:35";"1";"91";"91691";"2";"1";"1";"6";"GENERAL LECLER(RUE)";"48,71485000";"2,47375000"
"202400005136";"18";"10";"2024";"09:06";"1";"87";"87085";"2";"3";"1";"3";"TUILIERES (RUE DES)";"45,85111000";"1,25271000"
"202400005137";"5";"06";"2024";"11:42";"1";"19";"19031";"2";"2";"1";"3";"LOMBARD (AVENUE JACQUES)";"45,16622000";"1,52059000"
"202400005138";"20";"10";"2024";"06:33";"5";"86";"86194";"2";"1";"2";"6";"Boulevard Pont Achard";"46,57568000";"0,32952000"
"202400005139";"5";"06";"2024";"06:10";"1";"17";"17200";"2";"1";"1";"7";"CLAVIER   AVENUE DU";"46,18161000";" -1,16978000"
"202400005140";"21";"10";"2024";"18:15";"2";"84";"84007";"2";"1";"1";"1";"FOLIE (AVENUE DE LA)";"43,94639000";"4,83298000"
"202400005141";"5";"06";"2024";"18:55";"1";"14";"14333";"2";"1";"1";"3";"avenue des hauts bords";"49,40003000";"0,24099000"
"202400005142";"21";"10";"2024";"13:30";"1";"84";"84034";"1";"1";"1";"2";"CAVAILLON (ROUTE DE) MFT";"43,88903000";"4,92337000"
"202400005143";"5";"06";"2024";"09:15";"1";"13";"13215";"2";"3";"1";"1";"ODDO (bd)";"43,32922000";"5,36552000"
"202400005144";"3";"10";"2024";"11:00";"1";"83";"83123";"2";"1";"1";"3";"SAINT ROCH (CHEMIN)";"43,12139000";"5,80513000"
"202400005145";"5";"06";"2024";"14:25";"1";"01";"01344";"2";"1";"1";"3";"TREVOUX (AVENUE DE)";"46,20080000";"5,19896000"
"202400005146";"5";"06";"2024";"20:00";"1";"75";"75113";"2";"1";"1";"6";"PORTE D ITALIE";"48,81803000";"2,35216400"
"202400005147";"21";"10";"2024";"20:30";"5";"81";"81065";"2";"2";"1";"3";"METZ (PT.DE)";"43,60219000";"2,24358000"
"202400005148";"4";"06";"2024";"09:40";"1";"75";"75119";"2";"1";"1";"4";"BD PERIPHERIQUE EXTERIEUR";"48,88074900";"2,40516400"
"202400005149";"3";"06";"2024";"11:30";"1";"75";"75118";"2";"1";"1";"2";"BD PERIPHERIQUE EXTERIEUR";"48,90094200";"2,35755300"
"202400005150";"21";"10";"2024";"06:05";"5";"78";"78401";"2";"1";"2";"2";"RHIN ET DANUBE (PONT)";"48,99955400";"1,90778000"
"202400005151";"3";"06";"2024";"09:30";"1";"75";"75120";"2";"1";"1";"3";"BD PERIPHERIQUE EXTERIEUR";"48,85437700";"2,41407900"
"202400005152";"5";"06";"2024";"14:35";"1";"75";"75120";"2";"3";"1";"2";"AVENUE DE LA PORTE DE VINCENNES";"48,84693400";"2,41386600"
"202400005153";"21";"10";"2024";"16:10";"1";"77";"77284";"2";"1";"1";"6";"GAMBETTA (RUE)";"48,96261706";"2,88530231"
"202400005154";"5";"06";"2024";"08:05";"1";"75";"75120";"2";"9";"1";"3";"AVENUE DE LA PORTE DE VINCENNES";"48,84689900";"2,41390400"
"202400005155";"21";"10";"2024";"07:50";"2";"76";"76575";"2";"6";"2";"6";"Avenue de l'Université";"49,38536900";"1,07071100"
"202400005156";"5";"06";"2024";"11:45";"1";"75";"75119";"2";"3";"1";"6";"RUE DE KABYLIE";"48,88431200";"2,36768100"
"202400005157";"21";"10";"2024";"07:15";"5";"76";"76351";"2";"2";"3";"6";"WINSTON CHURCHILL";"49,49413000";"0,13873000"
"202400005158";"5";"06";"2024";"11:23";"1";"75";"75117";"2";"3";"1";"3";"BOULEVARD BESSIERES";"48,89739700";"2,32311700"
"202400005159";"5";"06";"2024";"10:50";"1";"75";"75117";"2";"2";"1";"3";"RUE BROCHANT";"48,88840800";"2,31722860"
"202400005160";"20";"10";"2024";"13:52";"1";"67";"67365";"2";"1";"1";"6";"FRERES (RUE DES)";"48,55609000";"7,70885000"
"202400005161";"21";"10";"2024";"11:15";"1";"64";"64024";"2";"1";"1";"6";"BOIS BELIN (RUE DU)";"43,49277000";" -1,51851000"
"202400005162";"5";"06";"2024";"09:40";"1";"75";"75116";"2";"1";"1";"5";"ALLEE DU BORD DE L EAU";"48,86948400";"2,23774600"
"202400005163";"21";"10";"2024";"07:15";"5";"64";"64102";"2";"1";"1";"6";"ROND POINT DU GRAND BASQUE";"43,49107000";" -1,45308000"
"202400005164";"5";"06";"2024";"08:55";"2";"75";"75113";"2";"2";"1";"6";"RUE DE TOLBIAC";"48,82563900";"2,34716600"
"202400005165";"5";"06";"2024";"18:00";"1";"75";"75112";"2";"3";"1";"6";"RUE DU FAUBOURG SAINT ANTOINE";"48,85189500";"2,37369800"
"202400005166";"21";"10";"2024";"15:30";"1";"59";"59428";"2";"6";"1";"3";"HUIT MAI 1945 (RUE DU)";"50,18655000";"3,22582000"
"202400005167";"5";"06";"2024";"10:50";"1";"75";"75110";"2";"2";"1";"6";"RUE LA FAYETTE";"48,88133100";"2,36469100"
"202400005168";"19";"10";"2024";"14:00";"1";"56";"56121";"2";"1";"1";"7";"Rue général de Bollardière";"47,75787000";" -3,39031000"
"202400005169";"5";"06";"2024";"10:05";"1";"75";"75109";"2";"3";"1";"6";"RUE SAINT LAZARE";"48,87574000";"2,32855400"
"202400005170";"3";"06";"2024";"15:40";"1";"94";"94052";"2";"2";"1";"3";"Rue du Général Chanzy / Rue de l’Amiral Courbet";"48,83929300";"2,47551100"
"202400005171";"18";"10";"2024";"11:37";"1";"56";"56083";"2";"1";"1";"7";"Avenue de la République";"47,79981000";" -3,28893000"
"202400005172";"5";"06";"2024";"13:10";"1";"94";"94054";"2";"1";"1";"2";"Rue des Hautes Bornes";"48,74998300";"2,41046600"
"202400005173";"19";"10";"2024";"17:00";"1";"55";"55545";"2";"1";"1";"7";"REPUBLIQUE ( QUAI DE LA )";"49,16060000";"5,38688000"
"202400005174";"4";"06";"2024";"08:30";"1";"94";"94017";"2";"1";"1";"2";"Boulevard de Stalingrad";"48,82674000";"2,49469000"
"202400005175";"14";"10";"2024";"11:10";"1";"55";"55545";"2";"1";"1";"7";"METZ ( AVENUE DE )";"49,14791000";"5,40275000"
"202400005176";"5";"06";"2024";"17:39";"1";"93";"93066";"2";"2";"1";"6";"Boulevard Félix Faure / Rue Gabriel Péri";"48,93853000";"2,35652000"
"202400005177";"5";"06";"2024";"07:15";"1";"93";"93064";"2";"1";"1";"1";"Rue du 4e Zouave";"48,87274200";"2,47739700"
"202400005178";"20";"10";"2024";"13:15";"1";"54";"54274";"2";"5";"1";"1";"Rue Gabriel Fauré";"48,67471000";"6,20600000"
"202400005179";"30";"05";"2024";"16:38";"1";"93";"93053";"2";"1";"8";"1";"Avenue de Rosny";"48,89107000";"2,47104000"
"202400005180";"4";"06";"2024";"11:28";"1";"92";"92078";"2";"1";"1";"6";"EDOUARD MANET (RUE)";"48,93353869";"2,33115154"
"202400005181";"20";"10";"2024";"17:20";"1";"51";"51454";"2";"1";"1";"3";"DRUART (RUE EMILE)";"49,27365000";"4,00106000"
"202400005182";"5";"06";"2024";"15:49";"1";"92";"92046";"2";"1";"1";"6";"Charles de gaulle";"48,82112864";"2,29699874"
"202400005183";"20";"10";"2024";"01:55";"5";"51";"51454";"2";"1";"1";"6";"LANSON (RUE)";"49,24595000";"4,05978000"
"202400005184";"5";"06";"2024";"07:30";"1";"92";"92040";"2";"1";"1";"6";"PIERRE BROSSOLETTE";"48,81984886";"2,26741827"
"202400005185";"21";"10";"2024";"15:12";"1";"50";"50532";"1";"6";"3";"3";"LANDE (ROUTE)";"48,80408000";" -1,54847000"
"202400005186";"5";"06";"2024";"09:44";"1";"92";"92036";"2";"1";"1";"3";"LOUIS ROCHE (AVENUE) (46/148)";"48,92640000";"2,31550000"
"202400005187";"5";"06";"2024";"12:18";"1";"92";"92024";"2";"2";"1";"6";"HENRI BARBUSSE (RUE) DE (73 A 139)";"48,90089315";"2,30807626"
"202400005188";"19";"10";"2024";"19:30";"5";"50";"50129";"2";"6";"8";"5";"ROND POINT DE CAPEL";"49,65778000";" -1,66797400"
"202400005189";"5";"06";"2024";"09:44";"1";"92";"92012";"2";"9";"1";"1";"PIERRE GRENIER (AVENUE)";"48,83302440";"2,25369304"
"202400005190";"20";"10";"2024";"09:00";"1";"49";"49246";"2";"1";"8";"3";"HUGO VICTOR RUE";"47,42959000";" -0,52790000"
"202400005191";"5";"06";"2024";"09:25";"1";"92";"92002";"2";"3";"1";"3";"ARISTIDE BRIAND (AVENUE)";"48,75680560";"2,30636314"
"202400005192";"20";"10";"2024";"07:30";"2";"48";"48095";"2";"1";"5";"1";"RD 42";"44,52891000";"3,47264000"
"202400005193";"21";"10";"2024";"16:30";"1";"45";"45232";"2";"3";"1";"1";"108 Avenue du Loiret";"47,87135700";"1,90410800"
"202400005194";"2";"06";"2024";"06:30";"1";"974";"97415";"1";"1";"1";"5";"Route Nationale 1";" -20,96324300";"55,30357200"
"202400005195";"21";"10";"2024";"15:10";"1";"45";"45075";"2";"1";"1";"3";"10 Rue Montesquieu";"47,89275100";"1,82049700"
"202400005196";"6";"06";"2024";"16:20";"1";"62";"62327";"1";"1";"1";"1";"D94";"50,51923364";"2,29953135"
"202400005197";"21";"10";"2024";"12:45";"1";"37";"37261";"2";"2";"1";"3";"RENAULT (RUE DU GAL)";"47,37943000";"0,68158000"
"202400005198";"5";"06";"2024";"18:15";"1";"43";"43185";"1";"3";"1";"1";"Route de Charbonnier Carrefour D14 et D76";"45,41633200";"3,30116600"
"202400005199";"21";"10";"2024";"07:45";"2";"37";"37214";"2";"1";"1";"6";"HUGO (RUE VICTOR)";"47,41019000";"0,66812000"
"202400005200";"6";"06";"2024";"16:23";"1";"76";"76404";"1";"6";"1";"3";"D925";"49,57818400";"0,23988600"
"202400005201";"21";"10";"2024";"20:40";"5";"35";"35238";"2";"3";"8";"6";"SAINT-HELIER";"48,10791000";" -1,67335000"
"202400005202";"5";"06";"2024";"02:30";"3";"971";"97132";"1";"1";"2";"6";"Axe RN1";"15,99866700";" -61,63999600"
"202400005203";"5";"06";"2024";"14:00";"1";"14";"14061";"1";"1";"1";"6";"Route de Caen";"48,95178900";" -0,80363800"
"202400005204";"21";"10";"2024";"10:45";"1";"35";"35238";"2";"3";"2";"3";"BREST (DE)";"48,11146000";" -1,69090000"
"202400005205";"6";"06";"2024";"07:30";"1";"67";"67472";"1";"1";"1";"1";"D138";"48,81453300";"7,95841600"
"202400005206";"21";"10";"2024";"07:45";"2";"35";"35189";"1";"1";"3";"4";"RD 137";"48,15099000";" -1,70004000"
"202400005207";"21";"10";"2024";"17:30";"1";"33";"33522";"2";"3";"1";"3";"N/A";"44,79403000";" -0,58985000"
"202400005208";"5";"06";"2024";"16:50";"1";"34";"34270";"1";"1";"1";"3";"M132e2";"43,58814900";"3,82524900"
"202400005209";"21";"10";"2024";"10:35";"1";"33";"33318";"2";"2";"7";"2";"N/A";"44,79999000";" -0,67246000"
"202400005210";"21";"10";"2024";"02:30";"3";"33";"33281";"2";"1";"1";"6";"N/A";"44,83838100";" -0,61725300"
"202400005211";"5";"06";"2024";"16:00";"1";"04";"04033";"1";"1";"1";"1";"d900";"44,45160100";"6,37184500"
"202400005212";"21";"10";"2024";"23:05";"5";"31";"31555";"2";"1";"1";"6";"MINIMES (BD DES) DU 1AU 76";"43,61553000";"1,44479000"
"202400005213";"6";"06";"2024";"08:30";"1";"2B";"2B319";"2";"9";"1";"3";"Valle Longhe";"42,42041500";"9,52863300"
"202400005214";"5";"06";"2024";"14:00";"1";"65";"65460";"1";"3";"1";"3";"D935";"43,40169200";"0,05339200"
"202400005215";"21";"10";"2024";"13:50";"1";"31";"31483";"2";"1";"1";"2";"GAMBETTA (BOULEVARD)";"43,09725634";"0,71131268"
"202400005216";"5";"06";"2024";"14:00";"1";"81";"81201";"1";"1";"1";"2";"Croix de Mille";"44,07864500";"2,23516000"
"202400005217";"5";"06";"2024";"17:35";"1";"89";"89460";"1";"1";"1";"1";"Route de Misy";"48,35326900";"3,08568800"
"202400005218";"21";"10";"2024";"20:10";"3";"30";"30243";"2";"1";"1";"4";"MONTEE DES CYPRES";"44,09612000";"4,07993000"
"202400005219";"21";"10";"2024";"07:45";"5";"17";"17415";"2";"1";"1";"7";"CHERMIGNAC RUE DE";"45,73370000";" -0,64559000"
"202400005220";"22";"10";"2024";"00:30";"5";"13";"13056";"2";"1";"1";"2";"ZIEM (Avenue Félix)";"43,40198879";"5,04732468"
"202400005221";"21";"10";"2024";"21:30";"5";"13";"13215";"2";"1";"1";"1";"LYON (RUE DE)";"43,32726000";"5,36588000"
"202400005222";"5";"06";"2024";"17:10";"1";"49";"49002";"1";"2";"1";"3";"Route de l'Automne";"47,31430100";"0,00239300"
"202400005223";"21";"10";"2024";"14:45";"1";"13";"13211";"2";"3";"1";"3";"RTE D' ALLAUCH";"43,30100000";"5,50100000"
"202400005224";"5";"06";"2024";"21:00";"1";"12";"12257";"1";"4";"1";"3";"loupiac";"44,53408400";"2,02328700"
"202400005225";"21";"10";"2024";"21:20";"5";"13";"13047";"2";"1";"1";"3";"RADOLFZELL AVENUE DE";"43,49872000";"4,98060000"
"202400005226";"4";"06";"2024";"12:05";"1";"47";"47208";"1";"1";"1";"2";"D933";"44,26848600";"0,05697000"
"202400005227";"5";"06";"2024";"20:11";"1";"68";"68267";"1";"1";"1";"7";"D19";"47,76514700";"7,23290900"
"202400005228";"20";"10";"2024";"19:15";"2";"10";"10343";"2";"3";"1";"1";"GARE (RUE DE LA)";"48,26816000";"4,09871000"
"202400005229";"5";"06";"2024";"17:10";"1";"44";"44163";"2";"1";"1";"1";"11 Rue du Prieuré";"47,40731000";" -1,09795200"