"Num_Acc";"jour";"mois";"an";"hrmn";"lum";"dep";"com";"agg";"int";"atm";"col";"adr";"lat";"long"
"202400005427";"19";"10";"2024";"17:55";"1";"75";"75119";"2";"3";"8";"6";"AVENUE JEAN JAURES";"48,88515300";"2,37943100"
"202400005428";"20";"10";"2024";"17:30";"1";"75";"75116";"2";"2";"1";"3";"ALLEE DE LONGCHAMP";"48,87494200";"2,27110500"
"202400005429";"20";"10";"2024";"15:40";"1";"75";"75115";"2";"1";"1";"3";"BOULEVARD PASTEUR";"48,84492300";"2,31176800"
"202400005430";"20";"10";"2024";"02:45";"5";"75";"75115";"2";"4";"1";"3";"BOULEVARD DU MONTPARNASSE";"48,84501200";"2,31996700"
"202400005431";"20";"10";"2024";"00:55";"5";"75";"75113";"2";"4";"7";"6";"RUE DE TOLBIAC";"48,82732973";"2,36905852"
"202400005432";"20";"10";"2024";"00:42";"5";"75";"75110";"2";"3";"1";"6";"RUE DU FAUBOURG POISSONNIERE";"48,87244500";"2,34797000"
"202400005433";"19";"03";"2024";"19:05";"2";"47";"47060";"1";"1";"1";"6";"2386 Route de Saint Sixte";"44,12309100";"0,76385400"
"202400005434";"21";"03";"2024";"20:50";"3";"08";"08115";"1";"1";"1";"6";"D977";"49,62444308";"4,85854101"
"202400005435";"22";"03";"2024";"08:30";"1";"73";"73269";"1";"2";"1";"3";"D921C / D41";"45,68053500";"5,79027800"
"202400005436";"20";"03";"2024";"14:30";"1";"43";"43033";"1";"1";"1";"5";"D20";"45,31459700";"3,20984800"
"202400005437";"20";"03";"2024";"21:12";"5";"45";"45247";"2";"3";"1";"3";"D94 PR 3 + 999";"48,01043900";"2,69315800"
"202400005438";"22";"03";"2024";"11:15";"1";"18";"18272";"1";"1";"1";"1";"N/A";"47,27364600";"2,74004800"
"202400005439";"22";"03";"2024";"14:00";"1";"84";"84116";"2";"1";"1";"2";"Route de Nyons";"44,25834300";"5,09731900"
"202400005440";"22";"03";"2024";"15:30";"1";"81";"81238";"2";"3";"1";"2";"89 Avenue de la Méditerranée";"43,47847100";"2,48643500"
"202400005441";"18";"03";"2024";"16:45";"1";"11";"11203";"2";"1";"1";"3";"Avenue Marechal Joffre";"43,19883000";"2,75829300"
"202400005442";"21";"03";"2024";"15:40";"1";"86";"86198";"1";"1";"1";"7";"Route de Chauvigny";"46,54256100";"0,58959300"
"202400005443";"22";"03";"2024";"01:40";"3";"35";"35063";"1";"1";"5";"2";"A84 PK125.000";"48,31780661";" -1,33057533"
"202400005444";"21";"03";"2024";"09:37";"1";"06";"06064";"1";"1";"1";"1";"Route de la Manda";"43,76904800";"7,18018800"
"202400005445";"21";"03";"2024";"15:30";"1";"83";"83116";"1";"3";"1";"1";"Dn7";"43,45865900";"5,83560700"
"202400005446";"22";"03";"2024";"06:33";"2";"95";"95660";"1";"1";"1";"3";"D909";"49,07489794";"2,34695280"
"202400005447";"21";"03";"2024";"09:15";"1";"51";"51247";"1";"2";"1";"1";"D343";"48,86862500";"3,84854600"
"202400005448";"21";"03";"2024";"08:00";"1";"51";"51149";"1";"1";"1";"4";"RN 44";"48,90160000";"4,44770300"
"202400005449";"21";"03";"2024";"16:30";"1";"76";"76689";"1";"6";"1";"4";"Route Departementale 926";"49,70380204";"0,50578013"
"202400005450";"21";"03";"2024";"18:00";"1";"80";"80500";"1";"2";"1";"1";"D48";"50,01628100";"1,57616300"
"202400005451";"22";"03";"2024";"01:30";"3";"80";"80622";"1";"1";"1";"7";"D121";"49,92527400";"2,14260200"
"202400005452";"21";"03";"2024";"11:48";"1";"11";"11094";"1";"1";"1";"6";"N/A";"43,03520700";"2,41514700"
"202400005453";"21";"03";"2024";"16:30";"1";"89";"89418";"1";"1";"1";"6";"Les Terres de Soulangy";"47,85063600";"4,03893500"
"202400005454";"21";"03";"2024";"07:00";"1";"63";"63453";"2";"6";"1";"3";"RD2089 Jacques Duclos/RDZAC du Gros chêne";"45,78627500";"3,28062600"
"202400005455";"21";"03";"2024";"09:35";"1";"61";"61332";"1";"3";"5";"4";"D924";"48,70357900";" -0,34662700"
"202400005456";"22";"03";"2024";"05:35";"3";"61";"61508";"1";"1";"5";"6";"D16 PR55+940";"48,93556700";"0,20837500"
"202400005457";"19";"03";"2024";"15:25";"1";"46";"46293";"1";"1";"1";"6";"Chemin des Granges";"44,88394900";"1,56524100"
"202400005458";"22";"03";"2024";"07:30";"1";"25";"25527";"2";"2";"1";"3";"Rue du Creux du Loup";"47,18359500";"5,81218100"
"202400005459";"21";"03";"2024";"14:00";"1";"25";"25612";"1";"1";"1";"6";"RD 14";"47,34033500";"6,08110400"
"202400005460";"18";"03";"2024";"18:25";"2";"31";"31311";"1";"1";"1";"1";"Route des Vins";"43,81675787";"1,52794257"
"202400005461";"21";"03";"2024";"18:00";"1";"84";"84050";"1";"1";"1";"1";"1729 D207";"43,88307800";"5,18901200"
"202400005462";"20";"03";"2024";"17:00";"1";"03";"03304";"2";"3";"1";"1";"RD 27 intersection rue de CHAMPOUX";"46,16698900";"3,33624400"
"202400005463";"22";"03";"2024";"15:50";"1";"15";"15265";"1";"2";"1";"1";"RD 922";"45,33049700";"2,42800800"
"202400005464";"21";"03";"2024";"13:00";"1";"58";"58229";"1";"1";"1";"7";"D20";"47,42213500";"3,88335600"
"202400005465";"22";"03";"2024";"05:20";"3";"14";"14161";"1";"1";"1";"1";"426 Route de Dives";"49,22325900";"0,11909000"
"202400005466";"21";"03";"2024";"08:15";"2";"14";"14716";"1";"1";"5";"1";"Route des Vallées";"49,18031100";" -0,71627300"
"202400005467";"20";"03";"2024";"12:30";"1";"43";"43137";"2";"9";"1";"3";"45 Avenue de la Libération";"45,28981300";"4,17011400"
"202400005468";"22";"03";"2024";"14:21";"1";"10";"10323";"2";"1";"1";"3";"Rue du Maréchal Lyautey";"48,50425800";"3,73515700"
"202400005469";"22";"03";"2024";"19:50";"3";"36";"36226";"1";"1";"1";"6";"Les Loges des Bois";"46,60362834";"1,86502130"
"202400005470";"21";"03";"2024";"23:00";"3";"07";"07337";"1";"1";"1";"6";"route de talentieux";"45,23390200";"4,72107900"
"202400005471";"1";"03";"2024";"13:16";"1";"04";"04209";"2";"6";"1";"3";"Avenue du Jabron";"44,18620100";"5,93970100"
"202400005472";"21";"03";"2024";"16:00";"1";"04";"04022";"1";"1";"1";"6";"RN85";"43,96046420";"6,34397569"
"202400005473";"22";"03";"2024";"16:28";"1";"27";"27463";"1";"1";"1";"1";"D438";"49,12671900";"0,63626300"
"202400005474";"22";"03";"2024";"17:15";"1";"87";"87187";"1";"1";"1";"1";"Route du Pont des Farges";"45,55986500";"1,19054700"
"202400005475";"22";"03";"2024";"10:15";"1";"08";"08251";"1";"1";"1";"1";"N/A";"49,74876200";"4,45202700"
"202400005476";"21";"03";"2024";"17:15";"1";"35";"35206";"1";"1";"1";"5";"la Boisardière";"48,04104664";" -1,62531611"
"202400005477";"21";"03";"2024";"20:10";"4";"69";"69244";"2";"2";"1";"6";"101 Avenue Charles de Gaulle";"45,76306200";"4,78043100"
"202400005478";"20";"03";"2024";"22:03";"3";"01";"01089";"1";"1";"1";"2";"A42 PK 041+000 sens LYON/GENÈVE";"45,96718500";"5,30767900"
"202400005479";"21";"03";"2024";"08:00";"1";"42";"42255";"1";"1";"1";"6";"Route de Planchetorse";"45,89172600";"3,86329300"
"202400005480";"8";"02";"2024";"09:30";"1";"69";"69097";"1";"1";"1";"1";"Route départementale 28E2";"45,50788916";"4,72241892"
"202400005481";"17";"03";"2024";"06:30";"2";"971";"97115";"1";"1";"1";"1";"Bréfort";"16,26415900";" -61,64453900"
"202400005482";"22";"03";"2024";"16:10";"1";"33";"33085";"1";"1";"1";"1";"N/A";"44,77483400";" -0,49245400"
"202400005483";"21";"03";"2024";"17:35";"1";"77";"77329";"2";"3";"7";"3";"Rue des Arches";"48,25920900";"2,81139000"
"202400005484";"21";"03";"2024";"18:10";"1";"13";"13027";"1";"6";"1";"3";"rond point route d'avignon D34";"43,89431300";"4,82249400"
"202400005485";"22";"03";"2024";"15:20";"1";"42";"42165";"1";"1";"1";"1";"Route de Feurs";"45,77991900";"4,32439100"
"202400005486";"22";"03";"2024";"17:45";"2";"42";"42107";"1";"1";"7";"1";"Route des Limites";"45,54304700";"3,94721900"
"202400005487";"21";"03";"2024";"17:00";"1";"38";"38449";"2";"1";"1";"6";"Boulevard de Tharabie";"45,64980100";"5,10019900"
"202400005488";"20";"03";"2024";"08:00";"1";"01";"01027";"1";"3";"1";"3";"D84c";"45,83469400";"5,08356900"
"202400005489";"21";"03";"2024";"14:45";"1";"64";"64230";"1";"1";"1";"7";"D24";"43,22785800";" -0,43459300"
"202400005490";"22";"03";"2024";"20:15";"3";"33";"33517";"1";"1";"1";"6";"N/A";"45,05602300";" -0,70777100"
"202400005491";"22";"03";"2024";"15:15";"1";"33";"33256";"2";"1";"1";"7";"N/A";"44,97729200";" -0,60514900"
"202400005492";"22";"03";"2024";"13:15";"1";"22";"22277";"1";"2";"1";"3";"Les Bruyères";"48,40568100";" -2,87268900"
"202400005493";"22";"03";"2024";"01:35";"3";"60";"60134";"1";"1";"1";"7";"Rue du Bout du Monde";"49,31184100";"2,42412700"
"202400005494";"22";"03";"2024";"12:00";"1";"59";"59036";"2";"1";"1";"2";"Rue de France";"50,12125700";"3,93340100"
"202400005495";"21";"03";"2024";"18:00";"1";"13";"13028";"1";"1";"1";"3";"A50";"43,20780590";"5,61616850"
"202400005496";"20";"03";"2024";"09:00";"1";"67";"67124";"1";"1";"1";"3";"M35";"48,52181000";"7,63491000"
"202400005497";"21";"03";"2024";"16:05";"1";"33";"33090";"1";"1";"1";"3";"N/A";"44,77070000";" -0,66090000"
"202400005498";"21";"03";"2024";"06:50";"2";"33";"33162";"1";"1";"1";"6";"N/A";"44,85906000";" -0,66149000"
"202400005499";"18";"03";"2024";"10:30";"1";"59";"59179";"1";"1";"1";"6";"AUTOROUTE A2";"50,29766095";"3,36698567"
"202400005500";"21";"03";"2024";"17:30";"1";"91";"91617";"1";"1";"1";"2";"RN 104";"48,63175900";"2,52093200"
"202400005501";"21";"03";"2024";"17:00";"1";"92";"92060";"1";"1";"1";"4";"RN 385 Extèrieure";"48,77324523";"2,24198907"
"202400005502";"21";"03";"2024";"12:40";"1";"91";"91228";"1";"1";"1";"2";"RN 104";"48,62480800";"2,41779200"
"202400005503";"21";"03";"2024";"06:10";"2";"91";"91521";"1";"1";"1";"7";"RN 104";"48,62633000";"2,39777000"
"202400005504";"21";"03";"2024";"16:45";"1";"92";"92036";"1";"1";"7";"5";"A86";"48,93595200";"2,28705609"
"202400005505";"21";"03";"2024";"20:05";"3";"95";"95500";"1";"1";"1";"2";"A15";"49,03816574";"2,08861975"
"202400005506";"21";"03";"2024";"08:15";"1";"95";"95018";"1";"1";"1";"2";"A15";"48,95915800";"2,27298835"
"202400005507";"21";"03";"2024";"02:50";"4";"93";"93027";"1";"1";"1";"6";"A16";"48,92610771";"2,40185402"
"202400005508";"20";"03";"2024";"08:00";"1";"93";"93053";"1";"1";"1";"6";"A3";"48,89292727";"2,47244859"
"202400005509";"20";"03";"2024";"09:00";"1";"93";"93066";"1";"1";"1";"5";"A1";"48,92985457";"2,36307976"
"202400005510";"21";"03";"2024";"18:30";"3";"94";"94004";"1";"1";"1";"6";"34 Avenue du Général Leclerc";"48,74909700";"2,50856200"
"202400005511";"21";"03";"2024";"19:25";"2";"94";"94022";"1";"1";"1";"5";"A86";"48,77637562";"2,42140187"
"202400005512";"21";"03";"2024";"09:30";"1";"94";"94065";"1";"1";"1";"2";"A86";"48,75377346";"2,36791259"
"202400005513";"20";"03";"2024";"14:00";"1";"75";"75112";"1";"1";"1";"2";"A4";"48,82509100";"2,46387900"
"202400005514";"20";"03";"2024";"08:00";"1";"77";"77373";"1";"1";"1";"2";"RN104";"48,79060444";"2,61841859"
"202400005515";"20";"03";"2024";"06:30";"2";"94";"94028";"1";"1";"1";"5";"A86";"48,77622723";"2,42988971"
"202400005516";"7";"03";"2024";"13:20";"1";"44";"44190";"2";"1";"8";"2";"72 Route de Clisson";"47,19097565";" -1,52260338"
"202400005517";"6";"03";"2024";"00:20";"5";"44";"44109";"2";"3";"8";"2";"Quai de la Fosse";"47,20889932";" -1,56721683"
"202400005518";"6";"03";"2024";"09:50";"1";"44";"44109";"2";"6";"8";"3";"13 Rue Gaëtan Rondeau";"47,20678936";" -1,53329691"
"202400005519";"1";"03";"2024";"09:45";"1";"44";"44190";"2";"1";"8";"3";"162 Route de Clisson";"47,18931460";" -1,51375981"
"202400005520";"19";"01";"2024";"22:55";"5";"14";"14118";"2";"3";"9";"6";"24 Rue du Blanc";"49,17242193";" -0,38114727"
"202400005521";"1";"03";"2024";"17:10";"1";"44";"44162";"2";"1";"1";"6";"Boulevard Charles De Gaulle";"47,21100000";" -1,62900000"
"202400005522";"7";"01";"2024";"06:35";"5";"75";"75120";"2";"3";"1";"2";"RUE DU COMMANDANT L HERMINIER";"48,84793900";"2,41614600"
"202400005523";"20";"03";"2024";"09:50";"1";"974";"97411";"2";"2";"1";"6";"MANES (RUE EDOUARD)";" -20,89530000";"55,49660000"
"202400005524";"20";"03";"2024";"07:25";"1";"974";"97411";"2";"1";"1";"6";"BOIS DE NEFLES (ROUTE DE)";" -20,89900000";"55,47587000"
"202400005525";"20";"03";"2024";"16:50";"1";"69";"69383";"2";"2";"1";"6";"57 Cours Eugénie";"45,74442000";"4,88782000"
"202400005526";"20";"03";"2024";"20:30";"5";"69";"69389";"2";"3";"1";"3";"Rue Marietton";"45,77497000";"4,80806000"
"202400005527";"8";"07";"2024";"10:21";"1";"91";"91345";"1";"1";"1";"5";"AUTOROUTE A6";"48,68856000";"2,32483000"
"202400005528";"20";"03";"2024";"08:44";"1";"2B";"2B037";"2";"1";"1";"4";"TOUTES RUES";"42,61000000";"9,41000000"
"202400005529";"20";"03";"2024";"08:50";"1";"95";"95219";"2";"6";"1";"6";"PAUL ELUARD (RUE)";"48,98577128";"2,25599483"
"202400005530";"8";"07";"2024";"17:50";"1";"78";"78118";"1";"1";"1";"2";"A13";"48,98632000";"1,66727300"
"202400005531";"6";"07";"2024";"20:40";"1";"78";"78640";"1";"1";"1";"7";"N118";"48,78111100";"2,22277100"
"202400005532";"20";"03";"2024";"20:10";"5";"91";"91103";"2";"1";"1";"3";"RUE DU DOCTEUR BABIN";"48,59957000";"2,29338000"
"202400005533";"8";"07";"2024";"21:30";"1";"95";"95256";"1";"1";"1";"6";"N184";"49,05440540";"2,20094562"
"202400005534";"18";"03";"2024";"07:20";"1";"89";"89024";"1";"2";"1";"3";"DE LATTRE DE TASSIGNY (AVENUE)";"47,78934000";"3,55030000"
"202400005535";"8";"07";"2024";"00:05";"3";"95";"95607";"1";"1";"1";"2";"A115";"49,01377761";"2,21911270"
"202400005536";"20";"03";"2024";"09:21";"1";"87";"87085";"2";"2";"1";"3";"BORIE (BOULEVARD DE LA)";"45,83980000";"1,23481000"
"202400005537";"7";"07";"2024";"21:05";"1";"92";"92036";"1";"1";"1";"3";"AUTOROUTE A15";"48,94364712";"2,28775617"
"202400005538";"19";"03";"2024";"16:37";"1";"87";"87050";"2";"1";"1";"3";"Avenue de Limoges";"45,86466000";"1,23802000"
"202400005539";"8";"07";"2024";"09:00";"1";"94";"94004";"1";"1";"1";"3";"N19";"48,75025640";"2,51474261"
"202400005540";"19";"03";"2024";"15:45";"1";"87";"87065";"2";"1";"1";"2";"VALIN (AVENUE MARTIAL)";"45,81551000";"1,31370000"
"202400005541";"8";"01";"2024";"22:30";"5";"93";"93008";"2";"1";"4";"2";"Rue de Paris";"48,90000000";"2,45000000"
"202400005542";"18";"03";"2024";"17:08";"1";"87";"87085";"2";"7";"1";"3";"DUSSOUBS (PLACE DENIS)";"45,83294000";"1,25580000"
"202400005543";"7";"02";"2024";"01:20";"3";"93";"93027";"1";"1";"1";"6";"A86";"48,92750900";"2,40851641"
"202400005544";"18";"03";"2024";"11:46";"1";"87";"87085";"2";"1";"1";"6";"LOCARNO (AVENUE)";"45,83453000";"1,27028000"
"202400005545";"20";"03";"2024";"17:45";"1";"85";"85194";"2";"1";"1";"7";"Boulevard de l'île vertime";"46,50392000";" -1,78834000"
"202400005546";"20";"03";"2024";"16:30";"1";"85";"85194";"2";"1";"1";"1";"Avenue de talmont";"46,48330650";" -1,72383420"
"202400005547";"6";"02";"2024";"23:00";"3";"93";"93029";"1";"1";"1";"7";"AUTOROUTE A86";"48,91914140";"2,42853445"
"202400005548";"20";"03";"2024";"09:30";"1";"84";"84080";"1";"6";"1";"6";"BEAULIEU ALLEE DE";"44,01910000";"4,96835000"
"202400005549";"17";"03";"2024";"15:20";"1";"84";"84007";"2";"3";"8";"7";"TRILLADE (avenue de la )";"43,94077000";"4,81678000"
"202400005550";"19";"03";"2024";"20:30";"5";"78";"78440";"2";"2";"1";"3";"LEON BLUM (AVENUE)";"48,98767000";"1,92236000"
"202400005551";"16";"03";"2024";"18:35";"1";"78";"78644";"2";"9";"1";"6";"NOES  (AVENUE DES)";"48,75961000";"1,96445000"
"202400005552";"20";"03";"2024";"09:00";"1";"77";"77449";"2";"2";"1";"1";"D344";"48,85384000";"2,77373000"
"202400005553";"6";"02";"2024";"17:45";"1";"93";"93066";"2";"9";"1";"5";"AUTOROUTE A1";"48,91505893";"2,35777974"
"202400005554";"19";"03";"2024";"11:30";"1";"76";"76351";"2";"3";"1";"6";"ROGER SALENGRO";"49,50877000";"0,10897000"
"202400005555";"6";"02";"2024";"17:45";"3";"93";"93053";"1";"1";"2";"7";"AUTOROUTE A3";"48,88402776";"2,45995123"
"202400005556";"8";"07";"2024";"02:10";"5";"974";"97411";"2";"1";"1";"6";"TOPAZES(ALLEE DES)";" -20,89214664";"55,44452906"
"202400005557";"20";"03";"2024";"20:05";"5";"69";"69266";"2";"4";"1";"3";"Cours Tolstoï";"45,75962755";"4,88997087"
"202400005558";"7";"07";"2024";"21:00";"3";"973";"97302";"2";"1";"1";"7";"MONTABO (ROUTE DE) 1";"4,94432000";" -52,31775000"
"202400005559";"19";"03";"2024";"19:45";"2";"69";"69029";"2";"9";"1";"3";"3 Rue Lionel Terray";"45,73032000";"4,88967000"
"202400005560";"7";"07";"2024";"22:48";"5";"69";"69386";"2";"2";"1";"3";"Rue Notre-Dame";"45,76521000";"4,86790000"
"202400005561";"20";"03";"2024";"10:00";"1";"67";"67482";"2";"3";"1";"3";"PRESIDENT WILSON (BOULEVARD)";"48,58748000";"7,73868000"
"202400005562";"7";"07";"2024";"05:50";"2";"69";"69259";"2";"2";"1";"2";"Boulevard Ambroise Croizat";"45,69708000";"4,88756000"
"202400005563";"20";"03";"2024";"11:10";"1";"64";"64122";"2";"1";"1";"6";"N/A";"43,48070000";" -1,55870000"
"202400005564";"7";"07";"2024";"06:15";"5";"2B";"2B033";"2";"1";"1";"1";"TUNNEL";"42,69457000";"9,45245000"
"202400005565";"20";"03";"2024";"07:00";"2";"64";"64122";"2";"2";"1";"1";"FRANCIS JAMMES (RUE)";"43,46240000";" -1,55120000"
"202400005566";"7";"07";"2024";"17:30";"1";"95";"95424";"2";"9";"1";"1";"D122";"48,98539100";"2,19720300"
"202400005567";"20";"03";"2024";"05:20";"2";"62";"62498";"2";"4";"1";"3";"D162E2";"50,43700000";"2,84210000"
"202400005568";"7";"07";"2024";"13:30";"1";"91";"91377";"2";"1";"1";"6";"RUE GAMBETTA";"48,73021000";"2,27640000"
"202400005569";"19";"03";"2024";"17:25";"1";"54";"54547";"1";"1";"1";"2";"Route de Mirecourt";"48,66371205";"6,18920267"
"202400005570";"20";"03";"2024";"20:05";"5";"51";"51454";"1";"1";"1";"6";"CHALONS (ROUTE DE) RN 44";"49,23412000";"4,07849000"
"202400005571";"20";"03";"2024";"14:20";"1";"51";"51454";"2";"9";"1";"3";"TAITTINGER (RUE PIERRE)";"49,23601000";"4,00618000"
"202400005572";"7";"07";"2024";"21:10";"1";"88";"88428";"1";"1";"1";"3";"ROUTE D'HERBAVILLE";"48,30639000";"6,90756000"
"202400005573";"20";"03";"2024";"15:49";"1";"51";"51454";"2";"1";"1";"2";"CAPUCINS (RUE DES)";"49,24703000";"4,03435000"
"202400005574";"6";"07";"2024";"18:00";"1";"86";"86066";"2";"2";"1";"3";"Avenue des Stades";"46,81126000";"0,52739000"
"202400005575";"20";"03";"2024";"14:40";"1";"49";"49328";"2";"6";"1";"3";"RENAULT (BOULEVARD LOUIS)";"47,25355000";" -0,08536000"
"202400005576";"7";"07";"2024";"17:10";"1";"84";"84031";"2";"1";"1";"2";"SAINT ROCH AVENUE";"44,07951000";"5,06689000"
"202400005577";"21";"02";"2024";"15:30";"1";"49";"49099";"2";"1";"2";"6";"CLEMENCEAU (RUE GEORGES)";"47,06185000";" -0,87883000"
"202400005578";"6";"07";"2024";"13:20";"1";"84";"84080";"1";"3";"1";"5";"SAINT GENS CHEMIN DE";"44,03588000";"5,00704000"
"202400005579";"19";"03";"2024";"14:05";"1";"49";"49007";"2";"1";"1";"6";"RABELAIS";"47,46168000";" -0,54691000"
"202400005580";"20";"03";"2024";"13:20";"1";"37";"37261";"2";"1";"1";"3";"GRAMMONT (AVENUE DE)";"47,38139985";"0,69263488"
"202400005581";"20";"03";"2024";"18:30";"1";"35";"35238";"2";"1";"1";"6";"BELLANGERAIS (DE LA)";"48,12933174";" -1,67310432"
"202400005582";"6";"07";"2024";"18:35";"1";"76";"76114";"2";"3";"1";"3";"MARECHAL FOCH (AVENUE DU) N°1/45  2/14";"49,56271000";"0,47468000"
"202400005583";"20";"03";"2024";"09:10";"1";"34";"34032";"1";"3";"1";"3";"FOCH MARECHAL FERDINAND (AVENUE DU)";"43,35174000";"3,22022000"
"202400005584";"20";"03";"2024";"08:40";"1";"33";"33318";"2";"1";"1";"7";"Avenue du Pont de l'Orient";"44,80798000";" -0,64942000"
"202400005585";"7";"07";"2024";"05:14";"5";"74";"74010";"2";"6";"2";"3";"FRANCE (AVENUE)(SECTEUR 310)";"45,90720000";"6,14084000"
"202400005586";"17";"03";"2024";"11:40";"1";"33";"33075";"2";"2";"1";"3";"N/A";"44,87963800";" -0,62679200"
"202400005587";"7";"07";"2024";"05:35";"5";"73";"73065";"1";"1";"1";"6";"N201";"45,58269405";"5,91121852"
"202400005588";"7";"07";"2024";"21:15";"2";"63";"63308";"1";"1";"1";"1";"GRAVENOIRE (PETIT CHEMIN DE)";"45,74908000";"3,04620000"
"202400005589";"20";"03";"2024";"06:40";"2";"33";"33063";"2";"2";"1";"3";"N/A";"44,85921000";" -0,58940000"
"202400005590";"7";"07";"2024";"03:40";"5";"62";"62239";"2";"6";"1";"6";"Avenue Charles de Gaulle";"50,92943000";"1,79821000"
"202400005591";"20";"03";"2024";"20:20";"5";"31";"31149";"2";"6";"1";"3";"Rond Point fontaine lumineuse";"43,60912246";"1,35273993"
"202400005592";"23";"07";"2024";"16:30";"1";"60";"60159";"2";"3";"1";"3";"Rue Lavoisier";"49,39684000";"2,79647000"
"202400005593";"20";"03";"2024";"17:15";"1";"28";"28134";"2";"6";"1";"3";"TRAIT D'UNION (RUE DU)";"48,74207000";"1,38771000"
"202400005594";"7";"07";"2024";"16:20";"1";"56";"56206";"1";"9";"1";"3";"Route de Rennes";"47,66972000";" -2,72508000"
"202400005595";"19";"03";"2024";"08:30";"1";"27";"27299";"2";"1";"1";"7";"BRIAND (AVENUE ARISTIDE)";"49,05692000";"1,16835000"
"202400005596";"7";"07";"2024";"14:10";"1";"54";"54254";"1";"1";"1";"7";"RN52";"49,48698000";"5,81390000"
"202400005597";"20";"03";"2024";"14:20";"1";"25";"25056";"2";"1";"7";"3";"KENNEDY  BOULEVARD J.F.";"47,24133000";"5,99247000"
"202400005598";"5";"07";"2024";"23:10";"3";"47";"47201";"1";"1";"1";"3";"RN21";"44,17082000";"0,61138000"
"202400005599";"19";"03";"2024";"18:39";"1";"25";"25056";"2";"2";"1";"1";"LAGRANGE  AVENUE LEO";"47,24500000";"6,00300000"
"202400005600";"7";"07";"2024";"11:55";"1";"45";"45338";"2";"2";"1";"2";"79 Rue Jean Mermoz";"47,98111000";"2,71636000"
"202400005601";"19";"03";"2024";"10:40";"1";"23";"23096";"2";"3";"1";"3";"MENDES FRANCE (AVENUE)";"46,16526000";"1,87310000"
"202400005602";"7";"07";"2024";"08:15";"1";"37";"37261";"2";"2";"1";"3";"GIRAUDEAU (RUE)";"47,38729000";"0,67659000"
"202400005603";"20";"03";"2024";"20:00";"1";"19";"19031";"2";"1";"1";"3";"POMPIDOU (AVENUE GEORGES)";"45,15769643";"1,54486620"
"202400005604";"7";"07";"2024";"11:30";"1";"34";"34301";"2";"1";"1";"3";"BLANC CAMILLE (BOULEVARD)";"43,40484000";"3,66303000"
"202400005605";"20";"03";"2024";"07:45";"1";"17";"17415";"2";"6";"1";"3";"DICONCHE";"45,72443000";" -0,64030000"
"202400005606";"7";"07";"2024";"10:42";"1";"34";"34172";"2";"1";"1";"6";"RABELAIS (BOULEVARD)";"43,60118000";"3,88166000"
"202400005607";"20";"03";"2024";"09:55";"1";"17";"17306";"2";"1";"1";"6";"REGAZZONI (AVENUE CHARLES)";"45,63610200";" -1,03719500"
"202400005608";"7";"07";"2024";"10:50";"1";"29";"29039";"1";"3";"8";"7";"Rue Parmentier";"47,87446000";" -3,87913000"
"202400005609";"20";"03";"2024";"23:25";"5";"13";"13208";"2";"1";"1";"1";"BARRAL (BOULEVARD)";"43,26300000";"5,39300000"
"202400005610";"20";"03";"2024";"18:00";"1";"13";"13210";"2";"1";"1";"1";"MARCEL ACHILLE (BOULEVARD)";"43,27000000";"5,42600000"
"202400005611";"20";"03";"2024";"11:30";"1";"13";"13209";"2";"1";"1";"3";"GUSTAVE GANAY (BOULEVARD)";"43,26580651";"5,39972215"
"202400005612";"7";"07";"2024";"20:10";"1";"13";"13214";"2";"1";"1";"6";"MORETTI (BOULEVARD)";"43,32555000";"5,38110000"
"202400005613";"20";"03";"2024";"06:55";"1";"13";"13209";"2";"1";"1";"2";"MICHELET (BOULEVARD)";"43,27112546";"5,39186613"
"202400005614";"18";"03";"2024";"08:30";"1";"12";"12176";"1";"1";"2";"1";"D888";"44,37416000";"2,59661000"
"202400005615";"6";"07";"2024";"12:15";"1";"07";"07116";"1";"1";"1";"1";"RN 102";"44,63952000";"4,37219000"
"202400005616";"20";"03";"2024";"13:40";"1";"09";"09225";"2";"1";"1";"3";"MILLIANE ESPLANADE DE";"43,11869000";"1,61432000"
"202400005617";"7";"07";"2024";"14:50";"1";"06";"06088";"2";"2";"1";"6";"Rue Vernier";"43,70700000";"7,25981000"
"202400005618";"20";"03";"2024";"05:38";"5";"06";"06027";"2";"2";"1";"3";"Avenue de Nice";"43,65895210";"7,16275340"
"202400005619";"7";"07";"2024";"13:20";"1";"06";"06088";"2";"2";"1";"3";"68 Boulevard Auguste Raynaud";"43,71661200";"7,25732700"
"202400005620";"19";"03";"2024";"13:10";"1";"06";"06004";"2";"1";"1";"1";"Chemin de Saint Claude";"43,60109000";"7,09574000"
"202400005621";"7";"07";"2024";"19:00";"1";"04";"04070";"2";"1";"1";"6";"BARLES (ROUTE DE)";"44,11961000";"6,23425000"
"202400005622";"20";"03";"2024";"16:45";"1";"75";"75119";"2";"3";"1";"3";"AVENUE DE FLANDRE";"48,88569600";"2,37084400"
"202400005623";"6";"07";"2024";"00:29";"5";"03";"03185";"2";"7";"1";"1";"REPUBLIQUE ( AV. DE LA )";"46,34838000";"2,59485000"