"Num_Acc";"jour";"mois";"an";"hrmn";"lum";"dep";"com";"agg";"int";"atm";"col";"adr";"lat";"long"
"202400005624";"20";"03";"2024";"19:00";"3";"75";"75116";"2";"1";"1";"2";"ROUTE DES TRIBUNES";"48,86163800";"2,23023200"
"202400005625";"6";"07";"2024";"01:58";"5";"75";"75116";"2";"1";"1";"3";"PORTE D AUTEUIL";"48,84657500";"2,25487500"
"202400005626";"17";"03";"2024";"17:30";"1";"75";"75116";"2";"1";"1";"6";"ROUTE DES TRIBUNES";"48,86169400";"2,23025800"
"202400005627";"5";"07";"2024";"05:50";"2";"75";"75118";"2";"1";"1";"4";"BD PERIPHERIQUE INTERIEUR";"48,90098400";"2,34803800"
"202400005628";"20";"03";"2024";"19:15";"2";"75";"75115";"2";"3";"1";"6";"RUE VASCO DE GAMA";"48,83525100";"2,28546600"
"202400005629";"6";"07";"2024";"18:00";"1";"75";"75107";"2";"3";"1";"2";"RUE DE SEVRES";"48,84980100";"2,32332100"
"202400005630";"20";"03";"2024";"18:59";"1";"75";"75115";"2";"2";"1";"2";"RUE FREMICOURT";"48,84734400";"2,29776900"
"202400005631";"20";"03";"2024";"17:30";"1";"75";"75115";"2";"2";"1";"7";"RUE DE SEVRES";"48,84686100";"2,31671100"
"202400005632";"6";"07";"2024";"16:37";"1";"75";"75120";"2";"1";"1";"5";"BD PERIPHERIQUE INTERIEUR";"48,86874200";"2,41325200"
"202400005633";"7";"07";"2024";"12:50";"1";"75";"75106";"2";"5";"1";"1";"RUE DU CHERCHE MIDI";"48,85203700";"2,32980600"
"202400005634";"7";"07";"2024";"09:40";"1";"75";"75119";"2";"1";"1";"6";"RUE DAVID D ANGERS";"48,88224300";"2,39205000"
"202400005635";"20";"03";"2024";"13:15";"1";"75";"75115";"2";"3";"1";"3";"AVENUE DE SUFFREN";"48,85156200";"2,30026900"
"202400005636";"6";"07";"2024";"23:40";"5";"75";"75116";"2";"1";"1";"6";"AVENUE DE NEW YORK";"48,86006800";"2,29068000"
"202400005637";"20";"03";"2024";"16:50";"1";"75";"75113";"2";"3";"1";"3";"BOULEVARD DE L HOPITAL";"48,83325500";"2,35682500"
"202400005638";"7";"07";"2024";"19:00";"1";"75";"75115";"2";"1";"1";"6";"BOULEVARD DES FRERES VOISIN";"48,82789600";"2,27161300"
"202400005639";"19";"03";"2024";"18:20";"1";"75";"75112";"2";"1";"1";"3";"COURS DES MARECHAUX";"48,84255800";"2,43924200"
"202400005640";"5";"07";"2024";"23:45";"5";"75";"75115";"2";"2";"1";"3";"RUE LINOIS";"48,84917000";"2,28185400"
"202400005641";"20";"03";"2024";"16:40";"1";"75";"75110";"2";"1";"7";"7";"RUE DU FAUBOURG SAINT MARTIN";"48,87668300";"2,36094600"
"202400005642";"6";"07";"2024";"12:40";"1";"75";"75113";"2";"3";"1";"2";"BOULEVARD DE L HOPITAL";"48,83576200";"2,35859000"
"202400005643";"20";"03";"2024";"09:38";"1";"75";"75107";"2";"3";"1";"1";"QUAI VOLTAIRE";"48,85925000";"2,33020700"
"202400005644";"7";"07";"2024";"14:53";"1";"75";"75108";"2";"5";"1";"7";"AVENUE DE FRIEDLAND";"48,87484200";"2,30515600"
"202400005645";"20";"03";"2024";"07:19";"2";"75";"75107";"2";"3";"1";"7";"QUAI BRANLY";"48,85905500";"2,29326300"
"202400005646";"6";"07";"2024";"04:20";"5";"75";"75108";"2";"3";"1";"7";"RUE FRANCOIS 1ER";"48,86800300";"2,30468000"
"202400005647";"20";"03";"2024";"19:10";"1";"75";"75104";"2";"3";"1";"6";"RUE BEAUBOURG";"48,86088500";"2,35332100"
"202400005648";"7";"07";"2024";"15:30";"1";"75";"75101";"2";"3";"1";"3";"AVENUE DE L OPERA";"48,86655600";"2,33407400"
"202400005649";"20";"03";"2024";"00:45";"5";"75";"75104";"2";"3";"1";"6";"RUE DE RIVOLI";"48,85522000";"2,36114300"
"202400005650";"19";"03";"2024";"11:30";"1";"75";"75101";"2";"1";"1";"1";"RUE DE RIVOLI";"48,86499200";"2,32838800"
"202400005651";"7";"07";"2024";"16:30";"1";"94";"94078";"2";"1";"1";"2";"Rue Marc Seguin";"48,74699300";"2,45061900"
"202400005652";"19";"03";"2024";"09:05";"1";"75";"75104";"2";"2";"1";"7";"QUAI DE L HOTEL DE VILLE";"48,85436083";"2,35495037"
"202400005653";"7";"07";"2024";"03:05";"5";"94";"94076";"2";"1";"1";"6";"Rue du Moulin de Saquet";"48,79006000";"2,37402000"
"202400005654";"20";"03";"2024";"18:20";"1";"94";"94081";"2";"1";"1";"4";"Avenue du Moulin de Saquet";"48,78861000";"2,37632000"
"202400005655";"7";"07";"2024";"11:00";"1";"94";"94034";"2";"9";"1";"3";"Rue de la Loge";"48,75354700";"2,32803700"
"202400005656";"20";"03";"2024";"22:00";"5";"94";"94073";"2";"3";"1";"3";"Rue Henri Dunant / Avenue du Général de Gaulle";"48,76862600";"2,36881300"
"202400005657";"7";"07";"2024";"17:30";"1";"93";"93073";"1";"1";"1";"6";"CHAPIT RE ( RUE DU)";"48,98949045";"2,52173717"
"202400005658";"20";"03";"2024";"14:02";"1";"94";"94022";"2";"3";"1";"6";"Boulevard des Alliés / Rue Louise Michel";"48,76576000";"2,40483000"
"202400005659";"7";"07";"2024";"02:45";"5";"93";"93072";"2";"3";"1";"3";"Avenue de Stalingrad / Avenue Paul Vaillant-Couturier";"48,94867000";"2,38056000"
"202400005660";"20";"03";"2024";"06:40";"2";"77";"77291";"1";"1";"1";"2";"CHAPIT RE ( RUE DU)";"49,00517000";"2,58922000"
"202400005661";"7";"07";"2024";"18:55";"1";"93";"93048";"2";"1";"1";"3";"Boulevard Paul Vaillant Couturier";"48,86718612";"2,44564176"
"202400005662";"20";"03";"2024";"19:15";"5";"93";"93066";"2";"5";"1";"3";"Avenue du Président Wilson / Rue du Landy";"48,91542700";"2,35765600"
"202400005663";"20";"03";"2024";"11:50";"1";"93";"93064";"2";"1";"1";"4";"Rue Lavoisier";"48,86265600";"2,49357800"
"202400005664";"7";"07";"2024";"05:00";"2";"92";"92051";"2";"1";"1";"7";"GENERAL LECLERC (BOULEVARD DU, N° 1 A 27";"48,88927710";"2,25936091"
"202400005665";"7";"07";"2024";"05:45";"2";"92";"92050";"2";"1";"1";"7";"CLEMENCEAU GEORGES AVENUE N° PAIR";"48,88563867";"2,21943516"
"202400005666";"19";"03";"2024";"12:05";"1";"93";"93053";"2";"5";"1";"1";"Avenue Marceau / Boulevard Michelet";"48,89049000";"2,45950000"
"202400005667";"7";"07";"2024";"16:45";"1";"78";"78356";"1";"1";"1";"7";"D91";"48,74543600";"2,02030400"
"202400005668";"20";"03";"2024";"12:30";"1";"93";"93071";"2";"1";"1";"3";"Allée de Villenaut";"48,92976274";"2,51717949"
"202400005669";"20";"03";"2024";"12:30";"1";"92";"92046";"2";"1";"1";"3";"GABRIEL PERI";"48,81924840";"2,29763675"
"202400005670";"6";"07";"2024";"21:15";"1";"76";"76543";"1";"2";"1";"3";"D149 Intersection route de raffetot";"49,61096200";"0,49764400"
"202400005671";"7";"07";"2024";"17:00";"1";"49";"49244";"1";"1";"8";"7";"Le Calcaire (Montjean-sur-Loire)";"47,37141700";" -0,83429000"
"202400005672";"20";"03";"2024";"19:38";"5";"92";"92073";"2";"9";"1";"4";"PONT DE SURESNES";"48,86689677";"2,22940600"
"202400005673";"7";"07";"2024";"19:15";"1";"08";"08232";"1";"1";"1";"1";"D129";"49,73774900";"4,95625000"
"202400005674";"20";"03";"2024";"12:29";"1";"92";"92012";"2";"1";"1";"2";"JEAN JAURES (BOULEVARD) 217/FIN - 210/FI";"48,83573000";"2,24232000"
"202400005675";"6";"07";"2024";"09:15";"1";"62";"62745";"1";"3";"2";"7";"Rue de Loison";"50,47008400";"1,90792000"
"202400005676";"21";"03";"2024";"17:15";"1";"51";"51423";"2";"1";"1";"6";"Route de Maurupt";"48,75509900";"4,84198800"
"202400005677";"8";"07";"2024";"05:35";"2";"28";"28085";"1";"1";"1";"6";"A11 PK 056+500 vers PARIS";"48,43802700";"1,52435300"
"202400005678";"21";"03";"2024";"15:10";"1";"05";"05174";"1";"3";"1";"3";"route de Pont Saint Esprit";"44,91269200";"6,67197300"
"202400005679";"7";"07";"2024";"23:00";"3";"71";"71481";"1";"1";"1";"6";"Autoroute A6 PK 401.300 sens PARIS LYON";"46,19831000";"4,77814100"
"202400005680";"20";"03";"2024";"18:10";"1";"76";"76404";"1";"2";"1";"1";"D31";"49,55247514";"0,24805496"
"202400005681";"7";"07";"2024";"17:00";"1";"67";"67437";"2";"1";"1";"7";"38 Rue de Dettwiller";"48,74050200";"7,37519400"
"202400005682";"7";"07";"2024";"18:00";"1";"22";"22229";"1";"3";"1";"3";"intersection Départementale 8 et départementale 790";"48,29660300";" -3,22383300"
"202400005683";"20";"03";"2024";"16:55";"1";"74";"74112";"2";"1";"1";"5";"Avenue du Centre";"45,93377800";"6,08497200"
"202400005684";"21";"03";"2024";"09:35";"1";"77";"77242";"2";"1";"1";"6";"D 412";"48,48695300";"3,23169700"
"202400005685";"8";"07";"2024";"13:35";"1";"83";"83070";"2";"3";"1";"3";"Avenue du Cap Nègre";"43,15178300";"6,44419500"
"202400005686";"7";"07";"2024";"15:35";"1";"41";"41184";"1";"1";"1";"7";"bellevue";"47,69050100";"0,93664900"
"202400005687";"21";"03";"2024";"16:45";"1";"79";"79096";"1";"2";"1";"2";"N/A";"46,84698400";" -0,69958400"
"202400005688";"21";"03";"2024";"19:24";"5";"2B";"2B096";"2";"9";"1";"3";"pk 1 T50";"42,30139300";"9,16679300"
"202400005689";"8";"07";"2024";"19:56";"1";"62";"62773";"1";"1";"8";"7";"D52";"50,63626111";"1,77467121"
"202400005690";"20";"03";"2024";"20:22";"3";"82";"82156";"1";"9";"2";"6";"D15";"43,99393400";"0,98241800"
"202400005691";"6";"07";"2024";"14:14";"1";"56";"56101";"1";"1";"1";"7";"Le Faouët Bodery";"47,86862500";" -3,06754600"
"202400005692";"20";"03";"2024";"16:40";"1";"71";"71367";"1";"1";"1";"5";"RD 678";"46,63930100";"5,28429000"
"202400005693";"8";"07";"2024";"09:20";"1";"69";"69248";"1";"1";"1";"6";"1100 Route de la Montagne (Marnand)";"46,03927090";"4,32703395"
"202400005694";"21";"03";"2024";"12:55";"1";"49";"49215";"1";"2";"1";"3";"D347";"47,10184900";" -0,09840500"
"202400005695";"20";"03";"2024";"17:00";"1";"12";"12286";"1";"1";"1";"6";"LE PONT DE LA BOURSE";"43,90951900";"2,74696800"
"202400005696";"18";"06";"2024";"21:24";"2";"69";"69066";"2";"3";"1";"3";"Rue Georges Clémenceau";"46,10037200";"4,32233200"
"202400005697";"20";"03";"2024";"15:30";"1";"47";"47306";"1";"1";"1";"6";"route de castelmoron";"44,38005790";"0,50046685"
"202400005698";"8";"07";"2024";"18:26";"1";"71";"71263";"2";"3";"1";"5";"Rue de Gruay";"46,63566400";"5,21251600"
"202400005699";"20";"03";"2024";"17:00";"1";"68";"68018";"1";"3";"1";"1";"D103";"47,65925100";"7,15809700"
"202400005700";"8";"07";"2024";"19:55";"2";"71";"71162";"2";"3";"1";"3";"Rue de la Côte";"46,98009400";"4,34736300"
"202400005701";"6";"07";"2024";"22:45";"3";"71";"71014";"1";"1";"1";"7";"Route de Saint Denis";"46,97169100";"4,32932700"
"202400005702";"21";"03";"2024";"09:00";"1";"35";"35327";"1";"1";"1";"2";"N157";"48,10326200";" -1,46134300"
"202400005703";"8";"07";"2024";"09:45";"1";"89";"89025";"2";"1";"1";"6";"rue Carnot";"47,49239700";"3,90830600"
"202400005704";"19";"03";"2024";"19:50";"3";"35";"35023";"1";"1";"1";"1";"D62";"48,15609965";" -1,96922824"
"202400005705";"7";"07";"2024";"16:45";"1";"89";"89419";"1";"1";"1";"1";"D965";"47,73880000";"3,33320000"
"202400005706";"18";"03";"2024";"19:40";"4";"38";"38144";"1";"4";"1";"5";"D53";"45,58049600";"5,06309900"
"202400005707";"7";"07";"2024";"21:25";"2";"76";"76374";"2";"6";"1";"3";"rue Jules Verne";"50,01568200";"1,49813400"
"202400005708";"21";"03";"2024";"16:20";"1";"03";"03188";"1";"3";"1";"1";"D987";"46,28859600";"3,25363800"
"202400005709";"7";"07";"2024";"03:52";"3";"49";"49002";"1";"3";"1";"6";"Route du Gue de Louet";"47,33403700";"0,02748800"
"202400005710";"19";"03";"2024";"10:30";"1";"58";"58082";"1";"1";"1";"7";"D161";"47,12116900";"3,93145900"
"202400005711";"7";"07";"2024";"08:30";"2";"29";"29250";"1";"1";"1";"6";"D769";"48,22186042";" -3,58747250"
"202400005712";"19";"03";"2024";"18:20";"1";"66";"66015";"2";"1";"1";"7";"N/A";"42,56246200";"2,87840700"
"202400005713";"25";"06";"2024";"08:15";"1";"38";"38029";"2";"1";"1";"6";"97 Rue des Canuts";"45,57889200";"5,52652800"
"202400005714";"7";"07";"2024";"17:30";"1";"02";"02185";"1";"1";"1";"7";"D11";"49,12660600";"3,18000600"
"202400005715";"7";"07";"2024";"20:00";"1";"03";"03089";"1";"1";"1";"6";"Chemin des trois virons";"46,21678300";"3,00654200"
"202400005716";"21";"03";"2024";"12:15";"1";"06";"06153";"2";"1";"1";"5";"Saint-Dalmas";"44,06649300";"7,20221400"
"202400005717";"7";"07";"2024";"16:05";"1";"01";"01147";"2";"1";"1";"7";"Route de la Bresse";"46,41891100";"5,29353300"
"202400005718";"8";"07";"2024";"15:50";"1";"26";"26112";"1";"1";"1";"3";"1635 Route des Alpes";"44,38789100";"5,23160000"
"202400005719";"6";"07";"2024";"17:15";"1";"58";"58039";"2";"1";"1";"3";"Route Buissonniére";"47,42073400";"3,60570400"
"202400005720";"6";"07";"2024";"16:18";"1";"14";"14578";"1";"3";"1";"3";"Route de Trouville";"49,35542100";"0,17082200"
"202400005721";"8";"07";"2024";"12:35";"1";"05";"05184";"1";"1";"1";"2";"D1085";"44,40596400";"5,96094100"
"202400005722";"8";"07";"2024";"10:00";"1";"50";"50615";"2";"1";"2";"1";"Boulevard de Verdun";"49,50765200";" -1,46619700"
"202400005723";"7";"07";"2024";"16:00";"1";"16";"16339";"1";"1";"1";"1";"N/A";"45,82084000";" -0,11592500"
"202400005724";"7";"07";"2024";"11:30";"1";"04";"04166";"2";"9";"1";"6";"Chemin de la Rouguière";"43,81581800";"6,09692900"
"202400005725";"7";"07";"2024";"17:22";"1";"37";"37064";"1";"2";"1";"3";"D366";"46,87514200";"0,87557200"
"202400005726";"7";"07";"2024";"12:10";"1";"48";"48086";"1";"1";"1";"1";"D906";"44,63374200";"3,89272200"
"202400005727";"8";"07";"2024";"12:20";"1";"34";"34333";"1";"9";"1";"2";"D612";"43,49177100";"3,77451200"
"202400005728";"8";"07";"2024";"12:33";"1";"82";"82037";"1";"1";"7";"6";"PK 398+200 - A20";"44,14251985";"1,50102192"
"202400005729";"1";"07";"2024";"16:00";"1";"91";"91085";"1";"1";"1";"2";"le Bas de Torfou";"48,54696800";"2,21576200"
"202400005730";"7";"07";"2024";"01:00";"3";"31";"31036";"1";"1";"2";"1";"Route de Revel";"43,53150800";"1,57574400"
"202400005731";"8";"07";"2024";"00:15";"3";"13";"13087";"1";"1";"1";"1";"lieu dit la bégude - D7N";"43,48914800";"5,63099700"
"202400005732";"7";"07";"2024";"18:30";"1";"45";"45119";"1";"1";"1";"1";"D2152";"48,15446300";"2,22775700"
"202400005733";"25";"06";"2024";"07:55";"1";"45";"45254";"2";"1";"1";"3";"Allée de Vieux Cours";"47,66741000";"2,60837300"
"202400005734";"7";"07";"2024";"05:20";"2";"77";"77364";"1";"1";"1";"7";"D27";"49,00753200";"2,77234400"
"202400005735";"8";"07";"2024";"12:35";"1";"2A";"2A247";"1";"1";"1";"3";"D368";"41,64080700";"9,22374000"
"202400005736";"8";"07";"2024";"01:08";"5";"66";"66037";"2";"9";"1";"6";"Boulevard de la Cote Radieuse";"42,67882400";"3,03121500"
"202400005737";"8";"07";"2024";"19:15";"1";"83";"83065";"1";"1";"1";"3";"Route Departementale 98a";"43,26160100";"6,59695200"
"202400005738";"7";"07";"2024";"20:31";"1";"13";"13119";"2";"1";"1";"3";"Boulevard du Marechal Juin";"43,25595200";"5,56623800"
"202400005739";"8";"07";"2024";"08:50";"1";"57";"57348";"2";"1";"1";"7";"2 Rue de la Gare";"49,10590500";"7,00332800"
"202400005740";"4";"07";"2024";"19:15";"1";"73";"73178";"1";"1";"1";"7";"D61 Route de la Motte";"45,72872778";"6,13000004"
"202400005741";"7";"07";"2024";"16:46";"1";"69";"69019";"1";"1";"1";"6";"Route du Pizay";"46,13005100";"4,72609000"
"202400005742";"6";"07";"2024";"12:20";"1";"65";"65123";"1";"1";"2";"6";"1154 rte des 2 cols";"43,00345500";"0,19253900"
"202400005743";"8";"07";"2024";"09:30";"1";"17";"17155";"2";"5";"7";"6";"Rue Charles Hérve";"45,73211600";" -1,09890100"
"202400005744";"7";"07";"2024";"17:20";"1";"27";"27279";"2";"2";"1";"3";"Route de la Roche Guyon";"49,08407300";"1,61206100"
"202400005745";"6";"07";"2024";"11:30";"1";"62";"62201";"2";"4";"1";"1";"Rue de l’Eglise";"50,56223140";"1,61739564"
"202400005746";"15";"09";"2024";"00:01";"3";"38";"38442";"1";"1";"1";"6";"447 Route du Col de Porte";"45,33576300";"5,80727800"
"202400005747";"30";"06";"2024";"07:03";"1";"59";"59401";"1";"1";"1";"1";"Route du Mont des Cats";"50,77477400";"2,66274000"
"202400005748";"15";"09";"2024";"17:05";"1";"26";"26235";"2";"6";"6";"2";"D59";"44,36016800";"4,69562500"
"202400005749";"6";"07";"2024";"00:31";"3";"13";"13005";"1";"1";"1";"2";"A50-Sens Aubagne vers Marseille";"43,28848507";"5,54834252"
"202400005750";"6";"07";"2024";"03:45";"3";"69";"69152";"1";"1";"1";"2";"Route de Métropole 7";"45,71187000";"4,82428000"
"202400005751";"16";"09";"2024";"12:10";"1";"69";"69171";"1";"1";"1";"5";"Route Départementale 389";"45,82031579";"4,60559912"
"202400005752";"7";"07";"2024";"04:35";"3";"42";"42218";"1";"1";"1";"6";"RN88";"45,43468702";"4,43040383"
"202400005753";"15";"09";"2024";"16:40";"1";"19";"19211";"2";"1";"1";"1";"D1089";"45,18169991";"1,63784553"
"202400005754";"7";"07";"2024";"16:30";"1";"91";"91521";"1";"1";"1";"4";"AUTOROUTE A6";"48,64142590";"2,39297032"
"202400005755";"21";"08";"2024";"08:41";"2";"72";"72244";"2";"7";"1";"6";"Place Saint Pierre";"47,76635900";" -0,32476200"
"202400005756";"7";"07";"2024";"13:05";"1";"91";"91228";"1";"1";"1";"4";"AUTOROUTE A6";"48,62087000";"2,42492000"
"202400005757";"14";"09";"2024";"15:20";"1";"72";"72154";"1";"2";"1";"3";"Avenue Charles de Gaulle";"47,68558600";" -0,07844400"
"202400005758";"7";"07";"2024";"09:45";"1";"77";"77384";"1";"1";"1";"6";"AUTOROUTE A5A";"48,59439700";"2,63736500"
"202400005759";"7";"07";"2024";"08:40";"1";"91";"91363";"1";"1";"1";"7";"RN 104";"48,63401000";"2,21953000"
"202400005760";"16";"09";"2024";"15:15";"1";"27";"27436";"1";"1";"1";"2";"D140";"48,91738100";"1,00982000"
"202400005761";"16";"09";"2024";"18:50";"1";"33";"33281";"1";"1";"1";"2";"N/A";"44,82002000";" -0,67366000"
"202400005762";"7";"07";"2024";"02:50";"3";"91";"91347";"1";"1";"1";"3";"RN 104";"48,62216000";"2,28501000"
"202400005763";"6";"07";"2024";"17:00";"1";"78";"78158";"1";"1";"1";"2";"A13";"48,84007000";"2,11562000"
"202400005764";"13";"09";"2024";"08:30";"1";"59";"59560";"1";"1";"1";"6";"AUTOROUTE A1";"50,52478000";"3,04209000"
"202400005765";"13";"09";"2024";"07:50";"2";"59";"59532";"1";"1";"3";"2";"AUTOROUTE A16";"50,95870000";"2,16269000"
"202400005766";"7";"07";"2024";"18:10";"1";"93";"93078";"1";"1";"1";"4";"A104";"48,96165006";"2,54513860"
"202400005767";"15";"09";"2024";"23:20";"3";"91";"91235";"1";"1";"1";"3";"RN 104";"48,62594000";"2,35302000"
"202400005768";"6";"07";"2024";"21:45";"1";"93";"93053";"1";"1";"1";"5";"A3";"48,88335910";"2,45795473"
"202400005769";"15";"09";"2024";"22:40";"3";"95";"95675";"1";"1";"1";"6";"A1";"49,05632608";"2,54910176"
"202400005770";"6";"07";"2024";"11:10";"1";"93";"93027";"1";"1";"1";"5";"A86";"48,92581369";"2,39761993"
"202400005771";"15";"09";"2024";"21:15";"3";"93";"93066";"1";"1";"1";"2";"AUTOROUTE A1";"48,90515615";"2,35842786"
"202400005772";"5";"07";"2024";"17:50";"1";"95";"95306";"1";"1";"1";"7";"A15";"49,00273532";"2,17015460"
"202400005773";"15";"09";"2024";"17:45";"1";"93";"93078";"1";"1";"1";"2";"AUTOROUTE A104";"48,96300436";"2,52239723"
"202400005774";"7";"07";"2024";"06:00";"2";"77";"77175";"1";"1";"1";"2";"RN104";"48,66552200";"2,61293300"
"202400005775";"14";"09";"2024";"23:00";"4";"93";"93010";"1";"1";"1";"6";"AUTOROUTE A3";"48,89094081";"2,47316485"
"202400005776";"14";"09";"2024";"21:20";"3";"93";"93078";"1";"1";"1";"2";"AUTOROUTE A104";"48,96569101";"2,55693444"
"202400005777";"6";"07";"2024";"19:30";"1";"77";"77294";"1";"1";"1";"4";"A104";"48,96729400";"2,60383100"
"202400005778";"14";"09";"2024";"12:00";"1";"93";"93064";"1";"1";"1";"2";"AUTOROUTE A86";"48,87923146";"2,47630036"
"202400005779";"6";"07";"2024";"16:20";"1";"94";"94028";"1";"1";"1";"3";"A86";"48,78495580";"2,44038354"
"202400005780";"13";"09";"2024";"13:15";"1";"93";"93027";"1";"1";"1";"6";"AUTOROUTE A86";"48,92479271";"2,39191890"
"202400005781";"6";"07";"2024";"14:50";"1";"77";"77141";"1";"1";"1";"3";"A4";"48,85336300";"2,83737500"
"202400005782";"7";"08";"2024";"09:25";"1";"93";"93008";"2";"1";"8";"3";"Avenue Paul Vaillant-Couturier";"48,90894648";"2,44997758"
"202400005783";"6";"07";"2024";"14:00";"1";"93";"93051";"1";"1";"1";"5";"A4";"48,83497310";"2,57612997"
"202400005784";"3";"06";"2024";"14:18";"1";"93";"93005";"1";"1";"1";"3";"A3";"48,96017102";"2,47352704"
"202400005785";"3";"07";"2024";"20:40";"5";"974";"97407";"2";"9";"1";"3";"VERDUN (BOULEVARD)";" -20,93942000";"55,29581000"
"202400005786";"28";"04";"2024";"19:00";"1";"93";"93027";"2";"2";"8";"1";"Rue Pierre Curie / Boulevard Pasteur";"48,92095000";"2,38327000"
"202400005787";"5";"07";"2024";"12:10";"1";"93";"93001";"2";"1";"1";"6";"DANIELLE CASANOVA (RUE)  56 =>";"48,91852100";"2,39269400"
"202400005788";"25";"04";"2024";"18:15";"1";"93";"93079";"2";"1";"1";"1";"Route de Saint-Leu";"48,95204000";"2,33827000"
"202400005789";"30";"06";"2024";"23:06";"5";"44";"44114";"2";"3";"8";"7";"2 Rue de la Brise";"47,25231515";" -1,57647103"
"202400005790";"6";"07";"2024";"02:55";"5";"976";"97611";"2";"1";"1";"7";"convalescence/vetivers-Seize Villas ( ru";" -12,78003000";"45,22394000"
"202400005791";"21";"04";"2024";"14:40";"1";"93";"93079";"2";"1";"1";"3";"Rue Maurice Paillard";"48,95490000";"2,34654000"
"202400005792";"5";"07";"2024";"14:00";"1";"974";"97416";"2";"1";"1";"6";"HAVRE (RUE DU)";" -21,34017000";"55,46380000"
"202400005793";"20";"04";"2024";"16:15";"1";"93";"93079";"2";"3";"1";"3";"Route de Saint-Leu / Rue des Berceaux";"48,95001000";"2,34102000"
"202400005794";"5";"07";"2024";"08:00";"1";"974";"97416";"1";"1";"1";"3";"RN02";" -21,35362000";"55,51272000"
"202400005795";"6";"07";"2024";"06:20";"1";"974";"97411";"2";"1";"1";"7";"JAURES (BOULEVARD JEAN)";" -20,88995000";"55,46192000"
"202400005796";"21";"04";"2024";"18:20";"1";"93";"93079";"2";"1";"1";"6";"Avenue Jean Jaurès";"48,96407000";"2,34926000"
"202400005797";"5";"07";"2024";"19:00";"5";"974";"97407";"2";"1";"1";"3";"CARPAYE(AVENUE)";" -20,94667000";"55,29870000"
"202400005798";"30";"04";"2024";"14:50";"1";"93";"93027";"2";"2";"1";"3";"Rue Jean-Pierre Timbaud / Avenue Paul Vaillant-Couturier";"48,92478700";"2,41504400"
"202400005799";"6";"07";"2024";"23:26";"5";"69";"69386";"2";"2";"1";"3";"Rue Tête d'Or";"45,76950000";"4,85238000"
"202400005800";"19";"04";"2024";"19:00";"1";"93";"93007";"2";"2";"2";"3";"Avenue du 8 Mai 1945 / Rue de l'Abbé Niort";"48,94064300";"2,43119500"
"202400005801";"6";"07";"2024";"18:40";"1";"69";"69387";"2";"1";"2";"6";"Rue Lortet";"45,74282000";"4,83597000"
"202400005802";"5";"07";"2024";"18:10";"1";"69";"69383";"2";"2";"1";"3";"Rue des Cuirassiers";"45,75757000";"4,85643000"
"202400005803";"19";"04";"2024";"09:15";"1";"93";"93072";"2";"2";"1";"2";"Rue Pierre de Geyter / Rue Léon Gonot";"48,95525433";"2,37925351"
"202400005804";"6";"07";"2024";"16:25";"1";"972";"97209";"1";"1";"1";"7";"RN9";"14,60811000";" -61,04229000"
"202400005805";"18";"04";"2024";"19:22";"1";"93";"93031";"2";"1";"1";"3";"Avenue Joffre";"48,95989100";"2,29869500"
"202400005806";"6";"07";"2024";"11:45";"1";"972";"97213";"1";"1";"1";"2";"AUTOROUTE (A1)";"14,61319000";" -61,00248000"
"202400005807";"6";"07";"2024";"16:15";"1";"2A";"2A004";"2";"1";"1";"6";"CASALONGA SERGENT  RUE DU";"41,92011000";"8,73475000"
"202400005808";"16";"04";"2024";"21:25";"5";"93";"93013";"2";"1";"1";"3";"Avenue de la Division Leclerc";"48,93247000";"2,42305000"
"202400005809";"6";"07";"2024";"20:20";"1";"95";"95268";"1";"1";"1";"3";"D84";"48,96585166";"2,40854766"
"202400005810";"6";"07";"2024";"18:45";"1";"91";"91549";"2";"1";"1";"6";"LA FAYETTE (RUE)";"48,64970000";"2,32920000"
"202400005811";"16";"04";"2024";"16:25";"1";"93";"93027";"2";"3";"1";"3";"Rue du 17 Octobre 1961 / Rue Renoir";"48,92734334";"2,37678587"
"202400005812";"6";"07";"2024";"00:27";"5";"91";"91691";"2";"6";"1";"2";"ROND POINT DU QUEBEC";"48,70699000";"2,49601000"
"202400005813";"16";"04";"2024";"10:05";"1";"93";"93027";"2";"1";"1";"6";"Avenue Roger Salengro";"48,93201000";"2,38638000"
"202400005814";"6";"07";"2024";"18:30";"1";"91";"91589";"2";"2";"1";"6";"RUE DES COQUELICOTS";"48,68340000";"2,33744000"
"202400005815";"11";"04";"2024";"20:00";"2";"93";"93027";"2";"9";"1";"6";"Rue de la Convention / Boulevard Pasteur";"48,92949000";"2,38592000"
"202400005816";"11";"04";"2024";"12:20";"1";"93";"93030";"2";"1";"1";"6";"Avenue du 8 Mai 1945";"48,95329975";"2,44293451"
"202400005817";"5";"07";"2024";"19:15";"1";"84";"84080";"2";"1";"1";"2";"DAMPEINE BOULEVARD COMMANDANT";"44,03382000";"4,99835000"