"Num_Acc";"jour";"mois";"an";"hrmn";"lum";"dep";"com";"agg";"int";"atm";"col";"adr";"lat";"long"
"202400006009";"27";"04";"2024";"13:15";"1";"30";"30182";"2";"1";"1";"6";"Rue Bellevue";"43,85108200";"4,15569100"
"202400006010";"13";"09";"2024";"08:40";"1";"77";"77385";"2";"3";"1";"3";"Carrefour D222 / D204";"48,84937500";"3,23119500"
"202400006011";"27";"04";"2024";"20:50";"3";"88";"88193";"2";"1";"1";"6";"4 Rue de la Sauture";"48,25332000";"7,08588600"
"202400006012";"16";"09";"2024";"14:00";"1";"03";"03100";"1";"1";"1";"6";"A79 PK 70.5";"46,51364800";"3,75187400"
"202400006013";"27";"04";"2024";"23:30";"5";"973";"97309";"2";"1";"2";"6";"Route de Rémire";"4,89282900";" -52,27393600"
"202400006014";"16";"09";"2024";"15:20";"1";"79";"79308";"1";"1";"1";"2";"N/A";"46,36542900";" -0,49390700"
"202400006015";"27";"11";"2024";"08:06";"1";"77";"77085";"2";"1";"2";"3";"JONCHERE (AVENUE DE LA )";"48,86323800";"2,74296700"
"202400006016";"27";"04";"2024";"23:50";"3";"44";"44048";"1";"9";"3";"6";"N/A";"47,35981600";" -1,32273700"
"202400006017";"27";"11";"2024";"07:30";"5";"77";"77312";"2";"1";"2";"7";"RTE DE MARLOTTE";"48,33986110";"2,72930311"
"202400006018";"13";"09";"2024";"16:35";"1";"79";"79119";"1";"3";"1";"1";"N/A";"46,55070600";" -0,47928900"
"202400006019";"27";"04";"2024";"19:30";"5";"987";"98715";"2";"1";"1";"1";"RT1, face parc Outuaraea";" -17,54884100";" -149,59694600"
"202400006020";"28";"04";"2024";"18:35";"1";"06";"06029";"1";"1";"1";"6";"A8 160.900 NORD";"43,55741600";"6,95794500"
"202400006021";"26";"11";"2024";"15:30";"1";"76";"76351";"2";"3";"1";"2";"LOUIS BLANC";"49,50717000";"0,13063000"
"202400006022";"28";"04";"2024";"19:40";"1";"33";"33130";"1";"1";"1";"7";"N/A";"44,49307700";" -0,19775400"
"202400006023";"14";"09";"2024";"07:50";"1";"2B";"2B150";"1";"1";"1";"5";"T30";"42,56795300";"8,82382400"
"202400006024";"27";"11";"2024";"19:45";"5";"73";"73065";"2";"2";"1";"3";"D1 MOTTE SERVOLEX (AVENUE DE LA)";"45,58115000";"5,88980000"
"202400006025";"28";"04";"2024";"06:20";"2";"60";"60531";"1";"1";"1";"7";"PK 071+900";"49,44493135";"2,69697992"
"202400006026";"27";"04";"2024";"22:30";"5";"974";"97406";"2";"7";"1";"6";"Rue des Gomenoles";" -21,13543000";"55,62089900"
"202400006027";"27";"11";"2024";"16:10";"1";"73";"73065";"2";"6";"1";"3";"CARTIER (AVENUE DU GENERAL)";"45,57678675";"5,89785397"
"202400006028";"14";"09";"2024";"21:50";"3";"80";"80832";"1";"2";"1";"3";"D941";"50,16711600";"2,01195200"
"202400006029";"27";"04";"2024";"01:20";"3";"971";"97118";"1";"1";"2";"1";"Route de la Traversee";"16,18182900";" -61,68323300"
"202400006030";"16";"09";"2024";"09:15";"1";"81";"81217";"1";"1";"1";"6";"D964";"43,99120300";"1,70461400"
"202400006031";"27";"11";"2024";"21:15";"5";"70";"70550";"2";"6";"1";"2";"LAC (AVENUE)";"47,62584700";"6,13879300"
"202400006032";"27";"04";"2024";"22:15";"3";"77";"77171";"2";"1";"2";"2";"D5d";"48,89419600";"2,80935500"
"202400006033";"15";"09";"2024";"18:30";"1";"11";"11220";"1";"1";"1";"3";"D610";"43,20339300";"2,52030000"
"202400006034";"27";"11";"2024";"17:46";"5";"69";"69259";"2";"1";"1";"3";"Boulevard Irène Joliot Curie";"45,71693000";"4,87756000"
"202400006035";"16";"09";"2024";"03:15";"3";"89";"89125";"1";"1";"1";"1";"N151";"47,58503700";"3,51536800"
"202400006036";"28";"04";"2024";"14:30";"1";"84";"84132";"1";"2";"1";"3";"Route de Fontaine de Vaucluse";"43,90058300";"5,00453500"
"202400006037";"28";"04";"2024";"13:57";"1";"71";"71192";"1";"1";"1";"6";"D297";"46,84684187";"4,14591790"
"202400006038";"27";"11";"2024";"07:00";"5";"69";"69091";"2";"3";"1";"3";"Rue Pierre Sémard";"45,58545899";"4,76294741"
"202400006039";"14";"09";"2024";"09:30";"1";"49";"49323";"1";"3";"1";"3";"Senne";"47,53222700";" -0,49580800"
"202400006040";"28";"04";"2024";"04:10";"3";"68";"68294";"1";"4";"2";"7";"43 La Goutte Saint Blaise";"48,23893700";"7,22642900"
"202400006041";"8";"09";"2024";"06:18";"2";"49";"49323";"1";"6";"1";"6";"D323";"47,50882500";" -0,47106600"
"202400006042";"27";"11";"2024";"07:45";"1";"67";"67043";"2";"3";"1";"3";"BRUMATH (ROUTE DE)";"48,61477000";"7,73261000"
"202400006043";"27";"04";"2024";"16:20";"1";"54";"54368";"1";"1";"8";"2";"D992";"48,52083272";"6,78034544"
"202400006044";"16";"09";"2024";"01:30";"3";"25";"25532";"2";"1";"1";"6";"rue du La saone";"47,22912400";"6,11246500"
"202400006045";"27";"11";"2024";"17:40";"5";"64";"64445";"2";"1";"1";"7";"LEON BERARD";"43,31330000";" -0,36930000"
"202400006046";"26";"04";"2024";"12:00";"1";"42";"42129";"1";"1";"2";"1";"945 Route de Saint-appolinard";"45,35685400";"4,67493500"
"202400006047";"16";"09";"2024";"07:55";"1";"44";"44100";"1";"1";"1";"3";"N/A";"47,11375900";" -1,34991600"
"202400006048";"26";"11";"2024";"12:55";"1";"64";"64102";"2";"1";"1";"3";"LACHEPAILLET (ROND POINT DE)";"43,48492000";" -1,48998000"
"202400006049";"28";"04";"2024";"03:00";"3";"38";"38442";"1";"1";"2";"7";"D512";"45,31482700";"5,78376500"
"202400006050";"26";"11";"2024";"07:50";"2";"63";"63103";"1";"3";"1";"3";"RD 227/ rue de la Croix de fer";"45,90915000";"3,08503000"
"202400006051";"15";"09";"2024";"14:40";"1";"44";"44087";"1";"1";"1";"1";"2532 Route de bouin";"46,98599700";" -1,86479900"
"202400006052";"27";"04";"2024";"16:10";"1";"07";"07245";"1";"1";"1";"1";"Route de Lyon";"45,09083100";"4,81817000"
"202400006053";"27";"04";"2024";"17:45";"1";"07";"07245";"1";"1";"1";"2";"Route de Saint Felicien";"45,07582400";"4,77943900"
"202400006054";"31";"08";"2024";"18:10";"1";"29";"29216";"1";"2";"1";"2";"Route de Kelenneg";"47,97349600";" -4,15063900"
"202400006055";"27";"11";"2024";"05:30";"5";"59";"59512";"2";"9";"2";"3";"Boulevard du Général de Gaulle";"50,68766944";"3,17479124"
"202400006056";"27";"04";"2024";"15:40";"1";"69";"69184";"1";"1";"8";"6";"Route de Saint Symphorien sur Coise";"45,60428600";"4,56041200"
"202400006057";"27";"11";"2024";"17:05";"2";"59";"59350";"2";"1";"2";"3";"Rue du Chemin Saint Martin";"50,64100000";"2,97300000"
"202400006058";"28";"04";"2024";"15:40";"1";"65";"65059";"1";"1";"1";"6";"Chemin du Haut des Barrans, 2ème virage en épingle situé entre le numéro 3 et 5,";"43,06890300";"0,16101800"
"202400006059";"19";"08";"2024";"10:25";"1";"31";"31587";"1";"1";"1";"4";"Route de Villemur";"43,78587400";"1,44916500"
"202400006060";"26";"11";"2024";"08:20";"2";"56";"56121";"2";"6";"1";"7";"Rond-point d'Écosse";"47,73578000";" -3,36537000"
"202400006061";"28";"04";"2024";"03:30";"3";"09";"09185";"1";"1";"1";"1";"D624";"43,24256439";"1,66644439"
"202400006062";"15";"09";"2024";"12:00";"1";"84";"84072";"2";"3";"1";"4";"Route de Caromb";"44,06338200";"5,12858700"
"202400006063";"26";"11";"2024";"17:40";"5";"51";"51454";"2";"1";"1";"4";"LAMBERT (BOULEVARD VICTOR)";"49,24225600";"4,04524800"
"202400006064";"15";"09";"2024";"13:00";"1";"66";"66184";"1";"1";"6";"7";"D7";"42,78599737";"2,50289798"
"202400006065";"26";"04";"2024";"19:30";"1";"86";"86274";"1";"2";"1";"2";"D347";"47,07074300";" -0,00145900"
"202400006066";"15";"09";"2024";"14:00";"1";"72";"72346";"1";"1";"1";"6";"Les Hautes Fontenelles";"47,87204236";"0,01710474"
"202400006067";"26";"11";"2024";"15:30";"1";"51";"51454";"2";"2";"1";"3";"PAIX (BOULEVARD DE LA)";"49,25148000";"4,04218000"
"202400006068";"15";"09";"2024";"12:00";"1";"14";"14520";"1";"1";"1";"4";"55 Route des Monceaux";"49,13425500";"0,14842300"
"202400006069";"28";"11";"2024";"01:30";"3";"49";"49099";"1";"6";"1";"7";"ATLANTIQUE (AVENUE DE L')";"47,03603000";" -0,90583000"
"202400006070";"28";"04";"2024";"12:20";"1";"62";"62128";"2";"2";"1";"3";"Rue des Mésanges";"50,31160930";"2,93140179"
"202400006071";"25";"11";"2024";"16:50";"1";"49";"49099";"2";"1";"1";"6";"PORTE BARON (RUE DE LA)";"47,05539000";" -0,87177000"
"202400006072";"15";"09";"2024";"20:07";"2";"05";"05046";"1";"1";"1";"7";"D340";"44,56041584";"6,51233912"
"202400006073";"28";"04";"2024";"08:20";"1";"59";"59044";"1";"1";"6";"6";"50 Rue de Lille";"50,60931700";"3,23286100"
"202400006074";"26";"04";"2024";"20:40";"5";"13";"13202";"1";"1";"1";"7";"Tunnel Joliette Marseille vers Aubagne";"43,30399546";"5,36676618"
"202400006075";"15";"09";"2024";"19:00";"1";"60";"60199";"1";"2";"1";"3";"intersection rd 11 / rd930";"49,61284800";"2,17097700"
"202400006076";"26";"11";"2024";"18:45";"5";"49";"49246";"1";"1";"2";"5";"A87";"47,42842482";" -0,50499020"
"202400006077";"27";"04";"2024";"01:10";"3";"33";"33143";"1";"1";"3";"6";"N/A";"44,95918900";" -0,44653000"
"202400006078";"5";"09";"2024";"22:40";"5";"45";"45062";"2";"1";"1";"6";"8 Route Nationale 20";"47,98920700";"1,88222900"
"202400006079";"26";"11";"2024";"15:15";"1";"49";"49007";"2";"1";"1";"6";"PALLACH";"47,44759000";" -0,55822000"
"202400006080";"27";"04";"2024";"18:25";"1";"91";"91136";"1";"1";"2";"6";"A10 PARIS / RD188 PARIS";"48,71189000";"2,28483000"
"202400006081";"27";"11";"2024";"10:25";"1";"45";"45147";"2";"1";"2";"3";"21 Rue Antonin Magne";"47,93962100";"1,93243500"
"202400006082";"16";"09";"2024";"10:36";"1";"64";"64106";"1";"2";"1";"3";"D242";"43,30680000";" -1,00970400"
"202400006083";"27";"04";"2024";"11:45";"1";"94";"94065";"1";"1";"1";"3";"A86";"48,75508805";"2,34491170"
"202400006084";"25";"11";"2024";"18:10";"5";"42";"42071";"2";"1";"3";"6";"Rue Carnot";"46,03138100";"4,08360000"
"202400006085";"14";"09";"2024";"09:30";"1";"64";"64297";"1";"1";"1";"1";"D933";"43,18349000";" -1,17325700"
"202400006086";"27";"04";"2024";"13:45";"1";"78";"78640";"1";"1";"2";"3";"A86 EXT";"48,77749500";"2,22098500"
"202400006087";"26";"11";"2024";"10:10";"1";"40";"40192";"2";"6";"1";"2";"JUIN (V DU MARECHAL)";"43,90244948";" -0,47979409"
"202400006088";"15";"09";"2024";"02:58";"3";"18";"18080";"1";"1";"1";"7";"N/A";"46,92245400";"2,84935400"
"202400006089";"27";"11";"2024";"20:00";"3";"38";"38516";"2";"1";"1";"6";"AVENUE DE L'OBIOU";"45,19757759";"5,75282335"
"202400006090";"26";"04";"2024";"17:35";"1";"78";"78466";"1";"1";"1";"2";"A13";"48,93274800";"1,97418800"
"202400006091";"16";"09";"2024";"07:48";"1";"10";"10323";"2";"1";"1";"6";"Allée Montesquieu";"48,51684600";"3,71603400"
"202400006092";"27";"11";"2024";"11:55";"1";"37";"37261";"2";"3";"2";"6";"MARCEAU (RUE)";"47,39241000";"0,68544000"
"202400006093";"26";"04";"2024";"20:00";"1";"78";"78640";"1";"1";"1";"2";"N118";"48,77963700";"2,22255200"
"202400006094";"15";"09";"2024";"17:50";"1";"16";"16175";"1";"1";"1";"6";"N/A";"45,55590906";" -0,03879703"
"202400006095";"27";"04";"2024";"09:06";"1";"95";"95572";"1";"1";"1";"6";"N184";"49,03331417";"2,10991981"
"202400006096";"26";"11";"2024";"10:35";"1";"37";"37261";"2";"6";"1";"6";"PARCAY (RUE DE)";"47,41023367";"0,72095391"
"202400006097";"15";"09";"2024";"12:15";"1";"07";"07001";"1";"1";"1";"3";"Route de Mande";"44,89190800";"4,39111900"
"202400006098";"27";"04";"2024";"10:00";"1";"93";"93007";"1";"1";"1";"4";"A1";"48,95037545";"2,44884564"
"202400006099";"27";"11";"2024";"18:15";"5";"35";"35238";"2";"1";"8";"1";"COLOMBIER (BD DU)";"48,10249000";" -1,67990000"
"202400006100";"15";"09";"2024";"16:15";"1";"53";"53185";"2";"6";"1";"3";"Rue Aristide Briand";"48,46250000";" -0,19217500"
"202400006101";"27";"04";"2024";"07:55";"1";"92";"92036";"1";"1";"1";"6";"AUTOROUTE A15";"48,93788866";"2,29766722"
"202400006102";"27";"11";"2024";"12:58";"1";"35";"35238";"2";"1";"2";"2";"Loriettes (Rue des)";"48,08407000";" -1,67855000"
"202400006103";"27";"04";"2024";"07:19";"2";"93";"93027";"1";"1";"2";"6";"A86";"48,92484911";"2,39194036"
"202400006104";"15";"09";"2024";"14:20";"1";"40";"40164";"1";"1";"1";"2";"109 Chemin de Baure";"44,12197600";" -0,29076200"
"202400006105";"27";"11";"2024";"12:20";"1";"33";"33281";"1";"1";"1";"2";"N/A";"44,81135000";" -0,70435000"
"202400006106";"16";"09";"2024";"11:45";"1";"04";"04031";"1";"1";"1";"6";"D8";"43,94505600";"6,12216400"
"202400006107";"27";"11";"2024";"10:10";"1";"33";"33318";"2";"1";"1";"6";"N/A";"44,79824000";" -0,62132000"
"202400006108";"26";"04";"2024";"19:05";"1";"95";"95582";"1";"1";"1";"4";"A15";"48,97031508";"2,24969695"
"202400006109";"14";"09";"2024";"13:30";"1";"85";"85047";"1";"1";"1";"1";"Route de nantes";"46,86144700";" -1,86408100"
"202400006110";"27";"11";"2024";"07:50";"2";"33";"33063";"2";"3";"1";"6";"N/A";"44,86663300";" -0,62372100"
"202400006111";"26";"04";"2024";"18:25";"1";"93";"93066";"1";"1";"1";"2";"A86";"48,92257446";"2,34654665"
"202400006112";"15";"09";"2024";"16:15";"1";"85";"85287";"1";"1";"1";"1";"RD114";"46,69889400";" -0,86291200"
"202400006113";"27";"11";"2024";"07:20";"2";"33";"33318";"2";"1";"1";"3";"N/A";"44,79292000";" -0,70269000"
"202400006114";"26";"04";"2024";"13:00";"1";"95";"95219";"1";"1";"1";"3";"A115";"48,98928807";"2,24393887"
"202400006115";"14";"09";"2024";"20:00";"3";"27";"27232";"1";"2";"1";"3";"D 7";"49,29690000";"1,55303800"
"202400006116";"27";"11";"2024";"17:35";"3";"31";"31555";"1";"1";"1";"4";"A624 (PURPAN)";"43,60576000";"1,39426000"
"202400006117";"12";"09";"2024";"09:30";"1";"23";"23031";"2";"1";"1";"6";"D997";"46,34871100";"2,21456100"
"202400006118";"26";"11";"2024";"18:30";"5";"30";"30007";"2";"1";"1";"7";"CASSIN (RUE RENE)";"44,10962000";"4,10296000"
"202400006119";"26";"02";"2024";"19:50";"5";"64";"64140";"2";"2";"3";"3";"DUVERT (RUE RENE)";"43,52268000";" -1,48932000"
"202400006120";"15";"09";"2024";"15:55";"1";"48";"48127";"1";"1";"1";"6";"D59, coteau des cheyrousses";"44,64016400";"3,47907200"
"202400006121";"24";"11";"2024";"18:40";"5";"29";"29019";"2";"1";"1";"4";"D112";"48,42255903";" -4,47687371"
"202400006122";"19";"02";"2024";"07:54";"2";"64";"64102";"2";"6";"2";"3";"VITAL BIRABEN (AVENUE)";"43,48136000";" -1,48256000"
"202400006123";"27";"11";"2024";"08:05";"2";"28";"28085";"2";"1";"8";"6";"FAUBOURG LA GRAPPE (RUE DU)";"48,44608000";"1,49897000"
"202400006124";"15";"09";"2024";"13:22";"1";"19";"19085";"1";"1";"1";"6";"A89 PK 224.465 sens BORDEAUX-CLERMONT FERRAND";"45,31266100";"1,85396400"
"202400006125";"24";"04";"2024";"23:00";"5";"987";"98735";"2";"1";"1";"6";"REINE POMARE IV (AVENUE)";" -17,54041333";" -149,56980622"
"202400006126";"27";"11";"2024";"21:05";"3";"26";"26339";"1";"1";"1";"6";"RN7 (secteur Nord)";"44,59086244";"4,75167834"
"202400006127";"16";"09";"2024";"17:55";"1";"45";"45061";"1";"1";"1";"6";"A19 PR 58 + 247";"48,05811500";"2,73569200"
"202400006128";"26";"04";"2024";"07:51";"1";"976";"97611";"2";"1";"1";"3";"m'tsapere-Nationale 2 (route)";" -12,79172000";"45,22231000"
"202400006129";"25";"11";"2024";"08:50";"1";"14";"14271";"2";"1";"2";"3";"24 Route d'Harcourt";"49,15234000";" -0,37090000"
"202400006130";"27";"11";"2024";"13:00";"1";"13";"13208";"2";"9";"1";"6";"MICHELET (BOULEVARD)";"43,27009000";"5,39268000"
"202400006131";"16";"09";"2024";"17:45";"1";"06";"06084";"1";"9";"1";"3";"2905 Route de Pégomas";"43,60588200";"6,93519900"
"202400006132";"26";"04";"2024";"18:35";"5";"974";"97416";"2";"3";"1";"3";"MAHATMA GANDHI(RUE)";" -21,33797000";"55,46083000"
"202400006133";"16";"09";"2024";"08:15";"1";"67";"67084";"1";"1";"1";"7";"Bretelle d'insertion D210 vers A35";"48,31581000";"7,48112600"
"202400006134";"27";"11";"2024";"00:35";"5";"13";"13211";"2";"6";"1";"2";"MIREILLE LAUZE (Bd)";"43,28932000";"5,43724000"
"202400006135";"26";"04";"2024";"15:58";"1";"974";"97416";"2";"1";"1";"6";"GAGARINE (RUE YOURI)";" -21,32986568";"55,47926438"
"202400006136";"16";"09";"2024";"07:14";"2";"72";"72198";"1";"1";"1";"2";"A11 PK 174";"48,04186167";"0,14958111"
"202400006137";"25";"04";"2024";"22:55";"3";"974";"97411";"1";"1";"1";"7";"SAINT-BERNARD (CHEMIN DE)";" -20,90346000";"55,40610000"
"202400006138";"26";"11";"2024";"10:16";"1";"07";"07281";"2";"1";"1";"5";"GROSS-UMSTADT (AVENUE DE)";"44,94510000";"4,85551000"
"202400006139";"28";"11";"2024";"00:21";"5";"06";"06088";"1";"4";"1";"6";"pont des abattoirs";"43,71900000";"7,28442000"
"202400006140";"13";"09";"2024";"18:35";"1";"57";"57510";"1";"1";"1";"2";"A4";"49,12900700";"6,26313000"
"202400006141";"24";"04";"2024";"14:00";"1";"974";"97411";"2";"1";"1";"2";"BRASSENS (AVENUE GEORGES)";" -20,90553000";"55,48507000"
"202400006142";"27";"11";"2024";"15:10";"1";"06";"06088";"2";"1";"1";"6";"107 Avenue des Arènes de Cimiez";"43,71744000";"7,27483000"
"202400006143";"8";"09";"2024";"09:30";"1";"33";"33234";"1";"6";"2";"2";"N/A";"44,78471200";" -0,50548900"
"202400006144";"25";"04";"2024";"21:30";"3";"973";"97302";"2";"1";"1";"2";"ZEPHIR (ROCADE)";"4,93585000";" -52,30780000"
"202400006145";"15";"09";"2024";"17:20";"1";"95";"95170";"2";"1";"1";"7";"MAISON BLANCHE (RUE DE LA)";"49,03735450";"1,94591403"
"202400006146";"27";"11";"2024";"18:15";"5";"06";"06069";"2";"1";"1";"3";"45 Avenue Frédéric Mistral";"43,64752370";"6,91862000"
"202400006147";"26";"04";"2024";"05:50";"5";"69";"69387";"2";"2";"2";"3";"Avenue Jean Jaurès";"45,74733000";"4,84307000"
"202400006148";"15";"09";"2024";"18:00";"1";"06";"06077";"1";"1";"1";"1";"771 Chemin des Mounts";"43,86997300";"7,34794400"
"202400006149";"27";"11";"2024";"08:10";"1";"01";"01053";"2";"2";"1";"6";"HERRIOT ( BOULEVARD EDOUARD COTE PAIR)";"46,20967000";"5,22753000"
"202400006150";"26";"04";"2024";"16:00";"1";"972";"97209";"1";"1";"1";"2";"ADHEMAR MODOCK (BOULEVARD)";"14,60746000";" -61,07325000"
"202400006151";"16";"09";"2024";"10:30";"1";"05";"05007";"1";"1";"1";"3";"RD 902 - PR 48+000";"44,71179300";"6,74243000"
"202400006152";"15";"09";"2024";"20:00";"5";"04";"04242";"2";"1";"1";"6";"Chemin des Vignes";"43,88495700";"5,86174200"
"202400006153";"25";"04";"2024";"23:15";"5";"971";"97101";"1";"1";"1";"6";"VIEUX BOURG";"16,24882000";" -61,53118000"
"202400006154";"27";"11";"2024";"19:05";"5";"75";"75120";"2";"3";"2";"6";"RUE DE BAGNOLET";"48,86374500";"2,40769100"
"202400006155";"14";"09";"2024";"08:00";"1";"67";"67411";"1";"1";"1";"7";"Route communale";"48,49598700";"7,40602300"
"202400006156";"14";"09";"2024";"11:17";"1";"57";"57143";"1";"1";"1";"6";"N52";"49,25923300";"6,10038900"
"202400006157";"26";"11";"2024";"20:15";"5";"75";"75120";"2";"1";"1";"3";"RUE D AVRON";"48,85214000";"2,40296300"
"202400006158";"26";"04";"2024";"16:30";"1";"2A";"2A004";"2";"1";"1";"6";"KENNEDY AV PRESIDENT";"41,93057000";"8,73720000"
"202400006159";"26";"04";"2024";"15:45";"1";"95";"95210";"2";"1";"1";"3";"D15";"48,96894874";"2,29645719"
"202400006160";"27";"11";"2024";"15:10";"1";"75";"75118";"2";"3";"2";"1";"RUE MARX DORMOY";"48,88610400";"2,35948700"
"202400006161";"25";"04";"2024";"20:00";"2";"95";"95427";"2";"1";"1";"3";"JULES FERRY (RUE)";"48,96263584";"2,33871460"
"202400006162";"15";"09";"2024";"17:45";"1";"38";"38412";"2";"3";"1";"5";"D520";"45,38858800";"5,72425800"
"202400006163";"27";"11";"2024";"16:05";"1";"75";"75117";"2";"2";"1";"6";"AVENUE DE LA PORTE DE CLICHY";"48,89521700";"2,31198300"
"202400006164";"26";"04";"2024";"10:45";"1";"95";"95555";"2";"1";"1";"7";"VILLA PROSPER MERIMEE";"48,96440400";"2,28683000"
"202400006165";"26";"11";"2024";"23:55";"5";"75";"75117";"2";"1";"1";"6";"RUE GUY MOQUET";"48,89144000";"2,31991000"
"202400006166";"26";"04";"2024";"10:25";"1";"91";"91421";"2";"9";"1";"6";"BOIS (RUE DES)";"48,70588500";"2,45400600"
"202400006167";"16";"09";"2024";"18:30";"1";"69";"69047";"1";"2";"1";"3";"Montée du Chevronet";"45,90213941";"4,67639974"
"202400006168";"26";"04";"2024";"18:35";"1";"91";"91027";"2";"1";"1";"6";"RUE EDOUARD VAILLANT";"48,70710000";"2,39614000"
"202400006169";"27";"11";"2024";"08:25";"1";"75";"75111";"2";"3";"2";"6";"RUE DU CHEMIN VERT";"48,85814300";"2,37194500"
"202400006170";"16";"09";"2024";"13:45";"1";"50";"50643";"1";"1";"1";"3";"D650";"49,57756500";" -1,70849700"
"202400006171";"26";"04";"2024";"08:15";"1";"91";"91027";"2";"1";"1";"3";"RUE BERNARD LATHIERE";"48,71362000";"2,37840000"
"202400006172";"27";"11";"2024";"16:30";"5";"75";"75110";"2";"2";"2";"6";"RUE DU FAUBOURG POISSONNIERE";"48,87578100";"2,34824800"
"202400006173";"16";"09";"2024";"12:25";"1";"14";"14488";"1";"1";"1";"2";"Rue de Ouistreham";"49,27694700";" -0,28105300"
"202400006174";"25";"04";"2024";"15:40";"1";"83";"83137";"2";"1";"1";"3";"THIERRY (AVE AUGUSTIN)";"43,11995000";"5,94907000"
"202400006175";"27";"11";"2024";"07:10";"5";"75";"75109";"2";"3";"1";"3";"RUE D AMSTERDAM";"48,88043900";"2,32705500"
"202400006176";"15";"09";"2024";"11:15";"1";"35";"35363";"1";"1";"1";"6";"les Tremblais";"48,02521600";" -1,68449200"
"202400006177";"25";"04";"2024";"00:35";"3";"83";"83062";"1";"1";"1";"2";"DRAGUIGNAN (AVENUE DE)";"43,14410017";"6,03842676"
"202400006178";"16";"09";"2024";"07:39";"2";"60";"60103";"2";"1";"1";"2";"D931";"49,41144100";"2,23716600"
"202400006179";"27";"11";"2024";"18:45";"5";"75";"75108";"2";"3";"2";"2";"RUE DE MONCEAU";"48,87497800";"2,30593900"
"202400006180";"23";"04";"2024";"15:52";"1";"83";"83069";"2";"1";"1";"6";"SERRES (BOULEVARD OLIVIER DE)";"43,12334678";"6,14691320"
"202400006181";"27";"11";"2024";"12:59";"1";"75";"75108";"2";"7";"1";"7";"ROND POINT CHAMPS ELYSEES MARCEL DASSAUL";"48,86898200";"2,31011400"
"202400006182";"22";"04";"2024";"16:50";"1";"80";"80021";"2";"1";"1";"3";"Port d'Amont";"49,89495000";"2,30829000"
"202400006183";"27";"11";"2024";"08:30";"1";"75";"75108";"2";"1";"1";"6";"IMPASSE D ANTIN";"48,86717900";"2,30924500"
"202400006184";"26";"04";"2024";"19:15";"1";"78";"78418";"1";"1";"1";"3";"ONZE NOVEMBRE 1918 (RUE DU)";"48,91672000";"2,14979000"
"202400006185";"26";"11";"2024";"22:40";"5";"75";"75107";"2";"3";"1";"3";"QUAI VOLTAIRE";"48,85939600";"2,32974000"
"202400006186";"15";"09";"2024";"15:48";"1";"13";"13211";"1";"1";"1";"3";"A50-Sens Aubagne vers Marseille";"43,29090000";"5,48110000"
"202400006187";"26";"04";"2024";"19:15";"1";"78";"78609";"1";"1";"1";"1";"CD 28";"49,01257000";"1,90811000"
"202400006188";"26";"11";"2024";"20:15";"5";"75";"75101";"2";"1";"1";"1";"RUE DE RIVOLI";"48,86249200";"2,33606500"
"202400006189";"14";"09";"2024";"20:27";"2";"13";"13212";"1";"1";"1";"2";"A507 sens Aubagne- Marseille";"43,29290000";"5,42420000"
"202400006190";"26";"04";"2024";"09:40";"1";"78";"78401";"2";"1";"1";"6";"TESSANCOURT (RUE DE)";"49,00990000";"1,90618000"
"202400006191";"26";"11";"2024";"15:50";"1";"75";"75102";"2";"1";"1";"6";"RUE BACHAUMONT";"48,86610000";"2,34523100"
"202400006192";"26";"04";"2024";"15:20";"1";"78";"78382";"2";"9";"8";"6";"PONTOISE (RUE DE)";"49,00206000";"2,05941000"
"202400006193";"14";"09";"2024";"14:00";"1";"13";"13211";"1";"1";"1";"2";"A50-Sens Aubagne vers Marseille";"43,29440000";"5,46830000"
"202400006194";"26";"11";"2024";"15:20";"1";"75";"75101";"2";"2";"1";"6";"BOULEVARD DE SEBASTOPOL";"48,86198500";"2,35016500"
"202400006195";"27";"11";"2024";"07:00";"5";"94";"94081";"2";"3";"1";"3";"Quai Jules Guesde";"48,80448929";"2,40861109"
"202400006196";"26";"04";"2024";"19:45";"1";"76";"76108";"2";"3";"1";"6";"Route de Neufchâtel";"49,46467256";"1,11449651"
"202400006197";"14";"09";"2024";"12:30";"1";"13";"13033";"1";"1";"1";"2";"A55-Sens Marseille vers Martigues";"43,37315600";"5,18513000"
"202400006198";"27";"11";"2024";"18:10";"5";"94";"94037";"2";"2";"2";"1";"Rue Charles Frérot";"48,81494000";"2,34887000"
"202400006199";"14";"09";"2024";"16:55";"1";"83";"83137";"1";"1";"1";"2";"A50";"43,12717959";"5,91671394"
"202400006200";"26";"04";"2024";"12:40";"1";"72";"72181";"2";"6";"1";"3";"LECOUTEUX LIONEL (PL) A PARTIR DU N° 4";"48,00558000";"0,20161000"
"202400006201";"27";"11";"2024";"12:35";"1";"94";"94041";"2";"1";"2";"3";"Rue Amédée Huon";"48,80483130";"2,38744578"
"202400006202";"15";"09";"2024";"12:30";"1";"91";"91689";"1";"1";"1";"2";"AUTOROUTE A6";"48,73001000";"2,31470000"
"202400006203";"27";"11";"2024";"14:10";"1";"94";"94073";"2";"1";"1";"1";"2 Rue des Alouettes";"48,75253400";"2,37170100"