"Num_Acc";"jour";"mois";"an";"hrmn";"lum";"dep";"com";"agg";"int";"atm";"col";"adr";"lat";"long"
"202400006204";"25";"04";"2024";"20:45";"5";"67";"67482";"2";"3";"1";"3";"VICTOIRE (BOULEVARD DE LA)";"48,58098188";"7,76975870"
"202400006205";"15";"09";"2024";"07:05";"2";"75";"75113";"1";"1";"1";"2";"A6B";"48,81640900";"2,35898100"
"202400006206";"27";"11";"2024";"19:15";"5";"94";"94022";"2";"9";"2";"1";"1 Boulevard des Alliés";"48,76453200";"2,40525500"
"202400006207";"15";"09";"2024";"19:33";"1";"78";"78158";"1";"1";"1";"6";"A13";"48,84098900";"2,10486300"
"202400006208";"26";"04";"2024";"16:15";"1";"66";"66136";"2";"1";"1";"2";"N/A";"42,72770347";"2,90000439"
"202400006209";"26";"11";"2024";"23:15";"5";"93";"93066";"2";"3";"1";"3";"COLONEL FABIEN (AVENUE)";"48,94480000";"2,35350000"
"202400006210";"24";"04";"2024";"17:30";"1";"66";"66136";"1";"1";"1";"2";"R D 900";"42,67989836";"2,86277533"
"202400006211";"15";"09";"2024";"16:20";"1";"78";"78646";"1";"1";"1";"5";"RN12";"48,79138300";"2,10204100"
"202400006212";"27";"11";"2024";"18:20";"5";"92";"92033";"2";"1";"2";"6";"SURESNES";"48,84692670";"2,19578862"
"202400006213";"26";"04";"2024";"11:50";"1";"64";"64260";"2";"9";"1";"3";"EMPEREUR (BOULEVARD DE )";"43,35556000";" -1,76767000"
"202400006214";"15";"09";"2024";"15:30";"1";"78";"78217";"1";"1";"1";"2";"A13";"48,96588400";"1,81412900"
"202400006215";"27";"11";"2024";"18:30";"2";"92";"92064";"2";"2";"2";"6";"ARMENGAUD";"48,85052000";"2,21705000"
"202400006216";"24";"04";"2024";"22:27";"5";"64";"64102";"2";"1";"1";"6";"FORGUES FERNAND (AVENUE)";"43,48690000";" -1,48029000"
"202400006217";"15";"09";"2024";"13:10";"1";"92";"92012";"1";"1";"1";"7";"A13";"48,84842319";"2,22997214"
"202400006218";"22";"04";"2024";"19:45";"1";"62";"62771";"2";"1";"1";"6";"Rue de Meurchin";"50,41669000";"2,87899000"
"202400006219";"27";"11";"2024";"15:57";"2";"92";"92064";"2";"2";"2";"3";"REPUBLIQUE";"48,85793621";"2,21083884"
"202400006220";"15";"09";"2024";"06:35";"3";"78";"78431";"1";"1";"1";"5";"A13";"48,94357100";"1,95082500"
"202400006221";"27";"11";"2024";"08:33";"1";"92";"92063";"2";"3";"2";"3";"HUGO (AVENUE VICTOR)";"48,88596187";"2,17570268"
"202400006222";"26";"04";"2024";"23:35";"5";"62";"62178";"2";"2";"8";"3";"D841";"50,49066757";"2,56485918"
"202400006223";"15";"09";"2024";"05:40";"3";"78";"78646";"1";"1";"1";"6";"RN12";"48,78983500";"2,11955200"
"202400006224";"27";"11";"2024";"09:50";"1";"92";"92050";"2";"1";"2";"5";"BOULEVARD DE LA DEFENSE";"48,90724565";"2,21318342"
"202400006225";"22";"04";"2024";"18:30";"1";"57";"57143";"2";"1";"1";"3";"JOFFRE (RUE)";"49,25988000";"6,08995000"
"202400006226";"4";"07";"2024";"16:05";"1";"74";"74012";"2";"3";"1";"1";"SALEVE (RUE DU)";"46,19280000";"6,22860000"
"202400006227";"27";"11";"2024";"09:18";"1";"92";"92050";"2";"1";"2";"6";"REPUBLIQUE AVENUE DE LA";"48,89737062";"2,19760314"
"202400006228";"26";"04";"2024";"15:20";"1";"54";"54482";"2";"1";"1";"6";"Rue Jules Massenet";"48,70500000";"6,19824000"
"202400006229";"8";"07";"2024";"16:00";"1";"74";"74012";"2";"1";"1";"6";"VOIRONS (RUE DES)";"46,19479000";"6,23396000"
"202400006230";"26";"11";"2024";"17:05";"2";"92";"92050";"2";"2";"1";"3";"BOUVETS BOULEVARD DES";"48,89683000";"2,22407000"
"202400006231";"26";"04";"2024";"18:43";"1";"51";"51454";"2";"6";"1";"3";"ROUSSEAU (PLACE MAX)";"49,26471000";"4,01008000"
"202400006232";"8";"07";"2024";"07:40";"1";"74";"74012";"2";"1";"1";"6";"MARRONIERS (RUE DES)";"46,18892000";"6,23959000"
"202400006233";"27";"11";"2024";"09:07";"1";"92";"92040";"2";"1";"2";"6";"RODIN (BOULEVARD)";"48,81944526";"2,25971237"
"202400006234";"26";"04";"2024";"08:00";"1";"51";"51454";"2";"6";"1";"3";"VAL DE VESLE (BOULEVARD)";"49,22501000";"4,09663000"
"202400006235";"25";"11";"2024";"15:00";"1";"974";"97415";"2";"1";"8";"7";"Chemin du Tour des Roches";" -21,00596700";"55,29976300"
"202400006236";"26";"06";"2024";"15:35";"1";"74";"74010";"2";"2";"1";"2";"CRETE (DE LA)";"45,91251000";"6,11255000"
"202400006237";"28";"11";"2024";"07:15";"3";"95";"95487";"2";"6";"1";"3";"GARE (AVENUE DE LA)";"49,14802966";"2,28184819"
"202400006238";"25";"04";"2024";"18:05";"1";"51";"51172";"2";"6";"1";"2";"NIEPCE (AVENUE NICEPHORE)";"49,22055000";"4,06381000"
"202400006239";"5";"07";"2024";"06:25";"1";"74";"74010";"2";"1";"1";"6";"SOMMEILLER";"45,90100000";"6,12250000"
"202400006240";"27";"11";"2024";"15:00";"1";"31";"31446";"2";"1";"1";"6";"67 Avenue Tolosane";"43,54653367";"1,47396118"
"202400006241";"24";"04";"2024";"16:10";"1";"51";"51454";"2";"3";"1";"6";"FOULQUART (RUE)";"49,27819000";"4,01521000"
"202400006242";"25";"04";"2024";"11:30";"1";"50";"50502";"1";"9";"1";"6";"VIEUX CANDOL";"49,09877000";" -1,11946000"
"202400006243";"18";"06";"2024";"09:00";"1";"74";"74010";"2";"1";"1";"5";"GERMAIN PERREARD (AVENUE)";"45,91094000";"6,11323000"
"202400006244";"28";"11";"2024";"14:30";"1";"44";"44193";"1";"1";"1";"2";"10 le Jarrier";"47,64280300";" -1,51543700"
"202400006245";"27";"04";"2024";"00:40";"5";"49";"49007";"1";"2";"1";"3";"BOISNET RUE";"47,47438000";" -0,55235000"
"202400006246";"28";"11";"2024";"03:40";"3";"81";"81101";"1";"6";"1";"7";"N88";"43,99472900";"2,17082400"
"202400006247";"26";"04";"2024";"15:23";"1";"49";"49007";"2";"2";"1";"3";"BIRGE BOULEVARD";"47,47444000";" -0,51963000"
"202400006248";"25";"04";"2024";"20:10";"1";"49";"49007";"2";"1";"1";"7";"MOULIN BOULEVARD";"47,49228000";" -0,55441000"
"202400006249";"27";"11";"2024";"17:25";"1";"11";"11397";"2";"3";"1";"5";"N/A";"43,20681800";"2,43662600"
"202400006250";"26";"04";"2024";"13:40";"1";"42";"42044";"2";"3";"1";"2";"Rue Honore d’Urfe";"45,39497348";"4,33567107"
"202400006251";"26";"04";"2024";"19:35";"1";"38";"38169";"2";"8";"1";"3";"AVENUE ARISTIDE BRIAND";"45,19069000";"5,68934000"
"202400006252";"28";"11";"2024";"15:40";"1";"89";"89464";"2";"2";"1";"1";"N/A";"48,08904100";"3,28673100"
"202400006253";"28";"11";"2024";"10:10";"1";"61";"61230";"1";"1";"1";"6";"D8";"48,52630400";"0,71322000"
"202400006254";"26";"04";"2024";"19:40";"1";"37";"37261";"2";"3";"1";"3";"FROMENTEL (RUE)";"47,37668000";"0,67558000"
"202400006255";"27";"11";"2024";"04:55";"4";"86";"86281";"1";"6";"1";"6";"Les 4 Vents";"46,68559300";"0,30211600"
"202400006256";"11";"08";"2024";"12:00";"1";"33";"33519";"1";"1";"1";"6";"N/A";"44,89410800";" -0,67345400"
"202400006257";"27";"11";"2024";"19:00";"3";"31";"31232";"1";"3";"5";"1";"Avenue de Gascogne";"43,77908900";"1,26750500"
"202400006258";"26";"04";"2024";"12:50";"1";"37";"37261";"2";"1";"1";"4";"DE GAULLE (AVENUE DU GENERAL)";"47,38087000";"0,69884000"
"202400006259";"10";"08";"2024";"08:45";"1";"14";"14488";"2";"1";"1";"1";"12 Rue Gambetta";"49,27789500";" -0,25936700"
"202400006260";"26";"04";"2024";"08:30";"1";"37";"37214";"1";"1";"1";"7";"RD 37";"47,39512944";"0,64703760"
"202400006261";"22";"11";"2024";"18:30";"3";"15";"15215";"1";"3";"1";"2";"RD 17";"44,97746600";"2,52151300"
"202400006262";"29";"07";"2024";"14:40";"1";"80";"80799";"2";"2";"1";"3";"D1029";"49,87053200";"2,51180800"
"202400006263";"27";"11";"2024";"08:36";"1";"01";"01163";"1";"1";"1";"7";"Route de Montrevel";"46,36581000";"5,16933600"
"202400006264";"26";"04";"2024";"12:45";"1";"35";"35281";"1";"6";"1";"3";"DODIN (AVENUE ROGER)";"48,07430359";" -1,71228200"
"202400006265";"9";"08";"2024";"11:59";"1";"69";"69034";"1";"1";"1";"3";"Boulevard Périphérique Nord";"45,79347606";"4,87557607"
"202400006266";"26";"04";"2024";"13:55";"1";"35";"35238";"2";"1";"2";"6";"CHAMPION DE CICE";"48,10255000";" -1,70405000"
"202400006267";"27";"11";"2024";"21:25";"3";"72";"72125";"1";"1";"2";"1";"D357";"47,94930189";"0,64232200"
"202400006268";"10";"08";"2024";"15:30";"1";"91";"91235";"1";"1";"1";"6";"RN 445";"48,62700000";"2,35450000"
"202400006269";"25";"04";"2024";"19:30";"1";"35";"35238";"2";"3";"1";"2";"MITTERAND (MAIL FRANCOIS)";"48,10839355";" -1,69597417"
"202400006270";"27";"11";"2024";"13:10";"1";"07";"07199";"1";"6";"7";"6";"D104";"44,49132000";"4,27425600"
"202400006271";"10";"08";"2024";"12:10";"1";"91";"91689";"1";"1";"1";"2";"AUTOROUTE A10";"48,72840000";"2,30530000"
"202400006272";"26";"04";"2024";"14:10";"1";"34";"34172";"2";"1";"2";"3";"NIMES (AVENUE DE)";"43,61936000";"3,88790000"
"202400006273";"9";"08";"2024";"22:00";"3";"91";"91521";"1";"1";"2";"2";"AUTOROUTE A6";"48,63620000";"2,39973000"
"202400006274";"27";"11";"2024";"16:20";"1";"07";"07327";"1";"3";"1";"2";"D104";"44,52132500";"4,33020600"
"202400006275";"26";"04";"2024";"17:30";"1";"31";"31555";"2";"1";"1";"7";"ETATS UNIS (AV DES) DU 1AU 281";"43,65814000";"1,41970000"
"202400006276";"27";"11";"2024";"20:55";"5";"30";"30170";"2";"1";"1";"3";"Plaine de Cavaillac";"43,97364600";"3,58742200"
"202400006277";"26";"04";"2024";"14:10";"1";"31";"31555";"2";"1";"1";"6";"BAYONNE (ROUTE DE )";"43,60936000";"1,35442000"
"202400006278";"28";"11";"2024";"18:37";"5";"76";"76684";"1";"1";"1";"6";"RN.182 Bretelle de sortie Bolbec";"49,47744232";"0,45833489"
"202400006279";"10";"08";"2024";"19:25";"1";"92";"92047";"1";"1";"1";"4";"A13";"48,83397544";"2,16646875"
"202400006280";"23";"11";"2024";"15:40";"1";"31";"31433";"1";"1";"1";"2";"Autoroute  A64";"43,53448700";"1,39066100"
"202400006281";"26";"04";"2024";"17:08";"1";"27";"27229";"2";"3";"2";"6";"MEILET (RUE DU)";"49,02573000";"1,14651000"
"202400006282";"27";"11";"2024";"17:30";"3";"06";"06152";"1";"1";"1";"6";"2600 Route des Cretes";"43,62750600";"7,04966600"
"202400006283";"10";"08";"2024";"13:54";"1";"92";"92064";"1";"1";"1";"2";"A13";"48,83954496";"2,20338008"
"202400006284";"26";"04";"2024";"13:27";"1";"27";"27229";"2";"6";"1";"3";"ORLEANS (RUE D')";"48,99863900";"1,15490500"
"202400006285";"24";"04";"2024";"00:47";"4";"26";"26058";"1";"1";"1";"6";"Montee du Long";"44,96449000";"4,88715000"
"202400006286";"10";"08";"2024";"12:15";"1";"78";"78007";"1";"1";"1";"6";"A13W";"48,89670100";"2,00652000"
"202400006287";"28";"11";"2024";"09:00";"1";"13";"13040";"1";"1";"1";"2";"D6";"43,47944800";"5,55612100"
"202400006288";"23";"04";"2024";"12:40";"1";"25";"25547";"2";"1";"1";"1";"AVENUE LECLERC";"47,51414000";"6,82906000"
"202400006289";"25";"11";"2024";"07:25";"5";"78";"78089";"2";"3";"2";"3";"Avenue Aristide Briand";"49,03583800";"1,57481000"
"202400006290";"10";"08";"2024";"10:40";"1";"95";"95604";"1";"1";"1";"4";"A1";"49,10819189";"2,55180077"
"202400006291";"27";"11";"2024";"15:30";"1";"66";"66180";"2";"9";"1";"6";"Avenue Urbain Paret";"42,77361300";"2,98809100"
"202400006292";"26";"04";"2024";"19:45";"1";"22";"22113";"2";"1";"1";"2";"DE LA FAYETTE (BOULEVARD)";"48,73758000";" -3,44482000"
"202400006293";"25";"04";"2024";"12:10";"1";"18";"18279";"2";"1";"1";"3";"46 Rue Jules Louis Breton";"47,22080500";"2,07881900"
"202400006294";"27";"11";"2024";"15:55";"1";"34";"34166";"1";"3";"1";"6";"D128 montblanc";"43,35725500";"3,33209800"
"202400006295";"10";"08";"2024";"07:55";"1";"93";"93006";"1";"1";"1";"6";"AUTOROUTE A3";"48,86759911";"2,42748043"
"202400006296";"28";"11";"2024";"19:50";"5";"83";"83065";"1";"1";"1";"7";"Route Departementale 98a";"43,26401700";"6,61187500"
"202400006297";"26";"04";"2024";"16:40";"1";"14";"14366";"2";"3";"1";"7";"11 Place François Mitterrand";"49,14613000";"0,22500000"
"202400006298";"9";"08";"2024";"12:50";"1";"987";"98735";"1";"1";"1";"3";"PIERRE LOTI (ALLEE)";" -17,53883000";" -149,55474000"
"202400006299";"3";"04";"2024";"17:40";"1";"13";"13056";"2";"3";"1";"2";"FLEMING AVENUE DU ALEXANDER";"43,41759000";"5,05848000"
"202400006300";"28";"11";"2024";"11:00";"1";"13";"13094";"2";"6";"1";"3";"D99";"43,78686500";"4,75261400"
"202400006301";"26";"04";"2024";"20:10";"1";"13";"13203";"2";"1";"1";"2";"CHARPENTIER (BOULEVARD)";"43,31000000";"5,37000000"
"202400006302";"9";"08";"2024";"18:00";"2";"974";"97409";"1";"9";"1";"3";"CHEMIN AGENOR";" -20,93395000";"55,65969000"
"202400006303";"26";"04";"2024";"15:30";"1";"13";"13005";"2";"1";"8";"3";"DOUARD (AVENUE DU)";"43,28600000";"5,59700000"
"202400006304";"9";"08";"2024";"11:00";"1";"974";"97409";"2";"3";"1";"3";"PENTE SASSY (chemin de la)";" -20,96675000";"55,65952000"
"202400006305";"27";"11";"2024";"17:15";"2";"50";"50139";"2";"3";"2";"3";"Rue du Focq";"49,05410500";" -1,03017700"
"202400006306";"26";"04";"2024";"19:05";"1";"09";"09207";"1";"1";"1";"2";"ROUTE NATIONALE 20";"42,93137000";"1,62938000"
"202400006307";"7";"08";"2024";"20:10";"3";"974";"97407";"1";"1";"1";"6";"ROUTE NATIONALE N° 1";" -20,95427000";"55,31368000"
"202400006308";"20";"11";"2024";"13:15";"1";"59";"59139";"2";"1";"1";"6";"Rue Mal Delattre de Tassigny";"50,11726900";"3,41616900"
"202400006309";"26";"04";"2024";"04:55";"5";"06";"06088";"2";"2";"1";"2";"20 Avenue Saint-Jean-Baptiste";"43,70132000";"7,27781000"
"202400006310";"26";"04";"2024";"02:04";"5";"06";"06088";"2";"1";"1";"6";"118 Avenue des Arènes de Cimiez";"43,71419300";"7,27495100"
"202400006311";"27";"11";"2024";"22:27";"3";"13";"13043";"1";"1";"1";"6";"A55 - Sens Marseille vers Martigues";"43,39166000";"5,26445000"
"202400006312";"9";"08";"2024";"18:20";"1";"973";"97302";"2";"1";"1";"3";"REPUBLIQUE (BD DE LA)";"4,93919116";" -52,31861883"
"202400006313";"25";"11";"2024";"23:10";"5";"33";"33063";"1";"1";"1";"6";"N/A";"44,88071600";" -0,54137200"
"202400006314";"26";"04";"2024";"09:00";"1";"06";"06069";"2";"6";"1";"3";"36 Avenue Sidi Brahim";"43,64989000";"6,93199000"
"202400006315";"25";"11";"2024";"21:40";"3";"33";"33080";"1";"1";"1";"6";"N/A";"44,73313900";" -0,53156600"
"202400006316";"9";"08";"2024";"19:45";"5";"973";"97302";"2";"1";"1";"3";"MONTABO (ROUTE DE) 1";"4,94412000";" -52,30910000"
"202400006317";"26";"04";"2024";"11:10";"1";"06";"06027";"2";"1";"2";"3";"Rue Jules Verne";"43,66100000";"7,14400000"
"202400006318";"7";"08";"2024";"07:30";"1";"973";"97302";"2";"1";"1";"3";"BADUEL (ROUTE DE)";"4,93543000";" -52,31284000"
"202400006319";"24";"04";"2024";"22:30";"5";"75";"75117";"2";"1";"1";"3";"BD PERIPHERIQUE EXTERIEUR";"48,88826000";"2,29189000"
"202400006320";"27";"11";"2024";"08:35";"1";"91";"91661";"1";"1";"2";"5";"AUTOROUTE A10";"48,69588000";"2,23593000"
"202400006321";"10";"08";"2024";"01:15";"5";"69";"69386";"2";"2";"1";"3";"Cours Vitton";"45,76932000";"4,85044000"
"202400006322";"24";"04";"2024";"21:06";"5";"75";"75116";"2";"1";"1";"4";"BD PERIPHERIQUE EXTERIEUR";"48,87447500";"2,27577800"
"202400006323";"26";"04";"2024";"10:30";"1";"75";"75106";"2";"1";"1";"6";"RUE DE RENNES";"48,84615100";"2,32609600"
"202400006324";"27";"11";"2024";"10:00";"1";"92";"92025";"1";"1";"2";"4";"A86";"48,93542176";"2,26058310"
"202400006325";"9";"08";"2024";"20:36";"1";"69";"69383";"2";"1";"1";"3";"Rue Maurice Flandin";"45,76001000";"4,86299000"
"202400006326";"26";"04";"2024";"20:00";"1";"75";"75119";"2";"2";"1";"1";"RUE PETIT";"48,88567000";"2,38690200"
"202400006327";"9";"08";"2024";"05:05";"2";"69";"69387";"2";"1";"1";"6";"Avenue Leclerc";"45,74471000";"4,83054000"
"202400006328";"26";"11";"2024";"09:20";"1";"92";"92036";"1";"1";"1";"2";"A86";"48,93568401";"2,26177329"
"202400006329";"26";"04";"2024";"09:40";"1";"75";"75118";"2";"2";"1";"6";"BOULEVARD DE CLICHY";"48,88467000";"2,32946600"
"202400006330";"26";"04";"2024";"18:04";"1";"75";"75116";"2";"1";"1";"6";"AVENUE FOCH";"48,87261900";"2,27939200"
"202400006331";"25";"11";"2024";"21:25";"3";"92";"92025";"1";"1";"2";"6";"A86";"48,92973823";"2,24175921"
"202400006332";"9";"08";"2024";"15:54";"1";"972";"97213";"1";"1";"1";"5";"ROUTE NATIONALE 5";"14,59642000";" -60,99530000"
"202400006333";"23";"04";"2024";"17:25";"1";"75";"75116";"2";"1";"1";"3";"ROUTE DE SURESNES";"48,86401300";"2,23662000"
"202400006334";"25";"11";"2024";"16:51";"1";"78";"78007";"1";"1";"1";"4";"A13 Y";"48,89843400";"2,00577700"
"202400006335";"9";"08";"2024";"16:50";"1";"972";"97213";"1";"1";"1";"2";"ROUTE DEPARTEMENTALE 14";"14,62110000";" -61,01958000"
"202400006336";"26";"04";"2024";"10:50";"1";"75";"75115";"2";"1";"1";"1";"AVENUE FELIX FAURE";"48,84183000";"2,28974000"
"202400006337";"19";"11";"2024";"01:55";"3";"78";"78423";"1";"1";"2";"6";"RN12";"48,79737000";"2,04092000"
"202400006338";"18";"11";"2024";"19:45";"3";"92";"92023";"1";"1";"2";"2";"A86 EXT ";"48,77697630";"2,22831062"
"202400006339";"26";"04";"2024";"15:17";"1";"75";"75113";"2";"2";"1";"6";"BOULEVARD AUGUSTE BLANQUI";"48,83109100";"2,34424500"
"202400006340";"26";"11";"2024";"23:15";"3";"93";"93006";"1";"1";"1";"7";"AUTOROUTE A3";"48,86679280";"2,42555663"
"202400006341";"8";"08";"2024";"19:30";"3";"972";"97213";"1";"1";"1";"5";"AUTOROUTE A1";"14,61781100";" -61,01873100"
"202400006342";"26";"04";"2024";"09:00";"1";"75";"75113";"2";"1";"1";"3";"AVENUE D IVRY";"48,82225700";"2,36786300"
"202400006343";"26";"11";"2024";"19:15";"3";"93";"93048";"1";"1";"1";"3";"AUTOROUTE A3";"48,87356555";"2,43687765"
"202400006344";"7";"08";"2024";"15:50";"1";"972";"97209";"2";"1";"1";"6";"RN9";"14,59872000";" -61,05315000"
"202400006345";"26";"04";"2024";"21:15";"5";"75";"75117";"2";"5";"1";"3";"RUE NOLLET";"48,88637200";"2,32239000"
"202400006346";"26";"11";"2024";"16:45";"1";"93";"93027";"1";"1";"1";"5";"AUTOROUTE A1";"48,93447350";"2,39765242"
"202400006347";"9";"08";"2024";"01:00";"3";"971";"97113";"1";"1";"1";"7";"SECTION LEROUX";"16,23718000";" -61,47279000"
"202400006348";"26";"04";"2024";"05:10";"5";"75";"75108";"2";"2";"1";"1";"RUE PASQUIER";"48,87419200";"2,32393900"
"202400006349";"26";"11";"2024";"11:35";"1";"93";"93010";"1";"1";"1";"1";"AUTOROUTE A3";"48,91454975";"2,47732254"
"202400006350";"26";"04";"2024";"08:46";"1";"75";"75107";"2";"1";"1";"7";"PONT D IENA";"48,85985700";"2,29197900"
"202400006351";"6";"08";"2024";"12:31";"1";"91";"91570";"2";"1";"7";"6";"RAIE TORTUE (RUE)";"48,63741000";"2,30496000"
"202400006352";"25";"04";"2024";"23:20";"5";"75";"75107";"2";"3";"1";"7";"QUAI D ORSAY";"48,86228800";"2,30632800"
"202400006353";"26";"11";"2024";"08:55";"1";"95";"95572";"1";"1";"1";"3";"A15";"49,03324212";"2,10687909"
"202400006354";"24";"11";"2024";"22:20";"3";"75";"75112";"1";"1";"1";"6";"A4";"48,81664000";"2,45189000"
"202400006355";"26";"04";"2024";"23:10";"5";"75";"75101";"2";"2";"2";"2";"RUE DU LOUVRE";"48,86528200";"2,34307700"
"202400006356";"3";"08";"2024";"16:00";"1";"91";"91064";"1";"3";"1";"3";"GISY (ROUTE, JUSQU'A BUROSPACE)";"48,76141000";"2,21557000"
"202400006357";"10";"11";"2024";"02:40";"5";"77";"77288";"2";"1";"1";"7";"rue de l'industrie";"48,52616400";"2,65583800"
"202400006358";"26";"04";"2024";"11:45";"1";"75";"75104";"2";"3";"1";"6";"RUE DE RIVOLI";"48,85512000";"2,36170700"
"202400006359";"5";"08";"2024";"16:45";"1";"91";"91114";"2";"1";"1";"6";"AV PIERRE PROST";"48,70049300";"2,49365800"
"202400006360";"28";"08";"2024";"18:30";"1";"76";"76565";"1";"9";"1";"3";"RD 915";"49,89514000";"1,07785000"
"202400006361";"26";"04";"2024";"09:45";"1";"94";"94081";"2";"2";"7";"6";"Rue du Bel Air / Rue du Gal Malleret Joinville";"48,78113679";"2,40316039"
"202400006362";"31";"08";"2024";"14:45";"1";"73";"73107";"2";"1";"1";"6";"D45";"45,45300400";"5,88209500"
"202400006363";"10";"08";"2024";"00:25";"5";"91";"91687";"2";"3";"1";"6";"VICTOR SCHOELCHER (AVENUE)";"48,65200000";"2,37000000"
"202400006364";"15";"08";"2024";"22:00";"3";"73";"73315";"1";"1";"1";"6";"D925";"45,50557996";"6,16840939"
"202400006365";"26";"04";"2024";"07:25";"1";"94";"94067";"2";"3";"1";"3";"Avenue Gallieni / Avenue Quihou";"48,84665000";"2,41647000"
"202400006366";"14";"07";"2024";"23:11";"4";"73";"73213";"1";"1";"1";"6";"D1006 Av de Chambery";"45,56713183";"5,96480401"
"202400006367";"9";"08";"2024";"06:00";"1";"91";"91027";"2";"1";"1";"3";"AV FRANCOIS MITTERRAND";"48,70883000";"2,37135000"
"202400006368";"26";"04";"2024";"19:40";"1";"94";"94078";"2";"2";"1";"6";"Avenue de Choisy";"48,74861000";"2,43515000"
"202400006369";"26";"04";"2024";"00:45";"5";"94";"94073";"2";"3";"1";"6";"Rue des Alouettes / Rue du Courson";"48,75015000";"2,37000000"
"202400006370";"29";"06";"2024";"19:30";"1";"73";"73100";"1";"1";"1";"1";"D916A";"45,54689000";"5,67859100"
"202400006371";"8";"08";"2024";"12:15";"1";"89";"89024";"2";"1";"1";"3";"SAINT-GEORGES (AVENUE DE) N° IMPAIRS";"47,79708000";"3,54621000"
"202400006372";"24";"04";"2024";"16:45";"1";"94";"94028";"2";"5";"1";"6";"Rue de Paris / Rue Jean Jaurès";"48,79537500";"2,45889900"
"202400006373";"28";"09";"2024";"11:40";"1";"74";"74031";"1";"2";"2";"2";"D1201";"46,09406300";"6,10398900"
"202400006374";"6";"08";"2024";"17:05";"1";"87";"87085";"2";"1";"1";"6";"COMBES (RUE DES)";"45,83228000";"1,25855000"
"202400006375";"26";"04";"2024";"13:30";"1";"94";"94048";"2";"6";"1";"3";"Avenue de Grosbois";"48,72955911";"2,54160440"
"202400006376";"29";"05";"2024";"13:45";"1";"93";"93029";"2";"1";"2";"1";"Rue Sacco Et Vanzetti";"48,92431000";"2,45147000"
"202400006377";"9";"08";"2024";"21:15";"5";"84";"84007";"2";"1";"1";"1";"SAINT ROCH (BOULEVARD)";"43,94255000";"4,80552000"
"202400006378";"26";"04";"2024";"18:00";"1";"93";"93059";"2";"1";"1";"3";"Avenue Élisée Reclus";"48,95133200";"2,35793100"
"202400006379";"29";"05";"2024";"13:29";"1";"93";"93029";"2";"3";"2";"3";"Avenue Henri Barbusse / Rue Pegoud";"48,92277256";"2,45747557"
"202400006380";"6";"08";"2024";"18:15";"1";"84";"84007";"2";"1";"1";"7";"PETUNIAS (RUE DES)";"43,94197200";"4,84239200"
"202400006381";"26";"04";"2024";"01:20";"5";"93";"93001";"2";"9";"1";"6";"Avenue Jean Jaurès";"48,91798000";"2,40751000"
"202400006382";"28";"05";"2024";"03:55";"5";"93";"93029";"2";"3";"1";"6";"Avenue Jean Jaures / Rue de la Liberte";"48,91778984";"2,45533884"
"202400006383";"26";"04";"2024";"11:25";"1";"93";"93066";"2";"3";"1";"6";"Rue Gabriel Péri / Rue de la Barbacane";"48,93017168";"2,35649228"
"202400006384";"8";"08";"2024";"09:00";"1";"84";"84007";"2";"1";"1";"2";"C.De GAULLE (Rocade)";"43,93859000";"4,78379000"
"202400006385";"24";"04";"2024";"21:15";"3";"93";"93015";"2";"3";"1";"3";"Rue de la Dhuys";"48,91553556";"2,58970213"
"202400006386";"27";"05";"2024";"16:30";"1";"93";"93029";"2";"3";"1";"6";"Rue Sedov / Rue Henri Creuzillet";"48,92172379";"2,42015719"
"202400006387";"9";"08";"2024";"11:30";"1";"83";"83137";"2";"2";"1";"6";"GOURAUD (AVE GENERAL)";"43,13504000";"5,91642000"
"202400006388";"25";"04";"2024";"18:45";"1";"93";"93014";"2";"2";"1";"3";"Allee du Chene Pointu / Allée de Gagny";"48,90150000";"2,54705000"
"202400006389";"25";"05";"2024";"18:50";"1";"93";"93029";"2";"2";"1";"3";"Rue Ambroise Thomas / Rue Jules Verne";"48,92227720";"2,42026538"
"202400006390";"9";"08";"2024";"08:40";"1";"83";"83137";"2";"1";"1";"6";"MOULINS (AVE DES DE 328 A FIN";"43,14023000";"5,91312000"
"202400006391";"25";"04";"2024";"13:50";"1";"92";"92022";"2";"1";"1";"3";"JOUY (RUE DE)";"48,79994272";"2,18606266"
"202400006392";"7";"08";"2024";"06:50";"1";"83";"83103";"2";"1";"1";"1";"BARBOULENE (CHEMIN DE)";"43,18128000";"5,92326000"
"202400006393";"24";"05";"2024";"18:55";"1";"93";"93029";"2";"1";"1";"6";"Rue Charles De Gaulle";"48,92290000";"2,44585000"
"202400006394";"26";"04";"2024";"21:45";"3";"92";"92050";"2";"6";"2";"3";"CLEMENCEAU GEORGES AVENUE N° PAIR";"48,88696774";"2,20069805"
"202400006395";"24";"05";"2024";"09:45";"1";"93";"93029";"2";"1";"1";"2";"Boulevard Paul Vaillant Couturier";"48,92278000";"2,44724000"
"202400006396";"9";"08";"2024";"18:45";"1";"80";"80021";"2";"6";"1";"3";"Avenue du 14 Juillet 1789";"49,87557300";"2,28222400"
"202400006397";"25";"04";"2024";"09:35";"1";"92";"92036";"2";"3";"1";"3";"MARCEL PAUL (AVENUE) (1/103)";"48,94261369";"2,30296755"