"Num_Acc";"jour";"mois";"an";"hrmn";"lum";"dep";"com";"agg";"int";"atm";"col";"adr";"lat";"long"
"202400006398";"23";"05";"2024";"12:45";"1";"93";"93013";"2";"1";"1";"3";"Rue de la Butte";"48,92984000";"2,42213000"
"202400006399";"25";"04";"2024";"15:30";"1";"92";"92025";"2";"1";"1";"1";"EDGARD QUINET (BD)";"48,92443261";"2,24777913"
"202400006400";"26";"04";"2024";"19:10";"1";"92";"92024";"2";"7";"1";"6";"MARTRE (RUE) DE (59 A 109)   (58 A 120)";"48,90114775";"2,30784237"
"202400006401";"21";"05";"2024";"09:32";"1";"93";"93029";"2";"2";"1";"3";"Avenue Henri Barbusse / Avenue Jean Jaures";"48,91967696";"2,45105267"
"202400006402";"6";"08";"2024";"18:15";"1";"78";"78418";"2";"6";"1";"3";"PABLO PICASSO (RUE)";"48,91195300";"2,14651800"
"202400006403";"22";"04";"2024";"18:40";"1";"92";"92024";"2";"2";"1";"3";"CLICHY (QUAI DE) DE (8 A 60)";"48,90853151";"2,30012494"
"202400006404";"17";"05";"2024";"20:40";"1";"93";"93029";"2";"1";"8";"6";"Rue Anatole France";"48,92506764";"2,44803786"
"202400006405";"9";"08";"2024";"06:00";"5";"78";"78297";"2";"1";"1";"6";"JAURES (BOULEVARD JEAN)";"48,77297000";"2,07813000"
"202400006406";"26";"04";"2024";"14:12";"1";"92";"92019";"2";"1";"1";"2";"SACLAY (RUE DE)";"48,76091000";"2,27991000"
"202400006407";"30";"07";"2024";"09:10";"1";"13";"13214";"1";"1";"1";"7";"A507 sens Aubagne- Marseille";"43,33003215";"5,39614677"
"202400006408";"26";"04";"2024";"17:22";"1";"92";"92012";"2";"1";"1";"3";"ALPHONSE LE GALLO (QUAI) 1/34";"48,83056000";"2,22789000"
"202400006409";"27";"04";"2024";"13:50";"1";"54";"54285";"1";"1";"1";"7";"D23c";"48,74994987";"6,54718637"
"202400006410";"8";"08";"2024";"15:35";"1";"72";"72181";"1";"6";"1";"2";"TOURS (RTE) LIGNE DROITE DES HUNAUDIERES";"47,95510000";"0,22762000"
"202400006411";"27";"07";"2024";"12:30";"1";"13";"13215";"1";"1";"1";"4";"A7-Sens Marseille vers Lyon";"43,35434000";"5,36430000"
"202400006412";"27";"04";"2024";"08:05";"1";"57";"57677";"2";"9";"2";"7";"Grand Rue";"49,24596100";"6,22451100"
"202400006413";"25";"07";"2024";"20:40";"2";"13";"13056";"1";"1";"1";"7";"A55-Sens Marseille vers Martigues";"43,40980000";"5,03777000"
"202400006414";"27";"04";"2024";"18:15";"1";"95";"95487";"2";"1";"2";"6";"D929Z";"49,15128900";"2,29161000"
"202400006415";"9";"08";"2024";"08:50";"1";"71";"71270";"2";"9";"1";"3";"PILLET (RUE CHARLES)";"46,29701000";"4,81630000"
"202400006416";"25";"07";"2024";"01:39";"3";"13";"13005";"1";"1";"1";"7";"A501-Sens Aubagne vers Pont de l'Etoile";"43,29385952";"5,55725008"
"202400006417";"27";"04";"2024";"01:10";"3";"71";"71556";"1";"1";"1";"6";"autoroute A6 PK 392+400 sens Paris - Lyon";"46,27474300";"4,78765700"
"202400006418";"26";"04";"2024";"19:00";"1";"65";"65340";"2";"1";"1";"6";"27 Route de Bours";"43,27858800";"0,10663900"
"202400006419";"6";"08";"2024";"10:00";"1";"71";"71153";"2";"2";"1";"3";"HOCHE";"46,79949000";"4,44487000"
"202400006420";"25";"07";"2024";"15:20";"1";"13";"13215";"1";"1";"1";"2";"A7-Sens Marseille vers Lyon";"43,37650000";"5,35604000"
"202400006421";"27";"04";"2024";"07:30";"1";"62";"62677";"1";"2";"1";"3";"D928";"50,34109504";"2,02974549"
"202400006422";"26";"04";"2024";"15:40";"1";"59";"59164";"1";"1";"1";"7";"D43";"50,15810900";"3,57755200"
"202400006423";"19";"07";"2024";"05:45";"2";"13";"13071";"1";"1";"1";"2";"A7-Sens Lyon vers Marseille";"43,40401000";"5,34161000"
"202400006424";"9";"08";"2024";"07:45";"1";"69";"69266";"2";"9";"1";"3";"Rue de la Poudrette";"45,76208097";"4,91994008"
"202400006425";"22";"04";"2024";"07:30";"2";"11";"11049";"2";"9";"1";"6";"N/A";"43,23712300";"2,10470800"
"202400006426";"26";"04";"2024";"15:39";"1";"63";"63236";"1";"1";"2";"7";"D130";"45,58777867";"2,77499324"
"202400006427";"27";"04";"2024";"01:25";"3";"63";"63076";"1";"1";"1";"7";"Chambon-sur-Dolore";"45,49463114";"3,59744330"
"202400006428";"9";"08";"2024";"10:20";"1";"69";"69029";"2";"1";"1";"6";"Avenue Camille Rousset";"45,73561988";"4,91033778"
"202400006429";"27";"04";"2024";"11:40";"1";"12";"12043";"1";"1";"6";"6";"Route de Cassagnes";"44,25721800";"2,55779700"
"202400006430";"27";"04";"2024";"00:30";"3";"34";"34223";"1";"1";"1";"6";"D909 PK10+500";"43,43226000";"3,22131200"
"202400006431";"27";"04";"2024";"10:15";"1";"31";"31537";"1";"2";"1";"3";"Route Departementale 817";"43,11286100";"0,79388600"
"202400006432";"6";"08";"2024";"17:15";"1";"69";"69091";"2";"2";"1";"3";"Rue Romain Rolland";"45,60182000";"4,77054000"
"202400006433";"27";"04";"2024";"15:43";"1";"02";"02795";"1";"3";"1";"3";"N/A";"49,41517900";"3,10689900"
"202400006434";"10";"08";"2024";"00:30";"5";"67";"67482";"2";"1";"1";"2";"JEAN MERMOZ (RUE)";"48,54736600";"7,77033600"
"202400006435";"27";"04";"2024";"15:20";"1";"14";"14174";"1";"1";"2";"1";"Route de la Roche Baligot";"48,86945100";" -0,58967100"
"202400006436";"27";"04";"2024";"14:10";"1";"07";"07317";"2";"1";"6";"7";"Chemin de Chardenos";"45,22990900";"4,77157500"
"202400006437";"7";"08";"2024";"23:25";"5";"66";"66136";"2";"3";"1";"3";"Cours Lazare Escarguel";"42,69838000";"2,88730000"
"202400006438";"26";"04";"2024";"18:00";"1";"24";"24316";"1";"1";"1";"1";"Route d'Aquitainne";"45,20646500";"0,03347900"
"202400006439";"27";"04";"2024";"00:01";"3";"85";"85020";"2";"1";"1";"1";"D148";"46,36816000";" -0,56923900"
"202400006440";"25";"04";"2024";"08:40";"2";"27";"27467";"2";"1";"1";"6";"Rue du Maquis Surcouf (Pont-Audemer)";"49,35237500";"0,51868600"
"202400006441";"7";"08";"2024";"16:01";"1";"66";"66136";"2";"1";"1";"6";"Rue Paul Courty";"42,69872000";"2,88900000"
"202400006442";"27";"04";"2024";"17:15";"1";"28";"28264";"1";"1";"3";"6";"Le Bignon";"48,43262100";"1,03745200"
"202400006443";"24";"04";"2024";"13:00";"1";"987";"98734";"1";"1";"1";"3";"PK 40,800 COTE MER";" -17,76224906";" -149,50239301"
"202400006444";"6";"08";"2024";"20:00";"1";"66";"66136";"2";"1";"1";"3";"Avenue Julien Panchot";"42,67758000";"2,85050000"
"202400006445";"27";"04";"2024";"10:45";"1";"72";"72328";"1";"1";"3";"2";"A11";"48,05278400";"0,26267400"
"202400006446";"26";"04";"2024";"22:50";"4";"973";"97307";"1";"6";"1";"7";"La Matourienne";"4,83815400";" -52,31848200"
"202400006447";"4";"08";"2024";"17:57";"1";"66";"66136";"2";"1";"1";"6";"Rue des Ménestrels";"42,68951000";"2,89755000"
"202400006448";"26";"04";"2024";"03:45";"4";"34";"34255";"1";"1";"2";"1";"Saint-Gély-du-Fesc - CD 986";"43,67789800";"3,82092500"
"202400006449";"9";"08";"2024";"18:10";"1";"64";"64260";"2";"6";"1";"3";"CHEVREFEUILLES (RUE DES)";"43,37341942";" -1,76973470"
"202400006450";"6";"08";"2024";"08:25";"1";"64";"64237";"1";"1";"1";"6";"VALLEE HEUREUSE";"43,26469000";" -0,36520000"
"202400006451";"7";"08";"2024";"12:40";"1";"64";"64445";"2";"3";"8";"3";"JEAN JACQUES DE MONAIX";"43,30294000";" -0,35787000"
"202400006452";"9";"08";"2024";"20:30";"1";"64";"64122";"2";"9";"1";"6";"IMPERATRICE (AVENUE DE L')";"43,48749000";" -1,55414000"
"202400006453";"9";"08";"2024";"20:10";"1";"64";"64102";"2";"2";"1";"3";"BOUFFLERS (ALLEES)";"43,49141000";" -1,46936000"
"202400006454";"8";"08";"2024";"02:09";"3";"64";"64140";"2";"1";"1";"7";"SAINT GOBAIN (QUAI)";"43,51193525";" -1,48865551"
"202400006455";"8";"08";"2024";"14:40";"1";"64";"64102";"2";"1";"1";"2";"HENRI DE NAVARRE (AVENUE)";"43,50962000";" -1,44366000"
"202400006456";"8";"08";"2024";"09:40";"1";"64";"64024";"2";"6";"1";"3";"BAHINOS (ROND POINT DE)";"43,49401000";" -1,51887000"
"202400006457";"5";"08";"2024";"17:40";"1";"62";"62525";"2";"1";"7";"6";"avenue des frais fonds";"50,73682000";"2,27374000"
"202400006458";"9";"08";"2024";"04:50";"5";"59";"59599";"2";"2";"1";"3";"PAPIN (CHAUSSEE DENIS)";"50,73292000";"3,18196000"
"202400006459";"8";"08";"2024";"19:00";"1";"59";"59599";"2";"8";"1";"6";"LEFRANCOIS (RUE ALFRED)";"50,71641000";"3,16453000"
"202400006460";"6";"08";"2024";"16:45";"1";"59";"59560";"1";"1";"1";"2";"TEMPLEMARS ROUTE DE";"50,55938000";"3,04662000"
"202400006461";"5";"08";"2024";"16:14";"1";"57";"57221";"2";"1";"1";"3";"NATIONALE (RUE)";"49,31639434";"6,12492085"
"202400006462";"9";"08";"2024";"01:30";"5";"56";"56260";"2";"1";"1";"7";"Rue Francis Decker";"47,65735000";" -2,75496000"
"202400006463";"9";"08";"2024";"21:55";"4";"54";"54395";"2";"1";"1";"3";"Boulevard Lobau";"48,68168634";"6,19772136"
"202400006464";"9";"08";"2024";"13:40";"1";"54";"54280";"2";"1";"1";"6";"Rue de Franchepré";"49,22346500";"6,01123100"
"202400006465";"8";"08";"2024";"19:00";"1";"51";"51454";"2";"1";"1";"2";"ARNOULD (BOULEVARD CHARLES)";"49,26817200";"4,01848500"
"202400006466";"8";"08";"2024";"13:50";"1";"50";"50129";"2";"1";"1";"6";"ASSELIN (RUE)";"49,64190000";" -1,63573000"
"202400006467";"9";"08";"2024";"16:50";"1";"49";"49007";"2";"6";"1";"3";"DE LATTRE DE TASSIGNY";"47,44838000";" -0,53788000"
"202400006468";"7";"08";"2024";"15:25";"1";"48";"48095";"2";"7";"1";"7";"SOUBEYRAN (RUE DU)";"44,51690000";"3,49919000"
"202400006469";"9";"08";"2024";"04:15";"5";"47";"47027";"2";"1";"1";"6";"BORDEAUX (avenue de)";"44,40449000";"0,66942000"
"202400006470";"5";"08";"2024";"17:32";"1";"36";"36159";"2";"2";"1";"3";"Allée de Corbilly";"46,76492600";"1,70968900"
"202400006471";"9";"02";"2024";"07:40";"4";"64";"64519";"2";"6";"2";"6";"D716";"43,36167000";" -0,38540400"
"202400006472";"8";"02";"2024";"14:50";"1";"36";"36005";"2";"1";"1";"7";"27 Route de la Chatre";"46,76262900";"1,80402100"
"202400006473";"9";"08";"2024";"02:15";"3";"35";"35278";"1";"3";"1";"6";"WOOD (AVENUE DU GENERAL J.S)";"48,14633624";" -1,66863978"
"202400006474";"9";"02";"2024";"12:55";"1";"07";"07013";"1";"1";"2";"6";"rd221";"45,18994600";"4,76226200"
"202400006475";"8";"02";"2024";"14:05";"1";"40";"40068";"2";"1";"8";"1";"Route des Sources";"43,75086200";" -0,86662700"
"202400006476";"8";"02";"2024";"16:08";"1";"24";"24261";"1";"1";"2";"1";"Route des Carrières";"44,98603135";"0,91294885"
"202400006477";"5";"08";"2024";"18:00";"1";"34";"34301";"2";"1";"1";"2";"PIERRES BLANCHES (MONTEE DES)";"43,40240000";"3,66965000"
"202400006478";"28";"01";"2024";"15:20";"1";"24";"24156";"1";"1";"1";"7";"N/A";"45,04056766";"0,86860657"
"202400006479";"6";"02";"2024";"00:37";"3";"28";"28364";"1";"1";"1";"1";"D111";"48,16904400";"1,55091000"
"202400006480";"9";"02";"2024";"13:00";"1";"68";"68300";"1";"1";"2";"6";"bretelle d'accès A35/A36";"47,78298000";"7,40234200"
"202400006481";"6";"08";"2024";"02:00";"5";"34";"34172";"2";"3";"1";"3";"EUROPE (AVENUE DE L')";"43,63443000";"3,82249000"
"202400006482";"8";"02";"2024";"17:35";"2";"91";"91132";"1";"1";"2";"2";"route nationale 20";"48,50779100";"2,20125700"
"202400006483";"8";"02";"2024";"20:15";"5";"06";"06088";"1";"1";"1";"6";"A8";"43,73164500";"7,27783900"
"202400006484";"8";"02";"2024";"17:30";"2";"51";"51518";"1";"1";"3";"6";"A 26, PK 258+100, sens REIMS/CALAIS";"49,28790423";"3,98455545"
"202400006485";"9";"02";"2024";"02:00";"5";"34";"34172";"1";"1";"1";"2";"A709 PK 11+400";"43,58478200";"3,89048000"
"202400006486";"7";"02";"2024";"16:02";"1";"45";"45067";"1";"1";"2";"6";"A10 PR 105 + 320";"47,89129600";"1,76227500"
"202400006487";"9";"08";"2024";"04:15";"5";"34";"34172";"2";"3";"1";"3";"MONTELS-EGLISE (RUE DE)";"43,58045000";"3,88114000"
"202400006488";"2";"02";"2024";"14:00";"1";"38";"38035";"1";"1";"1";"6";"RD518 - PR019+000";"45,50995600";"5,08255000"
"202400006489";"8";"02";"2024";"21:20";"5";"60";"60482";"1";"1";"2";"6";"D118";"49,13789500";"2,50363800"
"202400006490";"8";"08";"2024";"02:58";"3";"34";"34032";"2";"1";"1";"7";"ROUTE DEPARTEMENTALE 612 (RD612)";"43,35213000";"3,25086000"
"202400006491";"6";"02";"2024";"09:15";"1";"13";"13076";"2";"1";"1";"1";"D99";"43,80794500";"4,99626300"
"202400006492";"9";"02";"2024";"10:45";"1";"13";"13035";"1";"1";"3";"1";"D17";"43,69313000";"4,99712100"
"202400006493";"7";"08";"2024";"00:10";"5";"33";"33063";"2";"1";"1";"6";"N/A";"44,85606000";" -0,57127000"
"202400006494";"9";"02";"2024";"11:00";"1";"13";"13097";"1";"3";"2";"3";"Route Nationale 568";"43,58447100";"4,76525500"
"202400006495";"9";"08";"2024";"17:30";"1";"33";"33522";"2";"3";"1";"3";"N/A";"44,79350000";" -0,58488000"
"202400006496";"9";"02";"2024";"07:20";"5";"71";"71491";"2";"2";"1";"6";"4 Rue du Centre";"46,41081381";"4,03630215"
"202400006497";"9";"02";"2024";"01:40";"3";"73";"73285";"1";"1";"2";"6";"D902";"45,61740341";"6,81195305"
"202400006498";"9";"02";"2024";"05:50";"3";"38";"38484";"1";"1";"2";"1";"Route de Villette";"45,56404100";"4,90887200"
"202400006499";"8";"02";"2024";"23:25";"5";"01";"01142";"2";"3";"2";"3";"Rue de Genève";"45,85139100";"5,06253500"
"202400006500";"8";"02";"2024";"16:45";"1";"46";"46174";"1";"1";"1";"1";"N122";"44,65149800";"2,10604900"
"202400006501";"9";"08";"2024";"19:08";"1";"33";"33009";"2";"6";"1";"6";"N/A";"44,65891000";" -1,18421000"
"202400006502";"9";"02";"2024";"13:10";"1";"56";"56237";"1";"1";"1";"1";"Le Meugoet Bihan";"48,01076900";" -2,92738400"
"202400006503";"8";"02";"2024";"13:15";"1";"59";"59126";"1";"6";"3";"1";"D643";"50,30485900";"3,13405100"
"202400006504";"6";"08";"2024";"13:50";"1";"31";"31555";"2";"1";"1";"2";"NARBONNE (ROUTE DE)";"43,56707000";"1,45820000"
"202400006505";"3";"02";"2024";"20:40";"3";"69";"69286";"1";"1";"1";"3";"Autoroute 46";"45,80878000";"4,91826000"
"202400006506";"8";"08";"2024";"13:40";"1";"31";"31555";"2";"1";"1";"6";"RD916";"43,55373000";"1,49661000"
"202400006507";"9";"08";"2024";"16:35";"1";"27";"27229";"2";"1";"1";"6";"VERNON (RUE DE)";"49,03004000";"1,16261000"
"202400006508";"7";"02";"2024";"07:00";"3";"33";"33249";"1";"1";"1";"4";"N/A";"44,88034500";" -0,52515100"
"202400006509";"6";"08";"2024";"14:14";"1";"27";"27229";"2";"2";"1";"3";"JANIN (BOULEVARD JULES)";"49,02565000";"1,15571000"
"202400006510";"8";"02";"2024";"16:10";"1";"91";"91521";"1";"1";"2";"2";"RN 104";"48,63301258";"2,40559816"
"202400006511";"6";"08";"2024";"14:56";"1";"22";"22278";"2";"6";"2";"2";"SEVIGNE (BD)";"48,51808000";" -2,74880000"
"202400006512";"9";"08";"2024";"13:45";"1";"19";"19031";"2";"1";"1";"6";"Avenue Jacques et Bernadette Chirac";"45,16739184";"1,54992002"
"202400006513";"8";"02";"2024";"08:45";"1";"91";"91064";"1";"1";"2";"4";"RN 118";"48,75090000";"2,22240000"
"202400006514";"6";"08";"2024";"17:00";"1";"15";"15014";"2";"6";"1";"3";"RD 120";"44,92227000";"2,42778000"
"202400006515";"8";"02";"2024";"11:30";"1";"91";"91103";"1";"1";"2";"6";"RN 104";"48,62488200";"2,30469500"
"202400006516";"9";"08";"2024";"19:56";"1";"14";"14557";"2";"1";"1";"2";"105 Avenue Ox and Bucks";"49,33862000";"0,09716000"
"202400006517";"8";"02";"2024";"07:45";"1";"94";"94021";"1";"1";"2";"3";"A6A";"48,76446314";"2,34264629"
"202400006518";"1";"08";"2024";"14:09";"1";"14";"14118";"2";"1";"1";"6";"Place Maréchal Foch";"49,17796000";" -0,35997000"
"202400006519";"8";"02";"2024";"09:40";"1";"91";"91286";"1";"1";"2";"3";"AUTOROUTE A6";"48,65494000";"2,37964000"
"202400006520";"8";"02";"2024";"00:03";"3";"91";"91521";"1";"1";"2";"7";"RN 104";"48,62736000";"2,39930000"
"202400006521";"7";"08";"2024";"22:10";"5";"14";"14118";"2";"2";"1";"1";"2 Rue Léon Lecornu";"49,18832000";" -0,35991000"
"202400006522";"27";"11";"2024";"11:00";"1";"84";"84031";"2";"1";"1";"6";"SAINT LABRE CHEMIN DE";"44,05443000";"5,05191000"
"202400006523";"7";"02";"2024";"14:15";"1";"974";"97411";"2";"1";"1";"6";"MOUFIA (ROUTE DE)";" -20,90029000";"55,49201000"
"202400006524";"7";"08";"2024";"04:30";"3";"13";"13039";"1";"1";"1";"7";"ROUTE NATIONALE 568";"43,46171000";"4,91928000"
"202400006525";"4";"03";"2024";"09:09";"1";"44";"44114";"2";"1";"1";"1";"Rue Notre-Dame des Anges";"47,27520450";" -1,65239057"
"202400006526";"7";"02";"2024";"16:10";"1";"973";"97302";"2";"3";"1";"3";"BADUEL (ROUTE DE)";"4,92923625";" -52,30232477"
"202400006527";"9";"08";"2024";"21:50";"5";"13";"13204";"2";"1";"1";"1";"ALEX. FLEMING (BOULEVARD)";"43,31577000";"5,40109000"
"202400006528";"11";"11";"2024";"01:30";"3";"84";"84062";"1";"1";"1";"7";"D901";"43,87308600";"5,11174300"
"202400006529";"11";"11";"2024";"14:30";"1";"50";"50626";"1";"1";"1";"6";"La Croix au Gros";"48,91431400";" -1,38807000"
"202400006530";"7";"02";"2024";"14:55";"1";"69";"69381";"2";"3";"1";"2";"Quai Saint Vincent";"45,76821000";"4,82732000"
"202400006531";"9";"08";"2024";"14:00";"1";"13";"13201";"2";"1";"1";"1";"LIEUTAUD (COURS)      2 A 52";"43,29354000";"5,38216000"
"202400006532";"1";"11";"2024";"18:00";"3";"50";"50549";"1";"1";"5";"2";"D924";"48,83628100";" -1,43459600"
"202400006533";"2";"01";"2024";"17:15";"5";"95";"95539";"2";"1";"2";"3";"D125";"48,99530558";"2,34288396"
"202400006534";"9";"08";"2024";"20:15";"1";"11";"11069";"2";"9";"1";"3";"N/A";"43,22826000";"2,39605000"
"202400006535";"17";"09";"2024";"08:37";"1";"17";"17299";"2";"6";"1";"6";"BEGON ROND POINT ET RUE";"45,94340355";" -0,96021374"
"202400006536";"9";"08";"2024";"14:20";"1";"11";"11069";"2";"1";"1";"1";"72 Allée d'Iéna";"43,21532000";"2,34518000"
"202400006537";"7";"02";"2024";"08:10";"2";"95";"95280";"2";"1";"2";"5";"D47";"49,01716877";"2,46809713"
"202400006538";"18";"08";"2024";"15:14";"1";"35";"35222";"2";"8";"1";"6";"Rue de Normandie";"48,53344500";" -1,55973100"
"202400006539";"6";"02";"2024";"13:50";"1";"91";"91333";"2";"9";"1";"3";" 8 MAI 1945 (RUE DU)";"48,62290000";"2,26697000"
"202400006540";"9";"08";"2024";"17:50";"1";"10";"10387";"2";"1";"1";"3";"Quai des Comtes de Champagne";"48,30069000";"4,07554000"
"202400006541";"29";"02";"2024";"08:15";"1";"44";"44109";"2";"6";"1";"3";"Rue Jeanne d'Arc";"47,22100000";" -1,55600000"
"202400006542";"29";"02";"2024";"14:00";"1";"44";"44114";"2";"1";"1";"7";"4 Rue Albert De Dion";"47,25697389";" -1,62350598"
"202400006543";"7";"02";"2024";"11:00";"1";"91";"91122";"2";"3";"2";"1";"DOCTEUR COLLE (RUE DU)";"48,69814000";"2,15797000"
"202400006544";"6";"08";"2024";"15:40";"1";"09";"09207";"2";"3";"1";"3";"CAUSSOU (CH DE)";"42,93800000";"1,63200000"
"202400006545";"28";"02";"2024";"13:00";"1";"44";"44162";"2";"1";"1";"3";"Place Océane";"47,22531469";" -1,62752107"
"202400006546";"8";"08";"2024";"11:00";"1";"08";"08105";"2";"1";"1";"6";"36 Rue de Warcq";"49,76361000";"4,69961000"
"202400006547";"7";"02";"2024";"09:20";"1";"91";"91589";"2";"2";"2";"4";" BELGES (BOULEVARD DES)";"48,70032400";"2,35277300"
"202400006548";"6";"02";"2024";"09:55";"1";"44";"44109";"2";"1";"1";"6";"5 Boulevard du Général de Gaulle  ";"47,20811330";" -1,54043397"
"202400006549";"9";"08";"2024";"19:00";"1";"07";"07102";"2";"2";"1";"3";"LANGUEDOC (ALLEE DU)";"44,92767000";"4,86220000"
"202400006550";"24";"01";"2024";"15:30";"1";"44";"44109";"2";"1";"1";"6";"53 Route de Rennes";"47,25090382";" -1,57670315"
"202400006551";"7";"02";"2024";"08:18";"1";"91";"91027";"2";"3";"2";"6";" JEAN PIERRE BENARD (AVENUE)";"48,71004200";"2,38549000"
"202400006552";"6";"08";"2024";"08:35";"1";"06";"06069";"2";"4";"1";"6";"39 Boulevard Emmanuel Rouquier";"43,64196000";"6,94263000"
"202400006553";"23";"01";"2024";"20:15";"3";"44";"44162";"1";"1";"1";"2";"N/A";"47,20313400";" -1,62237750"
"202400006554";"6";"02";"2024";"16:00";"1";"91";"91223";"2";"1";"1";"2";"COQUERIVE (AVENUE DE)";"48,43470000";"2,16914000"
"202400006555";"27";"07";"2024";"00:10";"5";"02";"02408";"2";"9";"1";"6";"1 Rue Eloi";"49,57644000";"3,63252000"
"202400006556";"23";"01";"2024";"07:35";"2";"44";"44109";"2";"1";"1";"2";"Place de la Duchese Anne";"47,21650319";" -1,54698907"
"202400006557";"9";"08";"2024";"18:45";"1";"75";"75119";"2";"1";"1";"2";"BD PERIPHERIQUE EXTERIEUR";"48,90035500";"2,38210300"
"202400006558";"23";"01";"2024";"18:35";"2";"44";"44109";"2";"6";"1";"3";"Route de Sainte Luce";"47,24645498";" -1,50123616"
"202400006559";"6";"02";"2024";"13:20";"1";"89";"89024";"2";"1";"1";"3";"HAUSSMANN (AVENUE)";"47,81038000";"3,57134000"
"202400006560";"9";"08";"2024";"09:20";"1";"75";"75115";"2";"1";"1";"2";"BD PERIPHERIQUE INTERIEUR";"48,82618500";"2,29835800"
"202400006561";"19";"01";"2024";"17:40";"5";"44";"44109";"2";"6";"1";"3";"100a Quai de la Fosse";"47,20738990";" -1,57211253"
"202400006562";"6";"02";"2024";"01:20";"5";"87";"87085";"2";"3";"1";"6";"CITE (BOULEVARD)";"45,83025000";"1,26489000"
"202400006563";"8";"08";"2024";"22:05";"5";"75";"75106";"2";"2";"1";"7";"RUE DE VAUGIRARD";"48,84781800";"2,32956700"
"202400006564";"9";"08";"2024";"12:55";"1";"75";"75117";"2";"7";"1";"6";"PLACE DE LA PORTE MAILLOT";"48,87779700";"2,28238200"
"202400006565";"18";"01";"2024";"13:40";"1";"44";"44109";"2";"6";"1";"3";"29 Boulevard Lelasseur";"47,23162170";" -1,56860884"
"202400006566";"18";"01";"2024";"18:10";"3";"44";"44162";"2";"1";"1";"6";"14 Impasse Jean Batiste Guitton";"47,21030074";" -1,66072580"
"202400006567";"7";"02";"2024";"20:40";"5";"78";"78650";"2";"9";"2";"6";"JUSSIEU (RUE DE)";"48,88980000";"2,14290000"
"202400006568";"9";"08";"2024";"02:10";"5";"75";"75115";"2";"1";"1";"6";"RUE DE L ARRIVEE";"48,84319700";"2,32197400"
"202400006569";"5";"01";"2024";"12:50";"1";"44";"44184";"2";"1";"1";"6";"153 Boulevard du Docteur René Laënnec";"47,27100320";" -2,23855162"
"202400006570";"9";"08";"2024";"10:10";"1";"75";"75114";"2";"1";"1";"7";"RUE FROIDEVAUX";"48,83574900";"2,32832700"
"202400006571";"18";"12";"2024";"15:13";"1";"25";"25558";"2";"1";"1";"7";"N/A";"47,15875900";"6,11321900"
"202400006572";"5";"01";"2024";"22:30";"5";"44";"44162";"2";"1";"1";"6";"5 rue du Zambèze";"47,24033680";" -1,61203314"
"202400006573";"6";"02";"2024";"19:50";"5";"77";"77288";"1";"1";"1";"7";"R.N 105 MELUN NORD";"48,56005000";"2,64684000"
"202400006574";"5";"01";"2024";"00:40";"5";"44";"44020";"1";"1";"3";"7";"Pont de Cheviré";"47,18188831";" -1,61232233"
"202400006575";"8";"08";"2024";"02:13";"5";"75";"75113";"2";"2";"1";"3";"RUE DE PATAY";"48,82557600";"2,37461500"
"202400006576";"1";"01";"2024";"13:20";"1";"44";"44162";"1";"6";"1";"7";"Rond-Point d'Armor";"47,22548404";" -1,62228789"
"202400006577";"6";"02";"2024";"12:45";"1";"77";"77114";"1";"1";"1";"6";"RN 4";"48,73697077";"2,70135931"
"202400006578";"9";"08";"2024";"02:30";"5";"75";"75112";"2";"1";"1";"3";"RUE DE BERCY";"48,84165100";"2,37735600"
"202400006579";"14";"12";"2024";"02:30";"3";"972";"97213";"1";"1";"1";"6";"AUTOROUTE A1";"14,61461000";" -61,01274000"
"202400006580";"7";"02";"2024";"19:46";"5";"77";"77132";"2";"1";"2";"3";"BD DE L EUROPE";"48,87498000";"2,80190000"
"202400006581";"9";"08";"2024";"13:12";"1";"75";"75111";"2";"2";"1";"6";"RUE DE LA ROQUETTE";"48,85934300";"2,38684100"
"202400006582";"17";"11";"2024";"06:30";"3";"71";"71040";"1";"1";"1";"7";"MONTCENIS (ROUTE DE)";"46,72660000";"4,37430000"
"202400006583";"9";"08";"2024";"08:44";"1";"75";"75110";"2";"1";"1";"6";"RUE ALBERT THOMAS";"48,87013500";"2,36233800"
"202400006584";"26";"11";"2024";"11:20";"1";"69";"69091";"2";"1";"1";"6";"Rue Jean Ligonnet";"45,59457000";"4,76986000"
"202400006585";"12";"08";"2024";"17:15";"1";"88";"88383";"2";"1";"1";"1";"faubourg d'alsace";"48,01009500";"6,60333700"
"202400006586";"7";"02";"2024";"18:20";"5";"76";"76540";"2";"2";"2";"6";"Rue de Constantine";"49,44897000";"1,06697000"
"202400006587";"9";"08";"2024";"19:25";"1";"75";"75108";"2";"2";"1";"6";"AVENUE DES CHAMPS ELYSEES";"48,87044400";"2,30512900"
"202400006588";"6";"02";"2024";"17:40";"1";"71";"71270";"2";"3";"1";"3";"GAMBETTA (RUE)";"46,30236000";"4,83028000"
"202400006589";"9";"08";"2024";"11:10";"1";"75";"75115";"2";"1";"1";"3";"RUE FREMICOURT";"48,84750100";"2,29850100"
"202400006590";"30";"11";"2024";"19:30";"3";"88";"88364";"1";"9";"2";"1";"D14";"48,33953500";"6,11189600"
"202400006591";"7";"02";"2024";"07:55";"2";"69";"69276";"2";"1";"1";"1";"Montée des Gorges";"45,66780000";"4,85393000"