"Num_Acc";"jour";"mois";"an";"hrmn";"lum";"dep";"com";"agg";"int";"atm";"col";"adr";"lat";"long"
"202400006785";"25";"08";"2024";"05:40";"3";"49";"49328";"1";"1";"1";"2";"ROCADE N 347";"47,28219500";" -0,06241000"
"202400006786";"7";"02";"2024";"20:00";"5";"93";"93005";"2";"2";"2";"6";"Route de Bondy / Rue d'Orléans";"48,91983900";"2,48715500"
"202400006787";"10";"08";"2024";"18:20";"1";"81";"81046";"1";"2";"1";"3";"Route de Prat-Viel";"43,84733400";"2,02143100"
"202400006788";"19";"11";"2024";"15:40";"1";"78";"78646";"1";"1";"3";"6";"Route de Saint Cyr";"48,80284700";"2,11016300"
"202400006789";"6";"02";"2024";"09:20";"1";"92";"92050";"2";"3";"1";"4";"NATIONAL (BOULEVARD)";"48,88772735";"2,18565559"
"202400006790";"29";"11";"2024";"17:00";"2";"84";"84031";"2";"1";"1";"6";"GAMBETTA BOULEVARD";"44,05511000";"5,04447000"
"202400006791";"10";"08";"2024";"19:00";"1";"09";"09282";"2";"3";"1";"3";"D927";"43,25009500";"1,56688200"
"202400006792";"7";"02";"2024";"14:23";"1";"92";"92051";"2";"1";"2";"3";"MAURICE BARRES (BOULEVARD)";"48,87936000";"2,26707000"
"202400006793";"28";"11";"2024";"04:30";"5";"84";"84080";"1";"1";"1";"7";"AVIGNON BOULEVARD D'";"44,02901000";"4,97562000"
"202400006794";"9";"08";"2024";"16:30";"1";"09";"09146";"1";"1";"1";"1";"D14";"43,20780300";"1,49787400"
"202400006795";"21";"09";"2024";"01:35";"3";"44";"44035";"1";"1";"1";"3";"N/A";"47,27153753";" -1,55654876"
"202400006796";"7";"02";"2024";"18:25";"3";"92";"92020";"2";"2";"2";"3";"FAURE BLD FELIX N°1 A 35 ET 28 A 36";"48,80180212";"2,28376383"
"202400006797";"9";"08";"2024";"15:40";"1";"33";"33326";"2";"1";"1";"7";"N/A";"45,32892203";" -0,57718928"
"202400006798";"7";"02";"2024";"20:45";"5";"92";"92040";"2";"1";"2";"6";"ILES (BOULEVARD DES)";"48,82278508";"2,24977267"
"202400006799";"23";"11";"2024";"13:15";"1";"42";"42189";"2";"1";"1";"1";"Boulevard Blaise Pascal";"45,42435500";"4,31616900"
"202400006800";"9";"08";"2024";"20:20";"2";"14";"14762";"1";"4";"1";"3";"Route de Sourdeval";"48,81548800";" -0,88870100"
"202400006801";"6";"02";"2024";"23:00";"5";"92";"92062";"2";"1";"1";"6";"PERRONET NORD ET SUD";"48,89110856";"2,23879248"
"202400006802";"28";"10";"2024";"17:45";"1";"61";"61001";"2";"1";"1";"6";"D438";"48,42645700";"0,09245100"
"202400006803";"9";"08";"2024";"10:00";"1";"29";"29169";"1";"1";"1";"1";"Route de Guengat";"48,06617082";" -4,20083827"
"202400006804";"6";"02";"2024";"21:50";"5";"92";"92060";"2";"1";"1";"6";"REPUBLIQUE (AVENUE DE LA) (RD 60)";"48,77992816";"2,27363849"
"202400006805";"6";"12";"2024";"20:00";"3";"74";"74265";"1";"1";"8";"6";"Route du Bouchet-Mont-Charvin";"45,79395100";"6,33958300"
"202400006806";"9";"09";"2024";"16:20";"1";"74";"74175";"1";"1";"2";"7";"Rue du locum";"46,40211337";"6,75673467"
"202400006807";"9";"08";"2024";"21:56";"5";"60";"60628";"1";"1";"1";"6";"N31";"49,42275900";"2,15111800"
"202400006808";"7";"02";"2024";"06:10";"5";"92";"92012";"2";"6";"2";"7";"MARCEL SEMBAT (PLACE)";"48,83350323";"2,24340963"
"202400006809";"6";"12";"2024";"14:00";"1";"74";"74124";"1";"1";"1";"6";"Route de saint-julien";"46,12891300";"6,07940900"
"202400006810";"7";"02";"2024";"12:44";"1";"92";"92009";"2";"1";"2";"2";"MOULIN BAILLY ( RUE )";"48,90859548";"2,25768583"
"202400006811";"20";"10";"2024";"15:10";"1";"74";"74018";"1";"1";"1";"7";"N/A";"46,10111897";"6,31361532"
"202400006812";"8";"02";"2024";"15:55";"1";"80";"80016";"2";"9";"2";"6";"494 Chemin Croise de Bellevue";"49,99665000";"2,65905100"
"202400006813";"4";"12";"2024";"08:30";"1";"74";"74297";"1";"1";"1";"7";"1415 Route de Geneve";"45,93212900";"5,93130800"
"202400006814";"10";"08";"2024";"15:00";"1";"80";"80338";"2";"3";"1";"3";"Rue Gambetta";"49,90095800";"2,50492000"
"202400006815";"4";"02";"2024";"19:30";"3";"62";"62336";"1";"1";"6";"3";"D159";"50,56654518";"2,27493219"
"202400006816";"21";"09";"2024";"01:50";"3";"74";"74116";"1";"4";"1";"1";"Route Nationale 203";"46,07349187";"6,28863251"
"202400006817";"25";"01";"2024";"10:00";"1";"73";"73085";"2";"6";"1";"6";"D991 - 270 route d'AIX";"45,81912000";"5,84809000"
"202400006818";"6";"02";"2024";"12:00";"1";"40";"40304";"2";"1";"1";"7";"Avenue du Touring Club";"43,65928200";" -1,42826300"
"202400006819";"29";"10";"2024";"08:15";"1";"74";"74067";"2";"1";"1";"1";"146 Route de l'herbe";"45,89672000";"6,07827400"
"202400006820";"8";"08";"2024";"09:55";"1";"42";"42237";"1";"1";"1";"6";"N88";"45,44046000";"4,45692000"
"202400006821";"8";"02";"2024";"08:30";"1";"06";"06161";"2";"1";"1";"2";"Avenue des Plans";"43,65467500";"7,12512000"
"202400006822";"6";"12";"2024";"21:00";"5";"74";"74104";"1";"3";"8";"3";"D1508";"45,77785400";"6,23293300"
"202400006823";"9";"08";"2024";"18:22";"1";"33";"33487";"1";"1";"1";"2";"N/A";"44,95343000";" -0,45714000"
"202400006824";"30";"10";"2024";"12:30";"1";"74";"74166";"2";"3";"1";"3";"avenue de savoie";"46,38414500";"6,52682300"
"202400006825";"8";"08";"2024";"16:59";"1";"59";"59346";"1";"1";"2";"3";"AUTOROUTE A27";"50,60094700";"3,13289600"
"202400006826";"30";"11";"2024";"14:40";"1";"74";"74180";"1";"1";"1";"6";"42 route de parteyi";"46,34024266";"6,27919025"
"202400006827";"6";"02";"2024";"17:50";"2";"06";"06161";"2";"3";"1";"5";"473 Boulevard des Italiens";"43,64014500";"7,13972400"
"202400006828";"9";"08";"2024";"20:48";"2";"91";"91086";"1";"1";"1";"1";"RN 104";"48,62300000";"2,38600000"
"202400006829";"6";"02";"2024";"17:25";"1";"28";"28161";"1";"1";"1";"6";"Autoroute Oceane - A11- PK 096+200";"48,24846000";"1,11792900"
"202400006830";"9";"08";"2024";"00:05";"4";"91";"91689";"1";"1";"1";"3";"AUTOROUTE A6B";"48,74592000";"2,32423000"
"202400006831";"30";"11";"2024";"23:17";"3";"74";"74005";"2";"3";"1";"3";"Avenue du centenaire";"46,34275100";"6,48204800"
"202400006832";"8";"02";"2024";"14:20";"1";"71";"71550";"1";"1";"1";"2";"A6";"46,50273167";"4,90409787"
"202400006833";"8";"08";"2024";"01:35";"3";"78";"78418";"1";"1";"1";"2";"A14";"48,91777200";"2,12032400"
"202400006834";"2";"11";"2024";"20:51";"3";"74";"74032";"1";"4";"5";"6";"Route de la Chèvrerie";"46,22091400";"6,55397200"
"202400006835";"7";"02";"2024";"22:20";"3";"972";"97210";"1";"1";"1";"1";"Route nationale 6";"14,60421400";" -60,93249900"
"202400006836";"7";"08";"2024";"23:55";"3";"78";"78073";"1";"1";"1";"3";"N12Y";"48,79920500";"1,99557100"
"202400006837";"28";"11";"2024";"17:45";"2";"74";"74309";"1";"1";"2";"1";"1618 Route de la gare";"46,12967500";"6,02881400"
"202400006838";"8";"02";"2024";"08:50";"1";"83";"83048";"2";"1";"1";"3";"260 Boulevard Georges Selliez";"43,20552000";"6,57051100"
"202400006839";"28";"11";"2024";"09:34";"1";"74";"74282";"1";"1";"3";"7";"Autoroute A410";"46,02646900";"6,22899100"
"202400006840";"9";"08";"2024";"15:20";"1";"94";"94028";"1";"1";"1";"3";"A86";"48,79449381";"2,44220497"
"202400006841";"8";"02";"2024";"15:50";"1";"82";"82103";"1";"1";"1";"6";"D928";"43,83792400";"0,92647800"
"202400006842";"8";"08";"2024";"22:20";"3";"77";"77059";"1";"1";"1";"2";"A104";"48,84554650";"2,66261420"
"202400006843";"27";"11";"2024";"06:24";"3";"74";"74197";"1";"3";"1";"3";"Route d'annecy";"46,14335768";"6,31477314"
"202400006844";"26";"11";"2024";"16:20";"2";"74";"74112";"2";"6";"1";"6";"Route du pont de brogny";"45,93521800";"6,12357400"
"202400006845";"25";"01";"2024";"14:57";"1";"33";"33251";"1";"2";"1";"3";"N/A";"44,51759100";" -0,59046800"
"202400006846";"1";"06";"2024";"00:55";"3";"57";"57283";"1";"1";"1";"7";"CD 112 F";"49,24240000";"6,14439000"
"202400006847";"25";"11";"2024";"06:05";"3";"74";"74021";"1";"1";"1";"2";"A40";"46,16572000";"6,25088000"
"202400006848";"7";"02";"2024";"18:05";"5";"55";"55463";"2";"1";"2";"6";"Avenue de la 40e Division";"48,89718862";"5,53391118"
"202400006849";"23";"11";"2024";"02:40";"3";"74";"74313";"1";"1";"4";"7";"D27";"46,04979500";"6,14975300"
"202400006850";"8";"02";"2024";"08:05";"2";"49";"49214";"1";"1";"2";"6";"Route de Laval";"47,52357400";" -0,61507900"
"202400006851";"5";"11";"2024";"17:45";"2";"74";"74161";"1";"1";"1";"6";"Route des creuses";"45,87679300";"6,01892000"
"202400006852";"8";"02";"2024";"07:40";"2";"47";"47095";"1";"1";"1";"6";"D101";"44,42214166";"0,29794470"
"202400006853";"15";"11";"2024";"16:58";"2";"74";"74157";"2";"1";"1";"2";"235 Route d'orcier";"46,33749500";"6,51904500"
"202400006854";"8";"02";"2024";"17:40";"1";"29";"29220";"2";"1";"2";"2";"Rue Pen Enez";"47,87604400";" -4,22225800"
"202400006855";"30";"10";"2024";"15:00";"1";"74";"74010";"2";"1";"1";"6";"20 Avenue de periaz";"45,87730700";"6,08983200"
"202400006856";"6";"10";"2024";"17:30";"1";"74";"74249";"1";"1";"1";"6";"RD 32";"46,35512150";"6,63838130"
"202400006857";"29";"01";"2024";"20:25";"3";"01";"01165";"1";"4";"1";"3";"D27";"46,07958700";"4,80478000"
"202400006858";"3";"09";"2024";"15:55";"1";"74";"74289";"1";"1";"1";"7";"Route de geneve";"45,89183000";"5,93657600"
"202400006859";"3";"02";"2024";"20:30";"3";"01";"01426";"1";"1";"1";"6";"RD 3";"46,27829000";"5,34916200"
"202400006860";"27";"06";"2024";"13:25";"1";"35";"35238";"1";"1";"1";"6";"N/A";"48,08112000";" -1,66493000"
"202400006861";"7";"02";"2024";"14:03";"1";"85";"85151";"1";"1";"2";"1";"RD149";"46,97793000";" -0,91910400"
"202400006862";"1";"08";"2024";"21:05";"2";"17";"17299";"2";"1";"1";"7";"PONTY AVENUE W.";"45,94376700";" -0,95979300"
"202400006863";"22";"10";"2024";"10:40";"1";"32";"32256";"1";"1";"2";"7";"Route de Montesquiou";"43,52614900";"0,40452000"
"202400006864";"6";"02";"2024";"19:10";"5";"70";"70511";"2";"7";"8";"6";"D5";"47,59146200";"5,72820700"
"202400006865";"23";"10";"2024";"08:40";"2";"32";"32290";"1";"1";"5";"7";"D270";"43,98583200";"0,18000300"
"202400006866";"7";"02";"2024";"20:10";"3";"54";"54523";"1";"1";"3";"6";"RD 974 ";"48,56933800";"5,95597400"
"202400006867";"24";"10";"2024";"13:00";"1";"32";"32249";"1";"1";"1";"5";"CD928";"43,71228900";"0,86138600"
"202400006868";"8";"02";"2024";"19:30";"3";"72";"72039";"1";"3";"2";"3";"impasse de la holière";"48,20359000";"0,43146000"
"202400006869";"2";"12";"2024";"09:15";"1";"78";"78208";"2";"3";"1";"6";"VILLEDIEU (AVENUE DE LA) 210";"48,76868900";"1,94907900"
"202400006870";"4";"02";"2024";"07:30";"3";"14";"14582";"1";"1";"1";"6";"D579";"49,09896500";"0,20753900"
"202400006871";"8";"02";"2024";"07:45";"2";"14";"14543";"2";"1";"2";"1";"178 Rue de la Sablonniere";"49,19671800";" -0,45901600"
"202400006872";"30";"11";"2024";"18:15";"5";"28";"28134";"2";"1";"5";"4";"LIVRAINDIERES (RUE DES)";"48,74835000";"1,36066000"
"202400006873";"8";"02";"2024";"12:35";"1";"05";"05011";"1";"1";"1";"6";"D942";"44,54899947";"6,20098020"
"202400006874";"29";"11";"2024";"13:30";"1";"28";"28223";"2";"1";"1";"7";"MONTDROUARD (COTE)";"48,72425000";"1,40076000"
"202400006875";"8";"02";"2024";"09:00";"1";"05";"05124";"2";"1";"1";"1";"Pont-Sarrazin-Bas, RN94";"44,57792400";"6,12619800"
"202400006876";"27";"11";"2024";"22:00";"3";"28";"28134";"1";"9";"5";"6";"D 152 (MESNIL SUR L'ESTREE)";"48,76300000";"1,36860000"
"202400006877";"25";"11";"2024";"10:00";"1";"28";"28134";"2";"1";"3";"3";"MOULIN (AVENUE JEAN)";"48,73163000";"1,37651000"
"202400006878";"7";"02";"2024";"14:55";"1";"24";"24115";"2";"1";"1";"6";"Rue d'Angoulême";"45,24609900";"0,68584400"
"202400006879";"19";"11";"2024";"05:10";"5";"28";"28007";"2";"1";"1";"6";"Boulevard Charles de Gaulle";"48,85248600";"1,43895700"
"202400006880";"7";"02";"2024";"15:39";"1";"04";"04209";"2";"7";"7";"6";"Place de l?Horloge";"44,19701100";"5,94457800"
"202400006881";"22";"10";"2024";"13:30";"1";"28";"28140";"2";"6";"1";"3";"Route de Gallardon";"48,60390400";"1,67277600"
"202400006882";"29";"10";"2024";"05:50";"5";"38";"38544";"2";"3";"1";"1";"FUTERIE(PLACE DE LA)";"45,52772000";"4,88029000"
"202400006883";"7";"02";"2024";"14:14";"1";"37";"37062";"1";"1";"3";"6";"D749";"47,53296500";"0,30585800"
"202400006884";"15";"10";"2024";"18:00";"1";"38";"38053";"2";"3";"1";"3";"ZOLA (AV EMILE)";"45,58861000";"5,26919000"
"202400006885";"7";"02";"2024";"18:45";"5";"37";"37050";"2";"1";"2";"6";"Route de la Vigne";"47,33674700";"0,68757400"
"202400006886";"12";"10";"2024";"10:00";"1";"38";"38053";"2";"3";"1";"6";"Avenue Maréchal Leclerc";"45,58996000";"5,28172000"
"202400006887";"8";"02";"2024";"16:20";"1";"30";"30313";"1";"1";"1";"6";"D936";"43,96378000";"4,23205000"
"202400006888";"14";"06";"2024";"15:45";"1";"93";"93001";"2";"2";"9";"3";"Rue Henri Barbusse / Rue Paul Bert";"48,90884102";"2,39059660"
"202400006889";"7";"02";"2024";"12:45";"1";"987";"98745";"1";"1";"2";"6";"RT 143";" -16,63605600";" -151,46748900"
"202400006890";"18";"11";"2024";"11:50";"1";"92";"92002";"2";"1";"2";"6";"ARISTIDE BRIAND (AVENUE)";"48,75421768";"2,30534032"
"202400006891";"16";"01";"2024";"18:00";"2";"986";"98611";"2";"1";"1";"7";"RT1, Poi roaume d'Alo ";" -14,29312100";" -178,09438700"
"202400006892";"24";"11";"2024";"17:25";"2";"93";"93047";"2";"1";"1";"7";"PAUL DE KOCH  (RUE)";"48,90084100";"2,55960100"
"202400006893";"8";"02";"2024";"22:00";"5";"974";"97415";"2";"1";"1";"2";"Rue du Gen de Gaulle (st G)";" -21,05090300";"55,22400300"
"202400006894";"21";"12";"2024";"00:15";"3";"38";"38337";"1";"1";"1";"1";"D1085";"45,34658541";"5,49391508"
"202400006895";"1";"02";"2024";"11:10";"1";"971";"97116";"1";"1";"1";"3";"Route de Jeanne de Kermadec";"16,30208900";" -61,44333600"
"202400006896";"31";"12";"2024";"20:05";"3";"84";"84082";"1";"3";"1";"3";"D942/D183";"44,06000600";"5,18569700"
"202400006897";"6";"02";"2024";"16:05";"1";"28";"28015";"1";"1";"1";"3";"RD 19.4";"48,44763600";"1,77706500"
"202400006898";"26";"11";"2024";"15:45";"1";"14";"14685";"2";"1";"1";"6";"3 Rue des Vieux Métiers";"49,25546100";" -0,45078600"
"202400006899";"7";"10";"2024";"20:10";"5";"62";"62621";"2";"3";"1";"6";"D226";"50,87505900";"2,02394900"
"202400006900";"3";"02";"2024";"14:00";"1";"45";"45283";"2";"1";"2";"1";"D39 PR 23 + 786";"47,90293300";"2,70342000"
"202400006901";"27";"10";"2024";"00:15";"3";"50";"50523";"1";"9";"1";"6";"Route des Iles";"49,47099000";" -1,24893300"
"202400006902";"4";"02";"2024";"11:35";"1";"77";"77225";"1";"1";"2";"1";"D21";"48,88332100";"3,00650000"
"202400006903";"27";"12";"2024";"08:30";"1";"91";"91044";"1";"1";"1";"6";"National 20 sens province paris";"48,67823200";"2,28310700"
"202400006904";"8";"02";"2024";"09:56";"1";"2A";"2A041";"1";"1";"1";"6";"#Piantarella#";"41,37860400";"9,21834500"
"202400006905";"8";"02";"2024";"17:00";"1";"83";"83088";"1";"1";"1";"7";"D5";"43,30997200";"5,98838600"
"202400006906";"26";"11";"2024";"07:45";"3";"28";"28134";"1";"1";"1";"2";"D 912";"48,73670340";"1,36216205"
"202400006907";"7";"02";"2024";"17:30";"2";"05";"05118";"1";"1";"1";"6";"Gorges de la Méouge (Chemin)";"44,26923500";"5,77464600"
"202400006908";"17";"10";"2024";"08:00";"2";"62";"62160";"2";"1";"1";"3";"Rue des Moulins";"50,73244345";"1,62248987"
"202400006909";"7";"02";"2024";"19:25";"5";"57";"57683";"2";"6";"2";"6";"Rue des Abattoirs";"49,30171259";"6,15793577"
"202400006910";"13";"10";"2024";"16:30";"1";"62";"62160";"2";"3";"1";"3";"Rue d'Ambleteuse";"50,73335000";"1,59986000"
"202400006911";"7";"02";"2024";"07:00";"3";"57";"57145";"1";"3";"2";"3";"route départementale 4";"49,10702800";"6,28295700"
"202400006912";"30";"07";"2024";"17:45";"1";"62";"62688";"2";"9";"1";"3";"D940";"50,43323301";"1,60781108"
"202400006913";"8";"02";"2024";"10:00";"1";"31";"31248";"2";"1";"1";"2";"D19";"43,45194900";"1,39827600"
"202400006914";"26";"07";"2024";"18:30";"1";"62";"62688";"2";"6";"1";"2";"Route de Merlimont";"50,41859000";"1,63527000"
"202400006915";"7";"02";"2024";"16:10";"1";"33";"33114";"1";"1";"1";"2";"N/A";"45,09764000";" -0,38087400"
"202400006916";"19";"05";"2024";"08:30";"2";"62";"62757";"1";"9";"1";"7";"D942";"50,73561000";"2,19166000"
"202400006917";"7";"02";"2024";"14:15";"1";"72";"72154";"2";"1";"2";"6";"Boulevard de la République";"47,69810100";" -0,06995200"
"202400006918";"3";"10";"2024";"07:37";"1";"2B";"2B350";"2";"1";"3";"5";"funtanone";"42,52239300";"9,40106100"
"202400006919";"6";"02";"2024";"16:35";"1";"22";"22098";"1";"1";"1";"5";"D768";"48,42854600";" -2,56300100"
"202400006920";"14";"09";"2024";"08:20";"1";"91";"91441";"1";"1";"1";"2";"Autoroute A6, PK 040+700, dans le sens Paris vers Province";"48,50792669";"2,51056500"
"202400006921";"2";"02";"2024";"05:50";"3";"35";"35076";"1";"2";"5";"3";"la suplinais";"48,05891085";" -1,79912631"
"202400006922";"27";"11";"2024";"16:15";"1";"19";"19272";"2";"1";"1";"6";"République (Quai)";"45,26637000";"1,77069000"
"202400006923";"7";"02";"2024";"09:51";"1";"13";"13215";"1";"1";"1";"3";"A7-Sens Marseille vers Lyon";"43,34830000";"5,37080000"
"202400006924";"31";"12";"2024";"14:25";"1";"64";"64483";"2";"3";"1";"3";"CHANTACO (AVENUE DE )";"43,38308000";" -1,65080000"
"202400006925";"31";"12";"2024";"14:30";"1";"60";"60103";"2";"1";"1";"2";"7 Rue du Petit Chantilly";"49,41064000";"2,24735800"
"202400006926";"18";"11";"2024";"23:50";"5";"75";"75116";"2";"1";"2";"7";"ALLEE DE LA REINE MARGUERITE";"48,85325700";"2,24154800"
"202400006927";"6";"02";"2024";"19:03";"4";"33";"33162";"1";"1";"1";"4";"N/A";"44,86937900";" -0,64547200"
"202400006928";"6";"02";"2024";"22:24";"3";"59";"59564";"1";"1";"1";"2";"AUTOROUTE A2";"50,33995651";"3,46684088"
"202400006929";"15";"06";"2024";"15:10";"1";"93";"93077";"2";"5";"1";"1";"Rue de Neuilly / Rue Berthomié";"48,87545000";"2,52612000"
"202400006930";"4";"02";"2024";"20:38";"3";"59";"59580";"1";"1";"1";"6";"AUTOROUTE A25";"50,82567000";"2,58525000"
"202400006931";"14";"06";"2024";"20:20";"2";"93";"93032";"2";"1";"2";"6";"Allée de Montfermeil";"48,89904177";"2,54383922"
"202400006932";"7";"02";"2024";"16:55";"1";"91";"91689";"1";"1";"2";"3";"AUTOROUTE A6";"48,72477891";"2,31259525"
"202400006933";"10";"06";"2024";"08:20";"1";"93";"93046";"2";"3";"1";"2";"Avenue du Consul General Nordling / Rue Léon Jouhaux";"48,91784155";"2,53467679"
"202400006934";"30";"12";"2024";"06:00";"1";"974";"97410";"1";"1";"1";"1";"Chemin du Cratere";" -21,04826200";"55,66945700"
"202400006935";"7";"02";"2024";"12:30";"1";"91";"91471";"1";"1";"2";"5";"RN 118";"48,69794000";"2,19223000"
"202400006936";"7";"02";"2024";"11:20";"1";"94";"94038";"1";"1";"2";"3";"A6B";"48,77696046";"2,34657501"
"202400006937";"23";"12";"2024";"17:15";"2";"19";"19255";"1";"3";"1";"3";"Route des moédières";"45,37044100";"1,72561500"
"202400006938";"7";"02";"2024";"11:15";"1";"91";"91521";"1";"1";"2";"7";"RN 441";"48,63430000";"2,40607000"
"202400006939";"5";"08";"2024";"11:20";"1";"29";"29233";"1";"3";"1";"1";"Rue Rene Gasnier de Fresne";"47,86119700";" -3,57898400"
"202400006940";"4";"06";"2024";"07:50";"1";"2A";"2A004";"1";"1";"1";"3";"T40";"41,93023016";"8,80923271"
"202400006941";"23";"01";"2024";"22:45";"5";"34";"34113";"2";"1";"1";"6";"31 Avenue de Béziers";"43,49743300";"3,71194100"
"202400006942";"7";"02";"2024";"13:29";"1";"91";"91432";"1";"1";"3";"5";"AUTOROUTE A6";"48,69254000";"2,32131000"
"202400006943";"3";"06";"2024";"11:15";"1";"2A";"2A004";"2";"1";"1";"3";"SARTENE ANCIENNE ROUTE";"41,92822000";"8,79456000"
"202400006944";"26";"11";"2024";"18:36";"5";"74";"74010";"2";"1";"1";"6";"BROGNY (AVENUE DE) (SECTEUR 110)";"45,92562000";"6,12564000"
"202400006945";"7";"02";"2024";"08:30";"1";"91";"91689";"1";"1";"3";"5";"AUTOROUTE A10";"48,72857400";"2,30546800"
"202400006946";"4";"06";"2024";"19:30";"1";"95";"95277";"2";"9";"1";"3";"LAMARTINE (RUE)";"48,98448000";"2,43567000"
"202400006947";"22";"11";"2024";"22:30";"3";"57";"57022";"1";"1";"9";"6";"D14";"49,38631302";"6,01883422"
"202400006948";"16";"12";"2024";"11:05";"1";"30";"30189";"2";"1";"1";"1";"ALLENDE SALVADOR (RUE)";"43,82940000";"4,37860000"
"202400006949";"4";"06";"2024";"06:45";"1";"95";"95427";"2";"3";"1";"3";"POIRIERS (RUE DES)";"48,96741616";"2,33885050"
"202400006950";"6";"02";"2024";"10:15";"2";"78";"78043";"1";"1";"1";"5";"A12 W";"48,83655600";"2,08942300"
"202400006951";"4";"06";"2024";"18:21";"1";"91";"91377";"2";"1";"1";"3";"RUE DU LANGUEDOC";"48,73569000";"2,29685000"
"202400006952";"2";"12";"2024";"17:25";"5";"30";"30189";"2";"3";"1";"6";"NOTRE DAME (RUE)";"43,83000000";"4,36000000"
"202400006953";"5";"02";"2024";"15:15";"1";"93";"93053";"1";"1";"1";"6";"AUTOROUTE A3";"48,89707199";"2,46965129"
"202400006954";"4";"06";"2024";"11:10";"1";"91";"91161";"2";"6";"1";"3";"AV MAZARIN";"48,70249000";"2,32058000"
"202400006955";"19";"11";"2024";"21:10";"3";"63";"63414";"1";"1";"2";"2";"N/A";"45,73345852";"3,56062040"
"202400006956";"6";"02";"2024";"11:45";"1";"987";"98735";"2";"4";"1";"6";"DUMONT D'URVILLE (RUE QTIER VILLIERME)";" -17,54293032";" -149,56817150"
"202400006957";"16";"06";"2024";"14:53";"1";"93";"93005";"2";"1";"1";"7";"Rue Isidore Nérat";"48,93024664";"2,49383801"
"202400006958";"4";"06";"2024";"07:45";"1";"91";"91377";"2";"1";"1";"3";"RUE AMPERE";"48,71964000";"2,26415000"
"202400006959";"7";"02";"2024";"03:40";"3";"974";"97411";"1";"1";"1";"6";"MONTAGNE (ROUTE DE LA)";" -20,88829000";"55,44025000"
"202400006960";"4";"06";"2024";"13:00";"1";"85";"85191";"2";"9";"1";"1";"RD160";"46,68117000";" -1,39233000"
"202400006961";"5";"02";"2024";"10:30";"1";"974";"97411";"2";"9";"1";"3";"DODU 1 (RUE JULIETTE)";" -20,87599000";"55,45060000"
"202400006962";"3";"06";"2024";"18:25";"1";"84";"84007";"2";"9";"1";"5";"C.De GAULLE (Rocade)";"43,94383000";"4,79600000"
"202400006963";"20";"10";"2024";"14:33";"1";"84";"84143";"1";"1";"1";"1";"D4";"43,99801700";"5,14769600"
"202400006964";"5";"02";"2024";"07:00";"1";"974";"97411";"2";"9";"1";"6";"MALRAUX (AVENUE ANDRE)";" -20,88805000";"55,46476000"
"202400006965";"3";"06";"2024";"07:15";"1";"83";"83137";"2";"1";"1";"3";"BRIAND (AVE ARISTIDE DE 1 A 1219";"43,12477000";"5,89647000"
"202400006966";"8";"10";"2024";"15:17";"1";"14";"14047";"2";"1";"1";"3";"30 Route de Vaux sur Aure";"49,28708100";" -0,70386000"
"202400006967";"6";"02";"2024";"19:20";"5";"69";"69386";"2";"6";"1";"3";"Place René Deroudille";"45,76606000";"4,85594000"
"202400006968";"29";"10";"2024";"16:30";"2";"73";"73011";"2";"2";"7";"6";"D990 - DE GAULLE (AV.)";"45,67131000";"6,38040000"
"202400006969";"4";"06";"2024";"19:38";"1";"82";"82033";"2";"3";"1";"3";"Avenue du Maréchal Leclerc";"44,05245000";"1,10102000"
"202400006970";"11";"10";"2024";"19:15";"5";"42";"42187";"2";"2";"1";"3";"Avenue de Paris";"46,04574000";"4,07022000"
"202400006971";"4";"06";"2024";"03:40";"5";"77";"77384";"1";"1";"1";"6";"D.57";"48,61437000";"2,61632000"
"202400006972";"6";"02";"2024";"09:00";"1";"69";"69383";"2";"9";"1";"6";"Rue du Dauphiné";"45,75257439";"4,86792907"
"202400006973";"3";"06";"2024";"16:20";"1";"77";"77122";"2";"1";"1";"6";"RUE LOUISE MICHEL";"48,66303000";"2,55762000"
"202400006974";"14";"11";"2024";"16:00";"1";"30";"30189";"1";"1";"1";"6";"baillet claude";"43,81049000";"4,36085000"
"202400006975";"13";"11";"2024";"16:50";"1";"30";"30189";"2";"1";"1";"6";"GAMBETTA (BD)";"43,83980000";"4,35580000"
"202400006976";"4";"06";"2024";"08:00";"1";"77";"77449";"2";"1";"1";"3";"CRS DU DANUBE";"48,85670000";"2,77947000"
"202400006977";"4";"06";"2024";"20:00";"1";"76";"76319";"2";"1";"1";"6";"Boulevard du Rouvray";"49,35514000";"0,99440000"
"202400006978";"17";"11";"2024";"04:25";"5";"972";"97213";"1";"4";"1";"2";"AUTOROUTE A1";"14,61465000";" -61,01286000"
"202400006979";"4";"06";"2024";"12:35";"1";"76";"76540";"2";"2";"1";"3";"Rue Alsace Lorraine";"49,43850000";"1,09997000"
"202400006980";"20";"12";"2024";"15:20";"1";"972";"97213";"1";"1";"3";"3";"ROUTE DEPARTEMENTALE 3";"14,62625000";" -61,03000000"