"Num_Acc";"jour";"mois";"an";"hrmn";"lum";"dep";"com";"agg";"int";"atm";"col";"adr";"lat";"long"
"202400006981";"5";"02";"2024";"19:40";"3";"972";"97213";"1";"1";"1";"5";"ROUTE NATIONALE 5";"14,59617000";" -60,99451000"
"202400006982";"4";"02";"2024";"20:20";"3";"972";"97213";"2";"1";"1";"6";"ROUTE NATIONALE 1";"14,64017000";" -60,97690000"
"202400006983";"4";"06";"2024";"00:05";"3";"76";"76351";"1";"1";"1";"6";"RD 6382";"49,52413000";"0,16989000"
"202400006984";"19";"11";"2024";"17:55";"5";"75";"75107";"2";"7";"2";"7";"ROND POINT DU BLEUET DE FRANCE";"48,85844606";"2,31335002"
"202400006985";"4";"06";"2024";"04:50";"2";"72";"72181";"2";"6";"1";"3";"MUTUEL (BD)";"48,00559000";"0,21775000"
"202400006986";"4";"02";"2024";"01:15";"5";"972";"97209";"2";"1";"1";"1";"BISHOP (Avenue Maurice)";"14,60555965";" -61,05954708"
"202400006987";"22";"08";"2024";"11:15";"1";"01";"01447";"1";"3";"1";"3";"Route de Simandre";"46,20036700";"5,39860500"
"202400006988";"3";"06";"2024";"15:00";"1";"72";"72181";"2";"1";"1";"2";"RUBILLARD AV N° PAIRS 118 ET >";"48,01374000";"0,16971000"
"202400006989";"6";"02";"2024";"18:15";"5";"69";"69381";"2";"1";"8";"2";"Quai Saint Vincent";"45,76830000";"4,82666000"
"202400006990";"3";"06";"2024";"07:40";"1";"69";"69029";"2";"1";"1";"6";"Avenue Pierre Brossolette";"45,74670000";"4,91789000"
"202400006991";"25";"12";"2024";"12:45";"1";"50";"50419";"1";"2";"2";"4";"RUE DU MONT ST MICHEL";"48,95450900";" -1,47828300"
"202400006992";"3";"06";"2024";"19:52";"1";"67";"67482";"2";"1";"8";"2";"PARIS (PONT DE)";"48,58500000";"7,74200000"
"202400006993";"3";"06";"2024";"16:35";"1";"67";"67482";"2";"1";"8";"6";"SCHULMEISTER (RUE)";"48,54800000";"7,75300000"
"202400006994";"24";"07";"2024";"08:15";"1";"971";"97125";"1";"2";"1";"3";"RN5";"16,27011200";" -61,27944200"
"202400006995";"27";"11";"2024";"18:09";"5";"19";"19031";"2";"1";"1";"3";"CHAUMEIL (RUE PIERRE)";"45,15628431";"1,50343019"
"202400006996";"4";"06";"2024";"16:50";"1";"64";"64122";"2";"2";"1";"3";"MARNE (AVENUE DE LA)";"43,48204731";" -1,54353350"
"202400006997";"23";"09";"2024";"19:29";"2";"01";"01283";"2";"1";"1";"3";"PASCAL";"46,26266000";"5,65386000"
"202400006998";"30";"09";"2024";"13:35";"1";"2B";"2B077";"1";"1";"1";"3";"Lieu dit Corso";"42,46380300";"9,49614600"
"202400006999";"4";"06";"2024";"18:25";"1";"63";"63113";"2";"2";"1";"3";"Rue Rouvier / rue Verlaine";"45,80647000";"3,11426000"
"202400007000";"4";"06";"2024";"19:25";"1";"62";"62083";"1";"1";"1";"6";"D179E1";"50,45931225";"2,60968637"
"202400007001";"3";"06";"2024";"21:30";"5";"62";"62510";"1";"1";"1";"7";"D58";"50,42102926";"2,76696405"
"202400007002";"15";"09";"2024";"17:00";"1";"2B";"2B030";"1";"1";"1";"6";"A Marina di Ghjottani";"42,86487700";"9,34436600"
"202400007003";"3";"06";"2024";"08:55";"1";"62";"62108";"2";"1";"1";"3";"Rue Alfred Lambert";"50,40928436";"1,56674731"
"202400007004";"10";"10";"2024";"15:35";"1";"50";"50046";"2";"3";"8";"3";"Le Bourg";"49,14207100";" -0,94348300"
"202400007005";"4";"06";"2024";"07:45";"1";"61";"61001";"2";"1";"1";"6";"VC";"48,41557600";"0,09868700"
"202400007006";"3";"06";"2024";"21:15";"1";"60";"60159";"2";"1";"1";"6";"Rue du Docteur Guérin";"49,39848000";"2,78903000"
"202400007007";"18";"06";"2024";"17:30";"1";"85";"85213";"2";"1";"1";"5";"75 rue Georges clemenceau";"46,60014200";" -1,32724300"
"202400007008";"30";"11";"2024";"15:40";"1";"45";"45063";"1";"1";"1";"6";"D51 PR 25 + 760";"47,63656400";"2,42051100"
"202400007009";"4";"06";"2024";"08:20";"1";"59";"59512";"2";"2";"1";"3";"Boulevard de Strasbourg";"50,69407270";"3,18795244"
"202400007010";"4";"06";"2024";"19:00";"1";"59";"59328";"2";"1";"1";"6";"Avenue de Dunkerque (Lille)";"50,63639000";"3,02606000"
"202400007011";"28";"05";"2024";"17:30";"1";"59";"59588";"2";"1";"1";"1";"FURNES - ROUTE NATIONALE";"51,03694000";"2,41423000"
"202400007012";"4";"06";"2024";"09:42";"1";"57";"57463";"2";"1";"1";"3";"CAMBOUT (RUE DU )";"49,11457000";"6,18181000"
"202400007013";"3";"06";"2024";"08:50";"1";"56";"56260";"1";"1";"1";"4";"Kerlann";"47,66395000";" -2,78745000"
"202400007014";"3";"06";"2024";"17:00";"1";"54";"54578";"2";"1";"1";"2";"Boulevard des Aiguillettes";"48,67407000";"6,15166000"
"202400007015";"3";"06";"2024";"13:15";"1";"54";"54547";"2";"3";"1";"3";"Avenue Jeanne d'Arc";"48,65908000";"6,18031500"
"202400007016";"3";"06";"2024";"13:15";"1";"54";"54184";"2";"1";"1";"2";"Rue Mère Térèsa";"48,70178566";"6,22401774"
"202400007017";"3";"06";"2024";"11:45";"1";"54";"54395";"2";"1";"1";"6";"Rue de Malzéville";"48,70210551";"6,17982298"
"202400007018";"3";"06";"2024";"14:50";"1";"49";"49007";"2";"1";"1";"3";"SAINT JACQUES";"47,47372000";" -0,57049000"
"202400007019";"3";"06";"2024";"12:00";"1";"49";"49007";"2";"1";"1";"2";"CHEF DE VILLE";"47,47435000";" -0,56835000"
"202400007020";"3";"06";"2024";"17:35";"1";"47";"47001";"1";"1";"1";"6";"VERONE (AVENUE DE)";"44,21644332";"0,60844946"
"202400007021";"4";"06";"2024";"22:00";"2";"44";"44109";"2";"2";"1";"3";"36 Rue Camille Flammarion";"47,22545000";" -1,57371000"
"202400007022";"3";"06";"2024";"17:15";"1";"34";"34108";"2";"9";"1";"6";"CARRIERES (AVENUE DES)";"43,45355000";"3,75393000"
"202400007023";"4";"06";"2024";"19:20";"1";"34";"34172";"2";"1";"1";"1";"LUMIERE (RUE DES FRERES)";"43,61044000";"3,90432000"
"202400007024";"4";"06";"2024";"18:00";"1";"33";"33529";"2";"1";"1";"3";"N/A";"44,61660000";" -1,13796000"
"202400007025";"3";"06";"2024";"08:30";"1";"29";"29039";"1";"2";"1";"3";"rue de Penanguer";"47,90854395";" -3,91872392"
"202400007026";"4";"06";"2024";"10:20";"1";"28";"28134";"2";"1";"1";"6";"VIOLETTE (RUE MAURICE)";"48,73601000";"1,36638000"
"202400007027";"4";"06";"2024";"18:30";"1";"27";"27681";"2";"3";"1";"3";"BONNARD (RUE PIERRE)";"49,09791300";"1,48930100"
"202400007028";"4";"06";"2024";"11:55";"1";"27";"27375";"2";"1";"1";"2";"THOREL (PLACE ERNEST)";"49,21527000";"1,16895000"
"202400007029";"4";"06";"2024";"21:05";"1";"25";"25056";"2";"6";"1";"6";"TORCOLS CHEMIN DES";"47,26123200";"6,01429300"
"202400007030";"3";"06";"2024";"18:35";"1";"14";"14437";"1";"1";"1";"2";"N814";"49,17058000";" -0,30383000"
"202400007031";"5";"06";"2024";"00:15";"5";"13";"13208";"2";"1";"1";"3";"PRADO (AVENUE DU)";"43,27186100";"5,39034000"
"202400007032";"4";"06";"2024";"01:00";"5";"13";"13210";"2";"1";"1";"3";"ELIE WIESEL (BD)";"43,26610958";"5,41966045"
"202400007033";"4";"06";"2024";"15:40";"1";"13";"13047";"1";"4";"1";"3";"D.5";"43,59938000";"4,93607000"
"202400007034";"4";"06";"2024";"08:45";"1";"13";"13001";"1";"6";"1";"3";"LEDOUX CLAUDE NICOLAS (RUE)";"43,47923279";"5,39405645"
"202400007035";"3";"06";"2024";"13:25";"1";"11";"11069";"2";"1";"1";"2";"5 Rue Antoine Marty";"43,21622000";"2,35973000"
"202400007036";"4";"06";"2024";"11:15";"1";"07";"07316";"1";"1";"1";"4";"LYON (ROUTE DE)";"44,91106000";"4,85471000"
"202400007037";"4";"06";"2024";"16:00";"1";"01";"01344";"1";"1";"1";"2";"BRESSE (AVENUE DE)";"46,21353000";"5,20445000"
"202400007038";"4";"06";"2024";"16:05";"1";"75";"75114";"2";"1";"1";"2";"BD PERIPHERIQUE EXTERIEUR";"48,82493600";"2,30347700"
"202400007039";"3";"06";"2024";"12:35";"1";"75";"75116";"2";"1";"1";"2";"BD PERIPHERIQUE INTERIEUR";"48,85874200";"2,26192900"
"202400007040";"4";"06";"2024";"13:33";"1";"75";"75104";"2";"2";"1";"3";"PONT DE SULLY";"48,85084000";"2,36145200"
"202400007041";"4";"06";"2024";"11:20";"1";"75";"75111";"2";"3";"1";"6";"RUE DU FAUBOURG SAINT ANTOINE";"48,85054300";"2,37940100"
"202400007042";"4";"06";"2024";"09:45";"1";"75";"75106";"2";"2";"1";"3";"RUE SAINT SULPICE";"48,85146300";"2,33705600"
"202400007043";"3";"06";"2024";"09:15";"1";"75";"75106";"2";"7";"1";"2";"BOULEVARD SAINT MICHEL";"48,84750100";"2,34077000"
"202400007044";"4";"06";"2024";"14:40";"1";"75";"75119";"2";"3";"1";"3";"AVENUE SIMON BOLIVAR";"48,87497400";"2,38262200"
"202400007045";"4";"06";"2024";"18:00";"1";"75";"75116";"2";"1";"1";"3";"ALLEE DU BORD DE L EAU";"48,87332200";"2,24388200"
"202400007046";"3";"06";"2024";"16:30";"1";"75";"75116";"2";"3";"1";"6";"RUE LE NOTRE";"48,85882200";"2,28895800"
"202400007047";"4";"06";"2024";"02:40";"3";"75";"75112";"2";"7";"1";"1";"AVENUE DES MINIMES";"48,84067600";"2,43445400"
"202400007048";"3";"06";"2024";"16:55";"1";"75";"75112";"2";"1";"1";"5";"QUAI DE BERCY";"48,84502900";"2,37160100"
"202400007049";"4";"06";"2024";"18:20";"1";"75";"75110";"2";"2";"1";"3";"RUE DU FAUBOURG SAINT MARTIN";"48,87179700";"2,36718000"
"202400007050";"4";"06";"2024";"15:40";"1";"75";"75110";"2";"7";"1";"6";"BOULEVARD SAINT DENIS";"48,86996400";"2,36276900"
"202400007051";"4";"06";"2024";"10:00";"1";"75";"75108";"2";"1";"1";"2";"RUE CAMBACERES";"48,87270900";"2,31806400"
"202400007052";"4";"06";"2024";"02:00";"5";"75";"75108";"2";"1";"1";"2";"PLACE DE LA MADELEINE";"48,87028200";"2,32543000"
"202400007053";"4";"06";"2024";"16:40";"1";"94";"94003";"2";"3";"1";"3";"Avenue Aristide Briand / Rue Berthollet";"48,80585000";"2,32579000"
"202400007054";"3";"06";"2024";"21:40";"2";"94";"94041";"2";"1";"1";"1";"Avenue de l’Industrie";"48,81066100";"2,40653200"
"202400007055";"4";"06";"2024";"19:05";"1";"94";"94065";"1";"4";"1";"2";"Boulevard Circulaire Sud Min / Rue de la Rochelle";"48,75421400";"2,35440400"
"202400007056";"3";"06";"2024";"21:20";"1";"93";"93078";"2";"2";"1";"3";"Boulevard Robert Ballanger / Chemin du Loup";"48,96219800";"2,55913000"
"202400007057";"4";"06";"2024";"23:00";"5";"93";"93066";"2";"2";"1";"2";"Avenue du Stade de France / Rue de la Cokerie";"48,92146700";"2,36146600"
"202400007058";"4";"06";"2024";"16:45";"1";"93";"93066";"2";"3";"1";"3";"Rue du Docteur Delafontaine / Avenue du Docteur Lamaze";"48,93627200";"2,37239400"
"202400007059";"4";"06";"2024";"15:30";"1";"93";"93055";"2";"1";"1";"3";"Quai de l’Ourcq";"48,89565151";"2,40598440"
"202400007060";"4";"06";"2024";"06:45";"1";"93";"93050";"2";"1";"1";"3";"Avenue Paul Vaillant Couturier";"48,87392911";"2,55249739"
"202400007061";"4";"06";"2024";"18:40";"1";"93";"93046";"2";"2";"1";"3";"Boulevard de la République / Boulevard Marx Dormoy";"48,90596000";"2,52356000"
"202400007062";"4";"06";"2024";"18:50";"1";"93";"93006";"2";"2";"1";"1";"Avenue Pasteur / Rue Voltaire";"48,87600000";"2,42000000"
"202400007063";"4";"06";"2024";"17:30";"1";"93";"93079";"2";"3";"1";"3";"Route de Saint-Leu / Rue de l'Yser";"48,95425000";"2,33493000"
"202400007064";"20";"10";"2024";"16:35";"1";"75";"75109";"2";"2";"1";"3";"RUE LA FAYETTE";"48,87431040";"2,33814240"
"202400007065";"30";"04";"2024";"11:30";"1";"93";"93010";"2";"3";"1";"6";"Avenue Henri Barbusse  / Allee des Primeveres";"48,90170000";"2,48740100"
"202400007066";"19";"10";"2024";"18:42";"5";"75";"75107";"2";"7";"2";"6";"Place du Général Gouraud";"48,85768500";"2,30017700"
"202400007067";"4";"06";"2024";"22:56";"5";"93";"93005";"2";"2";"1";"3";"Avenue de Nonneville / Rue Arthur Chevalier";"48,92685000";"2,50910000"
"202400007068";"20";"10";"2024";"17:10";"1";"75";"75101";"2";"3";"1";"1";"RUE DES HALLES";"48,85958800";"2,34678900"
"202400007069";"4";"06";"2024";"09:45";"1";"93";"93001";"2";"3";"1";"3";"Boulevard Félix Faure / Rue du Tournant";"48,91170600";"2,37508100"
"202400007070";"4";"06";"2024";"17:45";"1";"92";"92033";"2";"1";"1";"6";"GRANDE RUE";"48,84385236";"2,19085346"
"202400007071";"19";"10";"2024";"16:45";"1";"75";"75103";"2";"2";"1";"7";"RUE DE TURBIGO";"48,86492000";"2,36320000"
"202400007072";"3";"06";"2024";"08:53";"1";"92";"92064";"2";"1";"1";"4";"DAILLY";"48,84468128";"2,22034335"
"202400007073";"4";"06";"2024";"21:02";"1";"92";"92062";"2";"3";"1";"3";"WALLACE (BD RICHARD) DU 17 AU 91 ET DU 3";"48,87981005";"2,23997712"
"202400007074";"18";"10";"2024";"16:48";"1";"75";"75103";"2";"3";"1";"3";"RUE SAINT MARTIN";"48,86900200";"2,35556900"
"202400007075";"4";"06";"2024";"14:30";"1";"92";"92044";"2";"3";"1";"3";"VIC. HUGO(RUE)115A149 ET 148A178";"48,89926864";"2,29346448"
"202400007076";"20";"10";"2024";"06:00";"5";"94";"94044";"2";"1";"2";"6";"Avenue de Verdun";"48,75018400";"2,48235100"
"202400007077";"4";"06";"2024";"15:45";"1";"92";"92026";"2";"2";"1";"2";"MARECHAL JOFFRE (QUAI DU)";"48,90068759";"2,27515988"
"202400007078";"19";"10";"2024";"12:40";"1";"94";"94068";"2";"1";"1";"6";"Rue Léon Bocquet";"48,80055995";"2,48406592"
"202400007079";"4";"06";"2024";"02:45";"5";"92";"92023";"2";"1";"1";"1";"PETIT CLAMART (ROND POINT DU)";"48,77598907";"2,22884631"
"202400007080";"4";"06";"2024";"10:00";"1";"92";"92012";"2";"1";"1";"7";"STALINGRAD (QUAI DE) 1/18 - 490  - 860 -";"48,82357496";"2,24347597"
"202400007081";"20";"10";"2024";"02:15";"5";"93";"93072";"2";"2";"1";"3";"MARCEL CACHIN (AVENUE) COTE N°16 AU 50";"48,95897704";"2,38222790"
"202400007082";"4";"06";"2024";"13:50";"1";"92";"92002";"2";"1";"1";"6";"RAYMON ARON (AVENUE)";"48,76641000";"2,31020000"
"202400007083";"5";"06";"2024";"08:35";"1";"06";"06149";"1";"1";"1";"3";"4006 Route de Laghet";"43,74820400";"7,35624800"
"202400007084";"2";"06";"2024";"16:00";"1";"22";"22177";"1";"1";"1";"3";"Le Nonen";"48,63958000";" -2,97033200"
"202400007085";"19";"10";"2024";"19:15";"5";"93";"93064";"2";"2";"2";"3";"LECLERC (RUE DU GENERAL)";"48,86456806";"2,49701530"
"202400007086";"5";"06";"2024";"07:42";"1";"69";"69279";"2";"1";"1";"3";"12 Boulevard Marcel Dassault";"45,77863630";"5,03654181"
"202400007087";"20";"10";"2024";"13:35";"1";"93";"93045";"2";"1";"1";"3";"LIBERTE BD DE LA";"48,88002699";"2,41863285"
"202400007088";"3";"06";"2024";"17:15";"1";"28";"28196";"2";"2";"7";"3";"Avenue du Général Leclerc";"48,30445700";"1,24856800"
"202400007089";"2";"06";"2024";"20:30";"1";"51";"51217";"1";"1";"1";"7";"départemantale 18";"49,06376256";"3,65369332"
"202400007090";"20";"10";"2024";"14:35";"1";"93";"93010";"2";"9";"1";"1";"LEBAS (AV. JEAN)";"48,91335000";"2,48148000"
"202400007091";"3";"06";"2024";"14:15";"1";"54";"54234";"2";"1";"1";"1";"15 Rue des Usines";"49,53354700";"5,68901900"
"202400007092";"19";"10";"2024";"19:30";"5";"93";"93008";"2";"4";"2";"6";"VAILLANT (AVENUE EDOUARD)";"48,90664000";"2,46920000"
"202400007093";"23";"05";"2024";"22:41";"5";"51";"51388";"2";"3";"1";"3";"D19";"49,14218300";"4,37317000"
"202400007094";"20";"10";"2024";"20:55";"5";"92";"92046";"2";"1";"1";"7";"PIERRE BROSSOLETTE (AVENUE)";"48,81691296";"2,30677888"
"202400007095";"4";"06";"2024";"16:30";"1";"83";"83049";"1";"2";"1";"5";"Route de Pierrefeu";"43,24423800";"6,09546800"
"202400007096";"4";"06";"2024";"18:12";"5";"974";"97413";"2";"1";"2";"6";"10 Rue Adrien Lagourgue";" -21,21676100";"55,30819100"
"202400007097";"19";"10";"2024";"17:30";"1";"92";"92076";"1";"1";"2";"7";"REPUBLIQUE";"48,83709213";"2,14936182"
"202400007098";"5";"06";"2024";"07:45";"1";"50";"50095";"1";"2";"8";"7";"Rue du Bois";"49,08609400";" -1,17780100"
"202400007099";"5";"06";"2024";"20:35";"2";"62";"62664";"1";"1";"1";"1";"D30";"50,18676300";"2,58241200"
"202400007100";"20";"10";"2024";"17:15";"1";"92";"92050";"2";"1";"1";"2";"LENINE VLADIMIR ILITCH AVENUE";"48,88775333";"2,18664497"
"202400007101";"1";"06";"2024";"01:50";"3";"56";"56243";"1";"1";"1";"6";"23 Avenue Raymond Marcellin";"47,64202200";" -2,73487200"
"202400007102";"21";"10";"2024";"10:50";"1";"34";"34249";"2";"1";"1";"7";"Avenue du Bérange";"43,73433700";"3,98277500"
"202400007103";"5";"06";"2024";"12:25";"1";"79";"79202";"2";"1";"1";"6";"N/A";"46,64562500";" -0,24334300"
"202400007104";"5";"06";"2024";"13:00";"1";"2B";"2B125";"1";"1";"1";"3";"D515";"42,45041800";"9,35964300"
"202400007105";"20";"10";"2024";"20:38";"3";"60";"60365";"1";"1";"1";"2";"D930";"49,59372989";"2,02826947"
"202400007106";"5";"06";"2024";"17:45";"1";"80";"80130";"1";"2";"1";"1";"RD 211 - D97";"49,89097500";"2,15037000"
"202400007107";"5";"06";"2024";"12:25";"1";"33";"33400";"1";"1";"1";"6";"N/A";"44,71077903";"0,05231380"
"202400007108";"19";"10";"2024";"22:55";"3";"62";"62812";"1";"1";"5";"6";"D132";"50,62529683";"2,05296616"
"202400007109";"4";"06";"2024";"21:10";"2";"71";"71392";"2";"1";"1";"6";"38 Grande Rue";"46,65647700";"4,68400600"
"202400007110";"21";"10";"2024";"12:25";"1";"06";"06031";"1";"1";"1";"1";"D2204B PR 11 + 808";"43,77211600";"7,33028400"
"202400007111";"20";"10";"2024";"14:50";"3";"54";"54582";"1";"1";"1";"7";"D29c";"49,47858900";"5,53754400"
"202400007112";"5";"06";"2024";"11:10";"1";"63";"63412";"1";"1";"1";"1";"D57";"45,40890500";"3,88862400"
"202400007113";"5";"06";"2024";"15:30";"1";"55";"55189";"1";"1";"1";"7";"D913a";"49,18675200";"5,46084900"
"202400007114";"20";"10";"2024";"10:45";"1";"83";"83070";"2";"6";"1";"2";"Avenue du Marechal Juin";"43,13631400";"6,35672800"
"202400007115";"4";"06";"2024";"16:20";"1";"49";"49026";"2";"1";"1";"1";"Avenue des Roses";"47,50093500";" -0,79502800"
"202400007116";"20";"10";"2024";"05:54";"3";"08";"08402";"1";"1";"2";"6";"A34";"49,58320313";"4,48714891"
"202400007117";"4";"06";"2024";"18:00";"1";"42";"42062";"1";"9";"1";"5";"Route de Chazelles sur Lyon";"45,60295900";"4,38384500"
"202400007118";"4";"06";"2024";"17:45";"1";"31";"31033";"2";"9";"1";"1";"Place Leonie Toulouse";"43,35142600";"1,47694000"
"202400007119";"3";"06";"2024";"23:20";"3";"72";"72293";"1";"1";"1";"6";"D23";"47,85290824";" -0,03175020"
"202400007120";"20";"10";"2024";"21:30";"3";"21";"21223";"1";"1";"1";"5";"M971";"47,35061400";"4,98876900"
"202400007121";"25";"05";"2024";"17:15";"1";"53";"53240";"1";"1";"1";"3";"Roche Poulain";"47,81250808";" -1,02572051"
"202400007122";"21";"10";"2024";"16:30";"1";"62";"62192";"2";"1";"2";"6";"Rue d’Arras";"50,21407300";"2,99368300"
"202400007123";"1";"06";"2024";"09:00";"1";"21";"21379";"1";"1";"1";"7";"D17D";"47,13689900";"4,37624900"
"202400007124";"20";"10";"2024";"22:20";"3";"40";"40227";"1";"1";"1";"6";"D834";"44,32986500";" -0,77771200"
"202400007125";"3";"06";"2024";"07:20";"2";"21";"21579";"1";"4";"1";"1";"départementale 19";"47,61521500";"4,89656600"
"202400007126";"6";"10";"2024";"21:15";"3";"57";"57465";"1";"2";"2";"1";"Route départementale 918";"49,31717800";"6,29355700"
"202400007127";"4";"06";"2024";"16:30";"1";"24";"24087";"1";"1";"1";"5";"D703";"44,85671300";"1,06951500"
"202400007128";"10";"10";"2024";"19:30";"2";"57";"57426";"1";"2";"8";"3";"D8";"49,29241700";"6,27809600"
"202400007129";"5";"06";"2024";"12:15";"1";"04";"04204";"1";"9";"1";"6";"D4085";"43,91533100";"6,40895600"
"202400007130";"5";"06";"2024";"11:55";"1";"37";"37111";"1";"1";"1";"7";"D764";"47,19851900";"1,10107900"
"202400007131";"1";"06";"2024";"17:00";"1";"37";"37132";"2";"1";"1";"1";"D760";"47,12850900";"0,99542700"
"202400007132";"21";"10";"2024";"08:55";"1";"59";"59159";"1";"2";"2";"2";"D300";"50,96817100";"2,22893700"
"202400007133";"23";"05";"2024";"23:35";"3";"37";"37099";"1";"1";"1";"6";"RD 751";"47,30551300";"0,56420800"
"202400007134";"20";"10";"2024";"00:48";"5";"82";"82072";"2";"6";"1";"6";"Avenue du Midi";"44,11302200";"0,85564900"
"202400007135";"3";"06";"2024";"19:02";"1";"08";"08089";"2";"1";"1";"6";"N/A";"49,42661500";"4,95479200"
"202400007136";"4";"06";"2024";"20:10";"5";"973";"97309";"2";"1";"1";"6";"Route de Rémire";"4,91320300";" -52,27313700"
"202400007137";"20";"10";"2024";"14:50";"1";"11";"11436";"1";"1";"1";"6";"N/A";"43,04361400";"2,83909700"
"202400007138";"31";"05";"2024";"17:40";"1";"06";"06018";"1";"1";"1";"3";"231 Chemin de la Romaine";"43,61620900";"7,11061100"
"202400007139";"20";"10";"2024";"12:15";"1";"11";"11436";"1";"1";"1";"6";"route departementale 611A PK 2+300";"43,04197500";"2,85757700"
"202400007140";"25";"05";"2024";"06:30";"1";"95";"95371";"1";"1";"1";"7";"D9";"49,07180000";"2,50461500"
"202400007141";"20";"10";"2024";"12:40";"1";"61";"61394";"2";"1";"8";"7";"D7";"48,28217500";"0,60543300"
"202400007142";"21";"10";"2024";"16:40";"1";"55";"55457";"2";"1";"7";"6";"2 Rue de Lorraine";"49,08526209";"5,72163972"
"202400007143";"3";"06";"2024";"16:20";"1";"27";"27022";"2";"1";"1";"6";"D316, Avenue de l'Europe";"49,17511400";"1,35129200"
"202400007144";"21";"10";"2024";"13:15";"1";"55";"55001";"2";"1";"1";"7";"Chemin du Granit";"48,52136451";"5,49615473"
"202400007145";"4";"06";"2024";"12:00";"1";"77";"77065";"1";"1";"1";"6";"Autoroute A6 point kilométrique 46+200 direction PARIS";"48,45996700";"2,51814400"
"202400007146";"4";"06";"2024";"17:50";"1";"11";"11202";"1";"1";"1";"1";"N/A";"42,91290600";"3,02096100"
"202400007147";"21";"10";"2024";"15:50";"1";"47";"47004";"1";"1";"7";"3";"1537 route du sud";"44,28800100";"0,35576800"
"202400007148";"4";"06";"2024";"07:45";"1";"78";"78128";"1";"3";"1";"3";"D906";"48,67649400";"1,98716600"
"202400007149";"21";"10";"2024";"16:50";"1";"86";"86032";"1";"1";"7";"1";"D749";"46,68415500";"0,57358800"
"202400007150";"3";"06";"2024";"21:04";"2";"67";"67033";"1";"1";"1";"7";"D421";"48,74766500";"7,67739400"
"202400007151";"20";"10";"2024";"18:35";"2";"86";"86076";"2";"1";"1";"7";"Rue d'Italie";"46,65911300";"0,28006000"
"202400007152";"4";"06";"2024";"18:40";"1";"74";"74102";"1";"4";"1";"1";"D216";"45,90345600";"6,21132600"
"202400007153";"4";"06";"2024";"19:40";"1";"26";"26170";"2";"3";"1";"6";"Rue du Stade";"44,89683100";"4,95698800"
"202400007154";"21";"10";"2024";"17:35";"1";"25";"25438";"2";"1";"1";"2";"Route de Routelle";"47,14641300";"5,85613400"
"202400007155";"4";"06";"2024";"18:56";"1";"26";"26064";"1";"2";"1";"3";"D68";"44,91046600";"5,05553500"
"202400007156";"17";"10";"2024";"11:41";"1";"29";"29300";"1";"1";"1";"6";"N165";"47,88123383";" -3,67458330"
"202400007157";"4";"06";"2024";"07:15";"1";"40";"40277";"1";"1";"1";"6";"Route de Peyrehorade";"43,66496468";" -1,03909658"
"202400007158";"17";"10";"2024";"10:42";"1";"29";"29150";"2";"1";"1";"2";"16 Rue Louis le Guennec";"47,80465124";" -3,68343153"
"202400007159";"5";"06";"2024";"15:25";"1";"14";"14322";"1";"6";"1";"3";"D572";"49,25423500";" -0,72366000"
"202400007160";"21";"10";"2024";"17:30";"1";"29";"29220";"2";"1";"1";"1";"Chemin du Séquer Névéz";"47,85776600";" -4,24307800"
"202400007161";"5";"06";"2024";"07:40";"1";"22";"22162";"2";"6";"1";"3";"D786";"48,76741300";" -3,03965600"
"202400007162";"4";"06";"2024";"17:45";"1";"13";"13212";"1";"1";"1";"2";"A507 sens Marseille - Aubagne";"43,29317000";"5,42490000"
"202400007163";"21";"10";"2024";"08:15";"3";"29";"29167";"1";"1";"3";"5";"Kermatheanou Bras";"47,96861129";" -4,28582668"
"202400007164";"3";"06";"2024";"17:46";"1";"13";"13202";"1";"1";"1";"3";"Tunnel Joliette Marseille vers Aubagne";"43,29770000";"5,36331000"
"202400007165";"16";"10";"2024";"19:10";"3";"31";"31033";"2";"1";"1";"7";"Chemin de la Pachelle";"43,33910000";"1,48328800"
"202400007166";"27";"08";"2024";"18:12";"1";"31";"31561";"2";"1";"7";"3";"Rue du Lac d'Artouste";"43,65366517";"1,48950040"
"202400007167";"3";"06";"2024";"09:05";"1";"13";"13071";"1";"1";"1";"5";"A55 - Sens Marseille vers Martigues";"43,38665562";"5,30755579"
"202400007168";"20";"10";"2024";"12:00";"1";"03";"03025";"2";"3";"1";"3";"9 Rue Charles Louis Philippe";"46,44220600";"3,36178900"
"202400007169";"4";"06";"2024";"20:10";"1";"83";"83090";"1";"1";"1";"6";"A50";"43,12671297";"5,82361989"
"202400007170";"20";"10";"2024";"20:00";"3";"58";"58136";"1";"1";"1";"2";"D958";"47,07770600";"3,47924900"
"202400007171";"4";"06";"2024";"03:55";"3";"57";"57039";"1";"6";"1";"7";"RN 431";"49,03750221";"6,12084389"
"202400007172";"21";"10";"2024";"05:25";"5";"54";"54029";"2";"1";"1";"7";"59 Rue Lucien Michel";"49,37358200";"5,90104200"
"202400007173";"4";"06";"2024";"17:30";"1";"78";"78646";"1";"1";"1";"5";"RN12";"48,79313300";"2,07470600"
"202400007174";"20";"10";"2024";"20:23";"5";"60";"60291";"2";"2";"1";"1";"Rue Marcel Viseur";"49,65619700";"3,05159200"