"Num_Acc";"jour";"mois";"an";"hrmn";"lum";"dep";"com";"agg";"int";"atm";"col";"adr";"lat";"long"
"202400007175";"3";"06";"2024";"18:50";"1";"92";"92048";"1";"1";"1";"2";"N118";"48,80447019";"2,21374866"
"202400007176";"19";"10";"2024";"10:20";"1";"73";"73162";"1";"1";"1";"6";"Route du chateau";"45,61994396";"6,27525442"
"202400007177";"3";"06";"2024";"13:50";"1";"92";"92025";"1";"1";"1";"2";"A86";"48,92332788";"2,22863039"
"202400007178";"20";"10";"2024";"16:14";"1";"73";"73128";"1";"1";"7";"1";"D1201 - Route de l'Albanais";"45,73116800";"5,92173800"
"202400007179";"4";"06";"2024";"19:00";"1";"93";"93053";"1";"1";"1";"2";"A3";"48,88380049";"2,46676219"
"202400007180";"21";"10";"2024";"16:25";"1";"43";"43047";"1";"1";"7";"1";"RD 37 ";"44,93824908";"3,92680606"
"202400007181";"4";"06";"2024";"08:50";"1";"95";"95491";"1";"1";"1";"4";"A115";"49,00479000";"2,24522000"
"202400007182";"20";"10";"2024";"05:25";"3";"10";"10353";"1";"1";"1";"7";"D619";"48,43410000";"3,91270000"
"202400007183";"4";"06";"2024";"12:15";"1";"93";"93066";"1";"1";"1";"2";"A86";"48,92618060";"2,33837893"
"202400007184";"20";"10";"2024";"15:15";"1";"21";"21577";"2";"9";"1";"3";"rue du canal";"47,10598900";"5,25497900"
"202400007185";"4";"06";"2024";"09:45";"1";"93";"93010";"1";"1";"1";"2";"A86";"48,89182572";"2,47324767"
"202400007186";"29";"07";"2024";"18:20";"1";"40";"40313";"1";"1";"1";"3";"Avenue du Général Leclerc";"43,83169800";" -0,82435000"
"202400007187";"3";"06";"2024";"14:30";"1";"95";"95582";"1";"1";"1";"4";"A15";"48,96925218";"2,25070233"
"202400007188";"19";"10";"2024";"07:25";"2";"40";"40233";"1";"1";"1";"1";"D322";"43,63845100";" -0,98746100"
"202400007189";"4";"06";"2024";"09:00";"1";"94";"94022";"1";"1";"1";"3";"A86 INT";"48,77662114";"2,41804614"
"202400007190";"21";"10";"2024";"17:26";"1";"24";"24252";"1";"3";"1";"3";"RD 704";"44,94698455";"1,22229874"
"202400007191";"3";"06";"2024";"17:40";"1";"94";"94028";"1";"1";"1";"3";"A86";"48,79983715";"2,44627859"
"202400007192";"3";"06";"2024";"17:00";"1";"94";"94017";"1";"1";"1";"2";"A4";"48,82927700";"2,48195396"
"202400007193";"19";"10";"2024";"12:25";"1";"28";"28199";"2";"1";"1";"1";"Rue du Maréchal Foch";"48,19937400";"1,88537800"
"202400007194";"16";"05";"2024";"14:50";"1";"44";"44109";"2";"1";"1";"6";"Rue du Poitou";"47,22376086";" -1,56476347"
"202400007195";"16";"05";"2024";"08:15";"1";"44";"44109";"2";"1";"1";"6";"5 Rue Jules Grandjouan";"47,24749354";" -1,51416315"
"202400007196";"21";"10";"2024";"17:45";"2";"30";"30089";"1";"1";"1";"4";"D102";"43,84441700";"4,59106200"
"202400007197";"16";"05";"2024";"08:50";"1";"44";"44020";"1";"1";"8";"3";"N/A";"47,16678264";" -1,57352790"
"202400007198";"21";"10";"2024";"06:40";"3";"48";"48072";"1";"1";"1";"6";"D808";"44,50245900";"3,35385600"
"202400007199";"23";"09";"2024";"17:55";"1";"67";"67140";"1";"9";"8";"6";"A35 PK 215+000 sens LAUTERBOURG vers STRASBOURG";"48,86383800";"8,05863600"
"202400007200";"2";"05";"2024";"18:30";"1";"44";"44109";"2";"2";"8";"3";"30 Boulevard des Anglais";"47,22866834";" -1,57710955"
"202400007201";"24";"04";"2024";"10:15";"1";"44";"44190";"2";"1";"8";"6";"341 Route de Clisson";"47,18780466";" -1,48878567"
"202400007202";"22";"04";"2024";"12:50";"1";"44";"44162";"2";"3";"8";"6";"Aveneue de Cheverny";"47,24006907";" -1,59635584"
"202400007203";"21";"10";"2024";"08:35";"2";"53";"53008";"1";"1";"2";"5";"les bruyères";"48,33711800";" -0,54160200"
"202400007204";"19";"04";"2024";"11:05";"1";"44";"44162";"2";"1";"8";"6";"4 Rue Félix Guyon";"47,22585103";" -1,61556499"
"202400007205";"19";"04";"2024";"16:30";"1";"44";"44109";"2";"6";"8";"6";"Rond-Point de Berlin";"47,21626431";" -1,53410743"
"202400007206";"20";"10";"2024";"10:30";"1";"34";"34032";"1";"1";"1";"2";"GARE DE PÉAGE DE BEZIERS CABRIALS";"43,34331200";"3,28909400"
"202400007207";"18";"04";"2024";"18:10";"1";"44";"44109";"2";"2";"1";"3";"Place Pirmil";"47,19779163";" -1,54250423"
"202400007208";"20";"10";"2024";"17:30";"1";"69";"69007";"2";"1";"1";"1";"Route de la Roche";"45,49265300";"4,81761200"
"202400007209";"15";"04";"2024";"06:25";"1";"44";"44109";"2";"1";"1";"3";"116 Boulevard Ernest Dalby";"47,22119204";" -1,53139004"
"202400007210";"15";"10";"2024";"11:00";"1";"988";"98814";"1";"1";"1";"6";"Tribu de Hmelek";" -21,07626000";"167,31162000"
"202400007211";"15";"04";"2024";"07:35";"1";"44";"44109";"2";"1";"8";"6";"Boulevard de Sarrebruck";"47,21669182";" -1,51842646"
"202400007212";"14";"04";"2024";"00:05";"5";"44";"44109";"2";"6";"8";"6";"Boulevard Jean Philippot";"47,21278600";" -1,55381662"
"202400007213";"20";"10";"2024";"09:30";"1";"973";"97303";"2";"6";"1";"7";"Rue Eugene Ronda Sylva";"5,48019700";" -53,21160200"
"202400007214";"14";"04";"2024";"09:27";"1";"44";"44109";"2";"3";"1";"2";"26 Boulevard des Poilus";"47,22931147";" -1,52759867"
"202400007215";"19";"10";"2024";"21:15";"3";"77";"77483";"1";"1";"2";"7";"D405";"49,01193600";"2,94032300"
"202400007216";"3";"06";"2024";"12:50";"1";"973";"97302";"2";"1";"1";"2";"NOVAPARC (RESIDENCE) RTE DE RABAN";"4,92549574";" -52,31274658"
"202400007217";"2";"06";"2024";"19:25";"5";"973";"97302";"2";"1";"1";"6";"SPATULES (RUE DES) CITE EAU LISETTE";"4,92874000";" -52,31949000"
"202400007218";"3";"06";"2024";"20:10";"1";"69";"69388";"2";"2";"1";"6";"Avenue des Frères Lumière";"45,74332000";"4,87430000"
"202400007219";"12";"08";"2024";"18:11";"1";"78";"78108";"1";"9";"1";"7";"Chemin du Moulin";"48,71349100";"1,81888100"
"202400007220";"3";"06";"2024";"09:40";"1";"69";"69382";"2";"1";"8";"2";"22 Quai Docteur Gailleton";"45,75414000";"4,83463000"
"202400007221";"20";"10";"2024";"15:40";"1";"66";"66215";"1";"1";"1";"6";"D2";"42,71060900";"2,49694300"
"202400007222";"3";"06";"2024";"08:30";"1";"69";"69034";"2";"1";"1";"6";"Quai Clemenceau";"45,81274000";"4,84751000"
"202400007223";"17";"10";"2024";"20:50";"3";"83";"83023";"1";"1";"3";"6";"RN 7, zac nicopolis";"43,39471100";"6,14174400"
"202400007224";"1";"06";"2024";"02:45";"5";"971";"97101";"1";"1";"1";"7";"BOULEVARD DES HEROS";"16,24870000";" -61,52494000"
"202400007225";"21";"10";"2024";"11:45";"1";"05";"05181";"1";"1";"1";"6";"D1091";"45,03324064";"6,38421163"
"202400007226";"2";"06";"2024";"04:00";"3";"971";"97101";"1";"1";"3";"6";"PERRIN";"16,28013000";" -61,51071000"
"202400007227";"3";"06";"2024";"13:25";"1";"95";"95582";"2";"9";"1";"3";"D14";"48,97715896";"2,24346319"
"202400007228";"21";"10";"2024";"08:10";"1";"25";"25505";"1";"2";"1";"3";"D486";"47,47260300";"6,33976000"
"202400007229";"3";"06";"2024";"08:05";"1";"95";"95203";"2";"1";"1";"3";"D909";"48,98345834";"2,27216363"
"202400007230";"3";"06";"2024";"08:20";"1";"95";"95288";"2";"1";"1";"6";"MONTMORENCY (RUE DE)";"48,98796000";"2,33574000"
"202400007231";"18";"10";"2024";"11:00";"1";"88";"88513";"1";"2";"1";"3";"D157";"48,35071600";"6,31829700"
"202400007232";"3";"06";"2024";"08:16";"1";"91";"91549";"2";"6";"1";"3";"ROND POINT CD 117";"48,62353000";"2,34137000"
"202400007233";"20";"10";"2024";"17:40";"1";"88";"88090";"1";"1";"1";"7";"N57";"48,36909400";"6,27773200"
"202400007234";"2";"06";"2024";"17:35";"1";"91";"91201";"2";"3";"1";"2";"AV DU GENERAL DE GAULLE";"48,68805100";"2,39240200"
"202400007235";"20";"10";"2024";"22:15";"4";"64";"64460";"2";"1";"1";"6";"4 Rue des 3 Frères Carrey";"43,19491300";" -0,58147900"
"202400007236";"3";"06";"2024";"13:00";"1";"91";"91027";"2";"1";"1";"3";"AV FRANCOIS MITTERRAND";"48,70876000";"2,37145000"
"202400007237";"21";"10";"2024";"05:20";"3";"60";"60342";"1";"1";"2";"6";"D1016";"49,31235200";"2,44709700"
"202400007238";"3";"06";"2024";"04:11";"4";"87";"87085";"2";"2";"1";"3";"MONTMAILLER (RUE)";"45,83607000";"1,25061000"
"202400007239";"20";"10";"2024";"13:00";"1";"13";"13212";"1";"1";"1";"2";"A507 sens Marseille - Aubagne";"43,29494460";"5,42444612"
"202400007240";"2";"06";"2024";"21:24";"2";"87";"87085";"2";"1";"1";"2";"GUERIN (RUE CAMILLE)";"45,81687000";"1,22707000"
"202400007241";"31";"05";"2024";"20:40";"2";"87";"87085";"2";"2";"1";"3";"PORT DU NAVEIX (RUE DU)";"45,83229000";"1,27399000"
"202400007242";"20";"10";"2024";"09:10";"1";"91";"91689";"1";"1";"1";"2";"AUTOROUTE A6B";"48,74842000";"2,32783000"
"202400007243";"2";"06";"2024";"18:45";"1";"84";"84031";"2";"1";"1";"6";"Boulevard du Nord";"44,05685800";"5,04751300"
"202400007244";"20";"10";"2024";"19:56";"3";"93";"93064";"1";"1";"1";"4";"AUTOROUTE A86";"48,87758173";"2,47736938"
"202400007245";"20";"10";"2024";"01:50";"3";"93";"93078";"1";"1";"2";"6";"AUTOROUTE A104";"48,96361976";"2,52140428"
"202400007246";"3";"06";"2024";"06:30";"2";"84";"84007";"2";"3";"1";"3";"RHONE (Boulevard du )";"43,95060000";"4,80237000"
"202400007247";"20";"10";"2024";"01:30";"3";"92";"92078";"1";"1";"2";"6";"AUTOROUTE A86";"48,92830843";"2,33162459"
"202400007248";"2";"06";"2024";"16:50";"1";"83";"83137";"2";"1";"1";"3";"D'ORVES (AVE ESTIENNE)";"43,12688000";"5,91583000"
"202400007249";"1";"06";"2024";"10:40";"1";"83";"83129";"2";"1";"1";"6";"DE LATTRE DE TASSIGNY (AV)";"43,09353000";"5,84493000"
"202400007250";"20";"10";"2024";"22:02";"3";"77";"77055";"1";"1";"1";"2";"RN104";"48,90035015";"2,65378388"
"202400007251";"31";"05";"2024";"14:15";"1";"83";"83129";"2";"1";"1";"3";"DE LATTRE DE TASSIGNY (AV)";"43,09388000";"5,83944000"
"202400007252";"2";"06";"2024";"21:40";"1";"80";"80021";"1";"1";"1";"7";"SAVEUSE (RUE DE)";"49,90353000";"2,24866000"
"202400007253";"20";"10";"2024";"14:45";"1";"94";"94017";"1";"1";"1";"2";"A4";"48,82689610";"2,51289950"
"202400007254";"19";"10";"2024";"02:40";"3";"77";"77294";"1";"1";"1";"7";"A104";"48,95994344";"2,62106698"
"202400007255";"3";"06";"2024";"17:50";"1";"78";"78551";"1";"9";"1";"5";"RD 308";"48,94219300";"2,12197300"
"202400007256";"31";"05";"2024";"17:45";"1";"73";"73121";"2";"2";"1";"3";"Rue de l'expansion";"45,62753486";"6,31610021"
"202400007257";"3";"06";"2024";"16:30";"1";"78";"78440";"2";"9";"1";"3";"PAUL RAOULT (AVENUE)";"48,98861000";"1,91345000"
"202400007258";"1";"06";"2024";"16:15";"1";"84";"84076";"2";"1";"1";"7";"Route de Beaumont";"43,70608900";"5,65716500"
"202400007259";"30";"06";"2024";"09:20";"1";"50";"50393";"1";"3";"8";"1";"La Cavee";"48,92216100";" -1,15426700"
"202400007260";"10";"10";"2024";"23:10";"5";"44";"44109";"2";"1";"1";"6";"Rue Léopold Cassegrain";"47,21926604";" -1,55860891"
"202400007261";"17";"10";"2024";"13:05";"1";"75";"75113";"2";"3";"1";"6";"RUE BARRAULT";"48,82730900";"2,34702800"
"202400007262";"8";"10";"2024";"09:50";"1";"44";"44109";"2";"6";"1";"7";"Boulevard des Nations-Unies";"47,21070453";" -1,55951649"
"202400007263";"15";"10";"2024";"07:45";"2";"84";"84007";"2";"1";"5";"2";"JOSEPH VERNET (RUE)";"43,94577000";"4,80365000"
"202400007264";"14";"10";"2024";"07:55";"1";"45";"45338";"2";"1";"8";"6";"43 Rue Jean Mermoz";"47,98094000";"2,72192000"
"202400007265";"19";"08";"2024";"07:15";"1";"74";"74178";"1";"1";"1";"3";"Route de mionnaz nord";"45,94046700";"5,92871200"
"202400007266";"12";"08";"2024";"08:15";"1";"74";"74112";"2";"6";"1";"3";"Rue de la Tuilerie";"45,93631200";"6,08682100"
"202400007267";"17";"08";"2024";"16:30";"1";"74";"74010";"1";"2";"1";"3";"Route des argos";"45,93776200";"6,15445200"
"202400007268";"10";"08";"2024";"14:20";"1";"74";"74140";"1";"3";"7";"3";"Route du Col de Terramont";"46,24481500";"6,47755600"
"202400007269";"18";"10";"2024";"16:15";"1";"69";"69386";"2";"2";"1";"1";"Boulevard Stalingrad";"45,77088000";"4,85854000"
"202400007270";"19";"10";"2024";"08:05";"1";"972";"97209";"2";"1";"1";"6";"AVE CAMILLE DARSIERES";"14,59860000";" -61,05295000"
"202400007271";"19";"10";"2024";"23:25";"5";"69";"69382";"2";"1";"1";"2";"Quai Docteur Gailleton";"45,75285000";"4,83338000"
"202400007272";"19";"10";"2024";"15:20";"1";"69";"69034";"1";"1";"1";"5";"65b Rue Pasteur";"45,79038000";"4,84188000"
"202400007273";"19";"10";"2024";"06:19";"5";"2B";"2B033";"2";"3";"8";"3";"PAOLI DU NR 21 AU 45 -BLD";"42,70128000";"9,45041000"
"202400007274";"19";"10";"2024";"07:00";"1";"971";"97113";"1";"1";"1";"6";"SECTION LABROUSSE";"16,21862000";" -61,51260000"
"202400007275";"19";"10";"2024";"02:20";"5";"971";"97101";"1";"1";"1";"6";"RN11";"16,25769000";" -61,51181000"
"202400007276";"19";"10";"2024";"23:45";"5";"2A";"2A004";"2";"9";"2";"3";"MACCHINI EUGENE AVENUE";"41,91783000";"8,73707000"
"202400007277";"19";"10";"2024";"20:00";"5";"91";"91549";"2";"1";"2";"6";"CORBEIL (ROUTE DE)";"48,64217000";"2,33367000"
"202400007278";"18";"10";"2024";"17:10";"1";"91";"91027";"2";"2";"1";"3";"AV PASTEUR";"48,70582000";"2,36768000"
"202400007279";"18";"10";"2024";"17:48";"1";"91";"91228";"2";"3";"2";"1";"CHEMIN DE FER (RUE DU)";"48,63545000";"2,45079000"
"202400007280";"18";"10";"2024";"21:41";"5";"90";"90010";"2";"4";"1";"3";"PREMIERE ARMEE FRANCAISE (AVENUE DE LA)";"47,65457000";"6,84495000"
"202400007281";"19";"10";"2024";"17:30";"2";"83";"83137";"2";"3";"7";"1";"PICOT (AVE DU COLONEL)";"43,12960562";"5,96847296"
"202400007282";"18";"10";"2024";"14:30";"1";"83";"83137";"2";"1";"8";"2";"GOURAUD (AVE GENERAL)";"43,13667000";"5,91531000"
"202400007283";"19";"10";"2024";"20:30";"5";"76";"76561";"2";"1";"5";"1";"Rue Denfert Rochereau";"49,30021613";"1,01791897"
"202400007284";"18";"10";"2024";"12:00";"1";"73";"73008";"2";"1";"1";"3";"D913 CHARLES DE GAULLE";"45,68804528";"5,91119152"
"202400007285";"18";"10";"2024";"17:50";"1";"72";"72181";"2";"1";"1";"5";"CUGNOT NICOLAS (BD)";"47,98000000";"0,22200000"
"202400007286";"19";"10";"2024";"19:35";"5";"71";"71076";"2";"1";"1";"6";"BEAUNE (PLACE DE )";"46,78500000";"4,85468000"
"202400007287";"18";"10";"2024";"16:45";"1";"70";"70550";"2";"1";"8";"6";"Rue Grosjean";"47,61820000";"6,16099000"
"202400007288";"19";"10";"2024";"13:40";"1";"69";"69264";"2";"4";"1";"2";"Rue de Thizy";"45,99010000";"4,70714000"
"202400007289";"18";"10";"2024";"12:40";"1";"67";"67482";"2";"1";"1";"2";"OSTWALD (RUE D )";"48,56412000";"7,70784000"
"202400007290";"19";"10";"2024";"12:00";"1";"66";"66136";"1";"1";"1";"3";"N/A";"42,67381000";"2,86267000"
"202400007291";"19";"10";"2024";"01:00";"5";"64";"64445";"2";"6";"2";"6";"avenue Jean Mermoz";"43,30575000";" -0,37636000"
"202400007292";"18";"10";"2024";"14:25";"1";"64";"64445";"1";"1";"2";"7";"EUROPE DE L'";"43,32258000";" -0,31423000"
"202400007293";"14";"10";"2024";"18:10";"1";"61";"61006";"2";"6";"8";"3";"Intersection D916 / D926";"48,74913000";" -0,01442000"
"202400007294";"19";"10";"2024";"20:50";"5";"59";"59152";"2";"1";"2";"1";"WERVICQ (RUE DE)";"50,76719000";"3,02963000"
"202400007295";"19";"10";"2024";"19:30";"5";"59";"59378";"2";"1";"3";"6";"BOUCHER HELENE RUE";"50,67240000";"3,10345000"
"202400007296";"18";"10";"2024";"18:10";"2";"59";"59009";"2";"1";"2";"1";"PERRIN JEAN  AVENUE";"50,61300000";"3,14200000"
"202400007297";"18";"10";"2024";"16:38";"1";"58";"58194";"2";"1";"1";"3";"GRAND PRE DES BORDES";"46,99210000";"3,12315000"
"202400007298";"19";"10";"2024";"09:34";"1";"54";"54395";"2";"3";"1";"3";"Avenue de Strasbourg";"48,67723000";"6,19915000"
"202400007299";"19";"10";"2024";"06:00";"5";"54";"54395";"2";"1";"2";"6";"Rue du Haut Bourgeois";"48,69795000";"6,17707000"
"202400007300";"19";"10";"2024";"13:28";"1";"51";"51230";"2";"4";"1";"6";"BERTHELOT (RUE MARCELLIN)";"49,04620700";"3,94833000"
"202400007301";"18";"10";"2024";"22:26";"3";"51";"51230";"2";"6";"2";"6";"LORRAINE";"49,03911000";"3,96820000"
"202400007302";"19";"10";"2024";"13:30";"1";"49";"49328";"2";"6";"3";"3";"ROND POINT  PONT FOUCHARD";"47,25367000";" -0,08524000"
"202400007303";"19";"10";"2024";"18:52";"5";"45";"45232";"2";"9";"2";"6";"155 Rue d'Artois";"47,84357500";"1,91615700"
"202400007304";"19";"10";"2024";"10:01";"1";"44";"44109";"2";"1";"2";"6";"9 Rue Copernic";"47,21465000";" -1,56590000"
"202400007305";"19";"10";"2024";"22:14";"5";"37";"37261";"2";"1";"8";"1";"PONT CHER (AVENUE DE)";"47,36562000";"0,67517000"
"202400007306";"19";"10";"2024";"22:00";"5";"37";"37261";"2";"2";"1";"3";"JAUJAS (RUE DU DOCTEUR)";"47,37719000";"0,70686000"
"202400007307";"19";"10";"2024";"16:10";"1";"35";"35238";"2";"2";"7";"3";"NITSCH (CARREFOUR GEORGES)";"48,10178000";" -1,68439000"
"202400007308";"18";"10";"2024";"16:00";"1";"33";"33162";"2";"2";"1";"3";"N/A";"44,88000000";" -0,62800000"
"202400007309";"19";"10";"2024";"19:30";"5";"31";"31555";"2";"1";"1";"6";"RUE DU FERETRA";"43,58359000";"1,44413000"
"202400007310";"19";"10";"2024";"17:30";"1";"31";"31555";"2";"1";"1";"1";"ALBI (RTE D) DU 1AU 243";"43,62844900";"1,46023200"
"202400007311";"18";"10";"2024";"09:02";"1";"29";"29039";"2";"1";"1";"7";"Rue Sarah Bernhardt";"47,89067000";" -3,92254000"
"202400007312";"20";"10";"2024";"01:20";"3";"27";"27299";"2";"1";"2";"6";"BOIS DES COMMUNES (RUE DU)";"49,03759000";"1,17374000"
"202400007313";"19";"10";"2024";"12:02";"1";"19";"19031";"2";"3";"8";"1";"POMPIDOU (AVENUE GEORGES)";"45,15787000";"1,55379000"
"202400007314";"20";"10";"2024";"23:00";"3";"17";"17306";"2";"1";"8";"6";"DUNANT HENRY";"45,62005000";" -1,00076600"
"202400007315";"18";"10";"2024";"17:30";"1";"14";"14101";"1";"1";"1";"1";"1bis Route de Verson";"49,16249000";" -0,42718000"
"202400007316";"19";"10";"2024";"21:35";"5";"13";"13206";"2";"9";"1";"3";"DRAGON (RUE)";"43,28825649";"5,38033820"
"202400007317";"19";"10";"2024";"14:30";"1";"13";"13213";"2";"1";"1";"3";"ALBERT EINSTEIN (RUE)";"43,33936000";"5,44057000"
"202400007318";"19";"10";"2024";"07:25";"1";"13";"13208";"2";"1";"1";"3";"MAZARGUES (AVENUE DE)";"43,25842755";"5,39427217"
"202400007319";"18";"10";"2024";"17:10";"1";"13";"13001";"2";"9";"1";"3";"LEDOUX CLAUDE NICOLAS (RUE)";"43,48074000";"5,38901000"
"202400007320";"19";"10";"2024";"18:45";"1";"09";"09225";"2";"1";"1";"1";"PAIX AVENUE DE LA";"43,11231000";"1,61945000"
"202400007321";"18";"10";"2024";"17:50";"2";"75";"75119";"2";"1";"1";"2";"BD PERIPHERIQUE INTERIEUR";"48,88566000";"2,39745400"
"202400007322";"19";"10";"2024";"15:40";"1";"75";"75119";"2";"7";"1";"4";"PLACE DU MAQUIS DU VERCORS";"48,87805600";"2,40939900"
"202400007323";"19";"10";"2024";"11:45";"1";"75";"75112";"2";"1";"2";"6";"RUE DU SERGENT BAUCHAT";"48,84520000";"2,39238900"
"202400007324";"19";"10";"2024";"15:20";"1";"75";"75111";"2";"7";"1";"6";"Place Léon Blum";"48,85772500";"2,38031000"
"202400007325";"19";"10";"2024";"00:10";"5";"75";"75111";"2";"2";"1";"2";"RUE LEON FROT";"48,85762500";"2,38461900"
"202400007326";"19";"10";"2024";"00:48";"5";"75";"75111";"2";"4";"1";"2";"AVENUE PARMENTIER";"48,86531400";"2,37444500"
"202400007327";"19";"10";"2024";"06:21";"5";"75";"75110";"2";"5";"1";"6";"BOULEVARD DE MAGENTA";"48,87651174";"2,35584319"
"202400007328";"19";"10";"2024";"16:20";"1";"75";"75109";"2";"5";"1";"7";"BOULEVARD HAUSSMANN";"48,87200800";"2,34004700"
"202400007329";"18";"10";"2024";"09:40";"1";"75";"75109";"2";"3";"2";"3";"BOULEVARD DES ITALIENS";"48,87097900";"2,33418200"
"202400007330";"19";"10";"2024";"00:35";"5";"94";"94067";"2";"1";"1";"3";"Avenue Victor Hugo";"48,84374921";"2,41706192"
"202400007331";"19";"10";"2024";"01:40";"5";"94";"94081";"2";"9";"1";"3";"Avenue Rouget de Lisle";"48,78262000";"2,39391000"
"202400007332";"19";"10";"2024";"18:30";"2";"94";"94004";"2";"3";"2";"7";"Allée des F.f.i.";"48,75452000";"2,50601000"
"202400007333";"19";"10";"2024";"21:30";"5";"93";"93078";"2";"6";"2";"2";"DAMBEL (AVENUE EMILE)";"48,95214000";"2,55075000"
"202400007334";"19";"10";"2024";"14:20";"1";"93";"93005";"2";"1";"1";"3";"JOHN F. KENNEDY (AVENUE)";"48,94748000";"2,51637000"
"202400007335";"19";"10";"2024";"15:10";"1";"93";"93048";"2";"1";"2";"3";"VINCENNES (RUE DE)";"48,85546610";"2,43647502"
"202400007336";"19";"10";"2024";"13:30";"1";"93";"93048";"2";"1";"2";"3";"ARISTIDE BRIAND (BOULEVARD)";"48,87349396";"2,45404243"
"202400007337";"19";"10";"2024";"00:30";"5";"93";"93006";"2";"3";"1";"3";"GAL LECLERC AV. DU";"48,86722000";"2,41894000"
"202400007338";"19";"10";"2024";"21:20";"5";"93";"93001";"2";"3";"2";"1";"SAINT DENIS (RUE DE)";"48,92266917";"2,37143627"
"202400007339";"19";"10";"2024";"09:45";"1";"92";"92078";"2";"6";"1";"1";"MARC SANGNIER (AVENUE)";"48,92572000";"2,32666000"
"202400007340";"19";"10";"2024";"13:40";"1";"92";"92040";"2";"3";"8";"3";"AUGUSTE GERVAIS";"48,82309969";"2,27339409"
"202400007341";"18";"10";"2024";"11:10";"1";"92";"92004";"1";"1";"1";"3";"PONT DE GENNEVILLIERS";"48,91449957";"2,31002077"
"202400007342";"19";"10";"2024";"10:40";"1";"42";"42162";"1";"3";"1";"2";"763 Route de Lentigny";"46,00851700";"3,98302700"
"202400007343";"19";"10";"2024";"19:00";"5";"57";"57434";"2";"1";"1";"6";"5 Grand Rue";"48,72255200";"6,78255600"
"202400007344";"19";"10";"2024";"09:25";"1";"14";"14061";"1";"2";"2";"3";"Route du Désert";"48,90482300";" -0,83380200"
"202400007345";"20";"10";"2024";"14:10";"1";"974";"97413";"1";"9";"1";"6";"N1a";" -21,23168900";"55,29648700"
"202400007346";"15";"10";"2024";"12:06";"1";"59";"59562";"1";"1";"1";"3";"Rue Nationale";"50,09553000";"3,98491200"
"202400007347";"13";"10";"2024";"11:25";"1";"81";"81288";"1";"1";"1";"6";"RD 85";"43,45324600";"2,03167700"
"202400007348";"19";"10";"2024";"13:19";"1";"81";"81171";"1";"1";"1";"1";"A68";"43,83700300";"1,83694800"
"202400007349";"19";"10";"2024";"19:30";"3";"11";"11327";"1";"1";"1";"1";"N/A";"43,17109300";"2,29432900"
"202400007350";"20";"10";"2024";"18:55";"5";"71";"71208";"2";"3";"1";"3";"7 Rue du Pont";"46,91010100";"5,15743500"
"202400007351";"20";"10";"2024";"16:00";"1";"63";"63211";"1";"1";"1";"7";"RD 205 Le Barsac";"45,45152481";"3,70357095"
"202400007352";"19";"10";"2024";"00:05";"3";"49";"49323";"1";"1";"2";"6";"RD 323 ";"47,50326500";" -0,48172500"
"202400007353";"20";"10";"2024";"12:04";"1";"12";"12093";"1";"1";"1";"6";"route de crozafon";"44,67476400";"2,53762200"
"202400007354";"20";"10";"2024";"05:45";"3";"35";"35302";"1";"1";"2";"6";"Lieu Dit la Banquette";"48,19093200";" -2,16149600"
"202400007355";"20";"10";"2024";"05:00";"4";"29";"29249";"2";"1";"3";"6";"Kervoazec";"48,16126900";" -3,78601300"
"202400007356";"10";"10";"2024";"11:50";"1";"29";"29075";"2";"2";"8";"6";"rue Commandant Charcot";"48,43367500";" -4,39648400"
"202400007357";"20";"10";"2024";"18:57";"2";"38";"38408";"2";"2";"1";"3";"D36A";"45,58412100";"4,99871200"
"202400007358";"19";"10";"2024";"20:50";"5";"38";"38384";"2";"1";"1";"6";"Route de l'Aéroport";"45,34376100";"5,33814300"
"202400007359";"19";"10";"2024";"16:12";"1";"01";"01433";"2";"1";"1";"7";"65 route du colombier";"46,47902800";"5,10875000"
"202400007360";"19";"10";"2024";"02:10";"3";"01";"01317";"1";"1";"9";"6";"route des conches";"46,20894300";"5,34361500"
"202400007361";"19";"10";"2024";"20:25";"4";"26";"26165";"2";"1";"1";"6";"117 Avenue joseph combier";"44,76835953";"4,84082937"
"202400007362";"20";"10";"2024";"15:50";"1";"58";"58003";"1";"9";"1";"6";"La Cremaine";"47,20460600";"4,16384500"
"202400007363";"20";"10";"2024";"12:20";"1";"50";"50533";"1";"1";"2";"7";"D24";"49,21967100";" -1,42616300"
"202400007364";"20";"10";"2024";"04:00";"5";"60";"60577";"2";"1";"5";"6";"N/A";"49,44500774";"1,81142399"
"202400007365";"20";"10";"2024";"18:15";"2";"10";"10220";"2";"2";"1";"3";"3 Rue Georges Pompidou";"48,50116500";"3,78439300"
"202400007366";"19";"10";"2024";"02:00";"3";"36";"36003";"1";"1";"1";"7";"Rue de la Petite Croix";"46,79557125";"1,92624539"
"202400007367";"19";"10";"2024";"23:00";"4";"21";"21317";"2";"2";"1";"3";"D959";"47,52551700";"5,11031600"
"202400007368";"19";"10";"2024";"23:00";"3";"24";"24172";"1";"1";"1";"6";"5 impasse de calimon";"44,94129900";"1,02592900"