"Num_Acc";"jour";"mois";"an";"hrmn";"lum";"dep";"com";"agg";"int";"atm";"col";"adr";"lat";"long"
"202400007369";"19";"10";"2024";"16:15";"1";"37";"37099";"1";"1";"3";"1";"D751";"47,28876300";"0,52427500"
"202400007370";"19";"10";"2024";"00:30";"3";"52";"52062";"1";"1";"5";"6";"Cote de Cherrey";"47,79687100";"5,31574400"
"202400007371";"21";"03";"2024";"04:20";"3";"60";"60245";"1";"1";"1";"7";"poirier d arras";"49,63219900";"1,72836100"
"202400007372";"21";"03";"2024";"17:00";"1";"64";"64256";"1";"3";"1";"3";"Zone Industrielle les Pignadas";"43,42063500";" -1,31436800"
"202400007373";"16";"03";"2024";"16:00";"1";"73";"73010";"1";"1";"1";"1";"D991B";"45,78623000";"5,86562600"
"202400007374";"20";"03";"2024";"18:15";"1";"40";"40152";"1";"2";"1";"3";"D41";"43,97921700";" -1,08971200"
"202400007375";"1";"03";"2024";"13:41";"1";"04";"04209";"1";"1";"1";"5";"Route de départementale 4085";"44,21425800";"5,92473700"
"202400007376";"20";"03";"2024";"15:30";"1";"87";"87117";"1";"1";"1";"6";"N/A";"45,78453429";"1,72772080"
"202400007377";"21";"03";"2024";"12:00";"1";"52";"52484";"1";"1";"7";"7";"D427";"48,43964072";"5,19109719"
"202400007378";"20";"03";"2024";"13:45";"1";"08";"08162";"1";"1";"1";"6";"N/A";"49,73521800";"4,62325400"
"202400007379";"20";"03";"2024";"15:37";"1";"88";"88516";"2";"1";"7";"6";"185 Rue Charles Garnier";"48,20413000";"5,94436500"
"202400007380";"10";"03";"2024";"13:50";"1";"04";"04091";"1";"1";"4";"5";"A51 PK 092.350";"43,98550500";"5,91262900"
"202400007381";"6";"03";"2024";"16:00";"1";"38";"38193";"2";"3";"1";"3";"Rue Lionel Terray";"45,62326600";"5,21310100"
"202400007382";"21";"03";"2024";"17:40";"1";"13";"13051";"2";"3";"1";"3";"D113";"43,58594419";"5,13030948"
"202400007383";"21";"03";"2024";"17:05";"1";"95";"95042";"2";"6";"1";"3";"D9";"49,06548438";"2,30013320"
"202400007384";"20";"03";"2024";"19:20";"1";"95";"95353";"2";"1";"1";"3";"N1";"49,07981525";"2,31761551"
"202400007385";"20";"03";"2024";"12:00";"1";"33";"33122";"1";"1";"1";"2";"N/A";"44,71334800";" -0,74569700"
"202400007386";"21";"02";"2024";"13:05";"1";"36";"36057";"1";"1";"1";"6";"Coings";"46,88632588";"1,72632337"
"202400007387";"18";"03";"2024";"22:00";"3";"36";"36134";"1";"1";"1";"6";"N/A";"46,41495896";"1,46711564"
"202400007388";"18";"03";"2024";"13:00";"1";"13";"13103";"1";"1";"1";"1";"Base aérienne 701 Salon-de-Provence (Aérodrome)";"43,61774700";"5,10617500"
"202400007389";"21";"03";"2024";"03:30";"3";"988";"98827";"1";"1";"3";"7";"RT1 - ""Col des papayers""";" -21,32502000";"165,08812000"
"202400007390";"19";"03";"2024";"15:59";"1";"37";"37210";"1";"1";"1";"7";"Chemin de la Bélasserie au Châtelier";"47,21701600";"0,33557700"
"202400007391";"14";"03";"2024";"07:50";"2";"91";"91179";"2";"1";"1";"6";"1 Rue des Arrigaux";"48,56326400";"2,48374700"
"202400007392";"19";"03";"2024";"23:25";"3";"66";"66164";"1";"1";"1";"6";"N/A";"42,79940700";"2,90963900"
"202400007393";"21";"03";"2024";"13:50";"1";"84";"84092";"1";"1";"1";"4";"D907";"43,96018700";"4,84768500"
"202400007394";"20";"03";"2024";"15:40";"1";"70";"70446";"1";"1";"7";"1";"D70";"47,48329300";"5,61530100"
"202400007395";"20";"03";"2024";"15:15";"1";"63";"63038";"2";"1";"1";"7";"D978";"45,51082200";"2,93058200"
"202400007396";"6";"03";"2024";"09:15";"1";"38";"38071";"2";"2";"1";"3";"Rue Hector Berlioz";"45,08584700";"5,73177300"
"202400007397";"20";"03";"2024";"00:01";"3";"33";"33248";"1";"1";"1";"7";"N/A";"45,07642100";" -0,82822100"
"202400007398";"20";"03";"2024";"17:20";"1";"33";"33274";"2";"9";"1";"6";"N/A";"44,72487500";" -0,54928400"
"202400007399";"20";"03";"2024";"20:55";"3";"44";"44073";"1";"1";"1";"6";"3 Moulin de Bois Rivaud";"47,44798200";" -1,64932300"
"202400007400";"19";"03";"2024";"06:00";"2";"14";"14332";"1";"2";"1";"3";"18 Rue Saint-Clair de Vaux";"48,87230800";" -0,19058700"
"202400007401";"20";"03";"2024";"17:30";"1";"59";"59120";"1";"1";"1";"2";"Rue de Bailleul";"50,75612200";"2,62548600"
"202400007402";"20";"03";"2024";"12:55";"1";"13";"13216";"1";"1";"1";"2";"A55-Sens Marseille vers Martigues";"43,35557748";"5,34706133"
"202400007403";"20";"03";"2024";"09:20";"1";"91";"91477";"1";"1";"1";"7";"AUTOROUTE A10";"48,71891000";"2,25653000"
"202400007404";"20";"03";"2024";"08:15";"1";"94";"94076";"1";"1";"1";"5";"A6B";"48,78729395";"2,34586985"
"202400007405";"19";"03";"2024";"16:25";"1";"92";"92036";"1";"1";"1";"6";"A86";"48,93353738";"2,27424320"
"202400007406";"20";"03";"2024";"11:30";"1";"93";"93053";"1";"1";"1";"2";"A3";"48,89707199";"2,46965129"
"202400007407";"18";"03";"2024";"18:30";"1";"95";"95450";"1";"9";"1";"6";"CARRIERE A PEPINS (CHEMIN DE LA)";"49,01817611";"2,08089218"
"202400007408";"20";"03";"2024";"11:43";"1";"988";"98818";"2";"1";"1";"2";"RUE ARMAND OHLEN";" -22,25036000";"166,46370000"
"202400007409";"18";"03";"2024";"12:53";"1";"987";"98735";"1";"1";"1";"2";"PRINCE HINOI (AVENUE)";" -17,53346000";" -149,55990000"
"202400007410";"19";"03";"2024";"16:10";"1";"974";"97411";"2";"1";"1";"7";"MONTHYON (RUE)";" -20,88751000";"55,46348000"
"202400007411";"19";"03";"2024";"14:40";"1";"973";"97309";"2";"1";"1";"6";"TIGRE (ROUTE DU)";"4,91362000";" -52,30847000"
"202400007412";"19";"03";"2024";"05:40";"2";"972";"97213";"1";"1";"1";"6";"ROUTE DEPARTEMENTALE 3";"14,63550000";" -60,99171000"
"202400007413";"19";"03";"2024";"08:35";"1";"69";"69152";"2";"1";"1";"6";"Place de la Paix";"45,70384000";"4,82571000"
"202400007414";"18";"03";"2024";"17:10";"1";"69";"69389";"2";"2";"1";"3";"Rue de Saint-Cyr";"45,78389000";"4,80817000"
"202400007415";"19";"03";"2024";"10:42";"1";"2A";"2A004";"2";"1";"1";"6";"1 Bd Dominique Pugliesi Conti";"41,91320000";"8,72625000"
"202400007416";"19";"03";"2024";"10:26";"1";"2A";"2A004";"1";"1";"1";"4";"T20";"41,94235000";"8,80899000"
"202400007417";"19";"03";"2024";"09:38";"1";"2A";"2A004";"2";"1";"1";"6";"16 Avenue Marechal Juin";"41,94183000";"8,74989000"
"202400007418";"19";"03";"2024";"16:05";"1";"91";"91477";"2";"1";"1";"6";"LEON BOURGEOIS (RUE)";"48,70654000";"2,23882000"
"202400007419";"19";"03";"2024";"13:18";"1";"91";"91471";"2";"1";"1";"1";"FOCH (AVENUE DU MARECHAL)";"48,70000000";"2,18819000"
"202400007420";"19";"03";"2024";"08:30";"1";"91";"91174";"2";"2";"1";"6";"BD HENRI DUNANT";"48,60049100";"2,48060500"
"202400007421";"18";"03";"2024";"16:55";"1";"86";"86066";"2";"6";"1";"3";"Rue des 3 Pigeons";"46,81130000";"0,54482000"
"202400007422";"18";"03";"2024";"22:45";"5";"84";"84007";"2";"1";"1";"3";"C.De GAULLE (Rocade)";"43,92000000";"4,80000000"
"202400007423";"19";"03";"2024";"15:00";"1";"83";"83137";"2";"3";"1";"3";"HERRIOT (AVE EDOUARD)";"43,12854895";"5,89061661"
"202400007424";"15";"03";"2024";"07:40";"1";"83";"83123";"2";"1";"1";"3";"SOLEIL (CORNICHE) N° PAIRS";"43,12225783";"5,80043596"
"202400007425";"12";"02";"2024";"12:25";"1";"83";"83118";"2";"1";"1";"6";"PLACE SADI CARNOT";"43,42515000";"6,76889000"
"202400007426";"19";"03";"2024";"19:00";"1";"81";"81065";"2";"1";"1";"6";"Boulevard Henri Sizaire";"43,60150000";"2,23930000"
"202400007427";"19";"03";"2024";"19:05";"1";"80";"80021";"2";"1";"1";"6";"Rue Léo Lagrange";"49,91057000";"2,31229000"
"202400007428";"19";"03";"2024";"10:25";"1";"80";"80021";"2";"1";"1";"2";"Rue Saint-Fuscien";"49,89759000";"2,29526000"
"202400007429";"16";"03";"2024";"02:42";"3";"80";"80021";"2";"1";"1";"7";"Place Parmentier";"49,89568000";"2,30539000"
"202400007430";"17";"03";"2024";"03:10";"3";"78";"78674";"1";"1";"1";"6";"VERSAILLES (AVENUE DE)";"48,81863300";"2,02194100"
"202400007431";"19";"03";"2024";"10:51";"1";"78";"78498";"1";"1";"1";"3";"RD 30";"48,94222400";"2,06006000"
"202400007432";"19";"03";"2024";"18:50";"5";"76";"76540";"2";"2";"1";"6";"Boulevard de l'Europe";"49,42828000";"1,08099000"
"202400007433";"19";"03";"2024";"09:00";"1";"76";"76540";"2";"4";"1";"3";"Rue Saint Maur";"49,45348000";"1,08529000"
"202400007434";"15";"03";"2024";"12:00";"1";"76";"76447";"2";"3";"1";"1";"MELAY  ( RTE DU )";"49,56502000";"0,20278000"
"202400007435";"19";"03";"2024";"15:30";"1";"74";"74010";"2";"3";"1";"3";"JEAN JAURES";"45,90320000";"6,12770000"
"202400007436";"19";"03";"2024";"13:25";"1";"71";"71270";"2";"1";"1";"1";"MERMOZ (RUE JEAN)";"46,29378000";"4,80853000"
"202400007437";"19";"03";"2024";"20:05";"5";"69";"69266";"2";"1";"1";"3";"332 Rue Francis de Pressensé";"45,76651000";"4,89794000"
"202400007438";"18";"03";"2024";"18:45";"1";"69";"69290";"2";"1";"1";"3";"10 Avenue Pierre Mendès France";"45,69601000";"4,95717000"
"202400007439";"19";"03";"2024";"08:55";"1";"67";"67482";"2";"1";"1";"3";"ROMAINS (ROUTE DES)";"48,57801000";"7,70253000"
"202400007440";"18";"03";"2024";"16:30";"1";"67";"67267";"2";"1";"1";"6";"MOLKENBRONN (RUE DU)";"48,56429000";"7,69501000"
"202400007441";"19";"03";"2024";"10:40";"1";"64";"64445";"2";"3";"1";"3";"AVIATION DE L'";"43,30597714";" -0,32802075"
"202400007442";"19";"03";"2024";"08:36";"1";"64";"64102";"2";"1";"1";"7";"PONT SAINT ESPRIT";"43,49310000";" -1,47291000"
"202400007443";"19";"03";"2024";"14:47";"1";"62";"62895";"2";"3";"1";"3";"Rue Joseph Bodart";"50,49235000";"2,84604000"
"202400007444";"19";"03";"2024";"15:25";"1";"62";"62244";"2";"2";"1";"1";"Rue de l’Abbe Dupuy";"50,92464000";"1,88487000"
"202400007445";"19";"03";"2024";"16:40";"1";"59";"59009";"1";"2";"1";"3";"BREUCQ BOULEVARD DU";"50,64264439";"3,14488517"
"202400007446";"18";"03";"2024";"17:15";"1";"59";"59009";"2";"1";"7";"6";"MONS BOULEVARD DE";"50,64660000";"3,12807000"
"202400007447";"18";"03";"2024";"07:30";"1";"59";"59220";"2";"1";"1";"6";"CARNOT RUE";"50,60303600";"3,06720200"
"202400007448";"16";"03";"2024";"06:00";"5";"58";"58194";"2";"1";"1";"6";"HENRI BOUQUILLARD";"46,99615000";"3,12423000"
"202400007449";"19";"03";"2024";"10:10";"1";"56";"56260";"2";"1";"1";"3";"PLUMEY (RUE MONSEIGNEUR YVES)";"47,65653000";" -2,78238000"
"202400007450";"18";"03";"2024";"08:00";"2";"56";"56121";"2";"1";"8";"7";"RUE LOUIS GUIGUEN";"47,75568000";" -3,35456000"
"202400007451";"17";"03";"2024";"01:00";"5";"55";"55545";"2";"1";"1";"7";"PIERRE DEMATHIEU";"49,16220000";"5,37096000"
"202400007452";"4";"03";"2024";"10:40";"1";"55";"55545";"2";"1";"1";"7";"METZ ( AVENUE DE )";"49,15064051";"5,39776593"
"202400007453";"18";"03";"2024";"19:20";"5";"54";"54300";"2";"1";"2";"1";"Route d’Art sur Meurthe";"48,65967000";"6,23217000"
"202400007454";"18";"03";"2024";"18:25";"1";"54";"54395";"2";"2";"2";"3";"AvenueCharles Etienne Collignon";"48,68811787";"6,19997442"
"202400007455";"18";"03";"2024";"16:40";"1";"54";"54395";"2";"3";"1";"6";"Avenue Général Leclerc";"48,68360000";"6,18548000"
"202400007456";"18";"03";"2024";"09:00";"1";"54";"54498";"1";"1";"2";"1";"M 674";"48,72270000";"6,27315000"
"202400007457";"19";"03";"2024";"18:00";"2";"54";"54323";"2";"3";"1";"3";"Rue Albert Thomas";"49,52762000";"5,75861000"
"202400007458";"19";"03";"2024";"17:25";"1";"54";"54227";"1";"1";"1";"3";"TICHEMONT";"49,17676200";"5,90529900"
"202400007459";"16";"03";"2024";"17:45";"1";"50";"50129";"2";"1";"1";"6";"COUBERTIN (RUE PIERRE DE)";"49,64236000";" -1,63888000"
"202400007460";"27";"01";"2024";"01:08";"3";"49";"49099";"1";"1";"1";"6";"RD160 ";"47,03139091";" -0,91066140"
"202400007461";"5";"07";"2024";"17:36";"1";"17";"17306";"1";"4";"1";"3";"PAPIN DENIS";"45,63269700";" -0,99023500"
"202400007462";"18";"03";"2024";"18:08";"1";"49";"49246";"1";"1";"1";"4";"A87";"47,41110000";" -0,50785000"
"202400007463";"6";"07";"2024";"08:08";"1";"13";"13056";"2";"1";"1";"6";"TURCAN FRANCIS";"43,41191000";"5,04385000"
"202400007464";"18";"03";"2024";"19:13";"2";"49";"49007";"2";"1";"1";"3";"ALLONNEAU(AUGUSTE) BOULEVARD";"47,48100000";" -0,52700000"
"202400007465";"6";"07";"2024";"20:30";"1";"13";"13203";"2";"1";"1";"6";"FÉLIX PYAT (RUE)";"43,31780000";"5,37271000"
"202400007466";"18";"03";"2024";"16:10";"1";"49";"49007";"2";"1";"1";"5";"RD 323";"47,46903000";" -0,60527000"
"202400007467";"6";"07";"2024";"01:15";"5";"13";"13206";"2";"1";"1";"3";"LIEUTAUD (COURS)";"43,29142621";"5,38303236"
"202400007468";"5";"07";"2024";"16:30";"1";"13";"13215";"2";"1";"1";"1";"LEDRU ROLLI (BOULEVARD)";"43,34019805";"5,35672170"
"202400007469";"28";"01";"2024";"16:50";"1";"46";"46224";"2";"3";"1";"3";"PILLAT (AVENUE CHARLES)";"44,46930000";"1,41298000"
"202400007470";"5";"07";"2024";"20:00";"1";"13";"13063";"2";"1";"1";"3";"ESPAGNE BOULEVARD D'";"43,59542000";"4,99518000"
"202400007471";"19";"03";"2024";"12:00";"1";"44";"44109";"2";"1";"1";"6";"147 Boulevard des Belges";"47,23510000";" -1,54594000"
"202400007472";"6";"07";"2024";"01:50";"5";"10";"10387";"2";"3";"1";"6";"Avenue Pierre Brossolette";"48,29060000";"4,07580000"
"202400007473";"18";"03";"2024";"09:00";"1";"43";"43140";"2";"1";"1";"6";"RN 88";"45,05646000";"3,91497000"
"202400007474";"18";"03";"2024";"17:50";"1";"42";"42095";"2";"1";"1";"6";"Rue de l'Ouest";"45,38397000";"4,28367000"
"202400007475";"5";"07";"2024";"16:50";"1";"06";"06029";"2";"9";"1";"3";"56 Boulevard Carnot";"43,55941000";"7,01699000"
"202400007476";"6";"07";"2024";"20:43";"1";"02";"02691";"2";"1";"1";"6";"2 Rue Charles Linne";"49,84908000";"3,26863000"
"202400007477";"19";"03";"2024";"17:55";"1";"41";"41018";"2";"1";"1";"4";"CURIE (RUE PIERRE ET MARIE)";"47,59675000";"1,31592000"
"202400007478";"6";"07";"2024";"11:15";"1";"01";"01053";"2";"1";"2";"6";"MAGINOT ( AVENUE ) DE 1A 41";"46,20844000";"5,22756000"
"202400007479";"18";"03";"2024";"17:16";"1";"40";"40192";"2";"3";"7";"3";"AURIOL (AV DU PRESIDENT VINCENT)";"43,89307794";" -0,47238281"
"202400007480";"18";"03";"2024";"18:30";"1";"40";"40088";"1";"1";"1";"7";"GRAVIERES (CHEMIN DES)";"43,68505000";" -1,03512000"
"202400007481";"6";"07";"2024";"12:30";"1";"75";"75119";"2";"1";"1";"3";"BD PERIPHERIQUE INTERIEUR";"48,90049500";"2,37384600"
"202400007482";"22";"02";"2024";"20:20";"2";"40";"40279";"2";"3";"1";"6";"LIBERTE (AVE DE LA)";"43,72095889";" -1,05221309"
"202400007483";"6";"07";"2024";"07:45";"1";"75";"75120";"2";"1";"1";"6";"BD PERIPHERIQUE INTERIEUR";"48,84831600";"2,41476800"
"202400007484";"19";"03";"2024";"07:45";"1";"37";"37261";"2";"1";"1";"3";"STENDHAL (AVENUE)";"47,36815000";"0,70619000"
"202400007485";"6";"07";"2024";"15:30";"1";"75";"75120";"2";"2";"1";"3";"RUE HAXO";"48,87172400";"2,40436100"
"202400007486";"16";"02";"2024";"01:50";"5";"35";"35115";"2";"1";"1";"7";"PRES (RUE DES)";"48,35457864";" -1,19708852"
"202400007487";"5";"07";"2024";"17:20";"1";"75";"75116";"2";"3";"1";"6";"RUE POUSSIN";"48,84881100";"2,26475800"
"202400007488";"19";"03";"2024";"21:15";"5";"33";"33063";"2";"2";"1";"3";"N/A";"44,81953000";" -0,57223000"
"202400007489";"6";"07";"2024";"00:05";"5";"75";"75110";"2";"2";"1";"3";"BOULEVARD DE MAGENTA";"48,87851100";"2,35405000"
"202400007490";"6";"07";"2024";"18:01";"1";"75";"75109";"2";"3";"1";"3";"RUE LA FAYETTE";"48,87651000";"2,34615200"
"202400007491";"6";"07";"2024";"13:27";"1";"75";"75109";"2";"2";"1";"6";"RUE DE ROCHECHOUART";"48,87876700";"2,34534600"
"202400007492";"19";"03";"2024";"18:20";"1";"33";"33063";"2";"3";"1";"3";"N/A";"44,86419000";" -0,57371000"
"202400007493";"6";"07";"2024";"00:51";"5";"75";"75115";"2";"3";"1";"3";"QUAI BRANLY";"48,85529000";"2,28969400"
"202400007494";"19";"03";"2024";"18:20";"1";"33";"33249";"2";"1";"1";"3";"N/A";"44,88114000";" -0,51710000"
"202400007495";"6";"07";"2024";"19:20";"1";"75";"75101";"2";"2";"1";"7";"BOULEVARD DE SEBASTOPOL";"48,86124080";"2,34958693"
"202400007496";"6";"07";"2024";"21:20";"2";"94";"94041";"2";"1";"1";"2";"Avenue de l’Industrie";"48,80937000";"2,40749000"
"202400007497";"6";"07";"2024";"02:00";"3";"94";"94033";"2";"6";"1";"6";"Boulevard du 25 Aout 1944";"48,84430000";"2,47880000"
"202400007498";"5";"07";"2024";"08:44";"1";"94";"94054";"2";"8";"1";"2";"Voie des Saules";"48,74703000";"2,41664000"
"202400007499";"19";"03";"2024";"08:45";"1";"31";"31555";"2";"1";"1";"3";"AV DE LARRIEU";"43,54876455";"1,41635388"
"202400007500";"6";"07";"2024";"18:30";"1";"93";"93027";"2";"1";"1";"3";"Avenue Paul Vaillant-Couturier";"48,92597678";"2,41618886"
"202400007501";"19";"03";"2024";"16:30";"1";"25";"25056";"2";"3";"1";"6";"LAVOISIER RUE";"47,23455000";"5,98411000"
"202400007502";"18";"03";"2024";"08:18";"1";"22";"22113";"2";"1";"1";"2";"R.D.767";"48,74336000";" -3,44373000"
"202400007503";"6";"07";"2024";"15:35";"1";"93";"93047";"2";"2";"1";"3";"GENERAL LECLERC  (RUE DU)";"48,90139000";"2,57042000"
"202400007504";"6";"07";"2024";"00:29";"5";"92";"92051";"2";"1";"1";"3";"HOTEL DE VILLE (RUE DE L', N° 1 A 19)";"48,88300366";"2,26790079"
"202400007505";"19";"03";"2024";"23:30";"3";"16";"16102";"2";"6";"1";"2";"SALLE VERTE (QUAI DE LA)";"45,69439000";" -0,33380000"
"202400007506";"6";"07";"2024";"16:50";"1";"92";"92049";"2";"2";"1";"3";"JAURES AVENUE JEAN N°53 A FIN";"48,81358843";"2,30682921"
"202400007507";"6";"07";"2024";"18:33";"1";"92";"92044";"2";"1";"1";"7";"LORRAINE (RUE DE)";"48,89266000";"2,29596000"
"202400007508";"19";"03";"2024";"16:30";"1";"14";"14118";"2";"6";"1";"2";"48 Rue Pierre Gringoire";"49,17068000";" -0,33980000"
"202400007509";"6";"07";"2024";"16:20";"1";"92";"92035";"2";"3";"1";"6";"Pierre Joigneaux ( rue )";"48,91117523";"2,25465891"
"202400007510";"19";"03";"2024";"20:20";"3";"13";"13117";"1";"1";"1";"2";"CD 9 ESTROUBLANS";"43,42689062";"5,24996116"
"202400007511";"6";"07";"2024";"19:20";"1";"92";"92012";"2";"9";"1";"3";"ANCIENS COMBATTANT (ROND - POINT DES)";"48,84809000";"2,24175000"
"202400007512";"6";"07";"2024";"15:40";"1";"92";"92012";"2";"1";"1";"3";"HEINRICH (RUE)";"48,82700371";"2,24356270"
"202400007513";"18";"03";"2024";"15:35";"1";"13";"13207";"2";"1";"1";"3";"Corniche John Fitzgérald Kennedy";"43,27322000";"5,36308000"
"202400007514";"19";"03";"2024";"16:02";"1";"06";"06088";"2";"1";"1";"6";"Voie Romaine";"43,72349000";"7,28304000"
"202400007515";"6";"07";"2024";"10:50";"1";"976";"97617";"2";"1";"1";"1";"D1";" -12,78964200";"45,13088600"
"202400007516";"18";"03";"2024";"17:50";"1";"06";"06069";"1";"1";"1";"3";"Route de Plascassier";"43,65011000";"6,96019000"
"202400007517";"6";"07";"2024";"05:13";"2";"40";"40291";"1";"1";"1";"2";"A63";"43,67129283";" -1,31883429"
"202400007518";"19";"03";"2024";"11:00";"1";"06";"06029";"1";"1";"1";"2";"Chemin de la Plaine de Laval";"43,55612400";"6,95720680"
"202400007519";"28";"06";"2024";"09:45";"1";"59";"59616";"2";"1";"1";"1";"Rue Jean Jaurès";"50,46637900";"3,54753800"
"202400007520";"7";"07";"2024";"00:30";"5";"06";"06114";"2";"1";"1";"6";"910 Route de la Colle";"43,74987800";"7,29147000"
"202400007521";"19";"03";"2024";"18:00";"2";"75";"75113";"2";"1";"1";"3";"BD PERIPHERIQUE EXTERIEUR";"48,82067400";"2,37678400"
"202400007522";"7";"07";"2024";"14:30";"1";"40";"40065";"2";"1";"1";"6";"13 Rue Jean Rameau";"43,64992800";" -1,44207100"
"202400007523";"18";"03";"2024";"12:55";"1";"75";"75115";"2";"1";"1";"2";"BD PERIPHERIQUE EXTERIEUR";"48,82896600";"2,28856200"
"202400007524";"7";"07";"2024";"04:15";"3";"81";"81139";"1";"2";"1";"6";"la mandouille";"43,66857400";"2,11142400"
"202400007525";"19";"03";"2024";"15:05";"1";"75";"75116";"2";"1";"1";"7";"BD PERIPHERIQUE EXTERIEUR ";"48,83502965";"2,25995797"
"202400007526";"7";"07";"2024";"10:50";"1";"68";"68227";"1";"2";"1";"3";"Roue départementale 4";"48,09736800";"7,49186600"
"202400007527";"18";"03";"2024";"14:38";"1";"75";"75120";"2";"2";"1";"6";"RUE DE BAGNOLET";"48,85657600";"2,39448800"
"202400007528";"7";"07";"2024";"18:30";"5";"974";"97401";"1";"1";"1";"2";"153 Route du Tévelave";" -21,21073900";"55,35692100"
"202400007529";"19";"03";"2024";"16:10";"1";"75";"75106";"2";"4";"1";"6";"BOULEVARD RASPAIL";"48,84522600";"2,32847400"
"202400007530";"6";"07";"2024";"00:30";"5";"972";"97225";"2";"1";"2";"6";"Allée Pécoul au 129";"14,75445000";" -61,16947700"
"202400007531";"19";"03";"2024";"20:20";"5";"75";"75120";"2";"7";"1";"6";"PLACE GAMBETTA";"48,86462500";"2,39876200"
"202400007532";"7";"07";"2024";"19:35";"1";"11";"11067";"1";"1";"1";"6";"rte departementale 6113";"43,21121300";"2,83249900"
"202400007533";"19";"03";"2024";"14:20";"1";"75";"75118";"2";"3";"1";"3";"RUE JOSEPH DE MAISTRE";"48,88872800";"2,33184900"
"202400007534";"7";"07";"2024";"17:40";"1";"01";"01109";"1";"1";"1";"3";"D884";"46,15275400";"5,90974300"
"202400007535";"7";"07";"2024";"00:50";"5";"971";"97109";"2";"1";"2";"6";"Rue Charles Borromée";"15,99131300";" -61,71529600"
"202400007536";"19";"03";"2024";"13:10";"1";"75";"75118";"2";"3";"1";"3";"RUE CAILLIE";"48,88575100";"2,36499300"
"202400007537";"6";"07";"2024";"20:30";"1";"42";"42036";"1";"1";"2";"6";"Rue de la Fontaine Disparue";"45,53560400";"4,55051800"
"202400007538";"7";"07";"2024";"09:00";"1";"51";"51238";"1";"1";"1";"7";"D18";"48,91114800";"3,83723300"
"202400007539";"19";"03";"2024";"20:50";"5";"75";"75117";"2";"3";"1";"7";"AVENUE DE LA GRANDE ARMEE";"48,87683979";"2,28548330"
"202400007540";"7";"07";"2024";"16:40";"1";"77";"77026";"1";"1";"1";"7";"D403";"48,61899500";"3,38518500"
"202400007541";"19";"03";"2024";"16:35";"1";"75";"75117";"2";"1";"1";"6";"BOULEVARD GOUVION SAINT CYR";"48,88517900";"2,29066600"
"202400007542";"19";"03";"2024";"08:25";"1";"75";"75117";"2";"1";"1";"6";"BOULEVARD DE REIMS";"48,88819400";"2,29554200"
"202400007543";"19";"03";"2024";"11:00";"1";"75";"75114";"2";"1";"1";"7";"AVENUE LUCIEN DESCAVES";"48,81761900";"2,33246000"
"202400007544";"7";"07";"2024";"09:45";"1";"80";"80762";"1";"2";"1";"3";"D6";"49,94246600";"3,04353500"
"202400007545";"7";"07";"2024";"15:40";"1";"63";"63168";"1";"1";"1";"7";"chemin de la cartade";"45,74534542";"3,39508653"
"202400007546";"19";"03";"2024";"15:35";"1";"75";"75113";"2";"3";"1";"6";"BOULEVARD KELLERMANN";"48,82080800";"2,35088200"
"202400007547";"6";"07";"2024";"05:30";"3";"61";"61061";"1";"1";"2";"6";"RD918";"48,44444700";"0,89467700"
"202400007548";"19";"03";"2024";"19:45";"5";"75";"75108";"2";"2";"1";"6";"BOULEVARD MALESHERBES";"48,87778200";"2,31629300"
"202400007549";"6";"07";"2024";"07:30";"1";"49";"49018";"1";"1";"2";"7";"Avenue de Chandelais";"47,53076700";" -0,08306800"
"202400007550";"19";"03";"2024";"08:50";"1";"75";"75108";"2";"1";"1";"4";"VOIE GEORGES POMPIDOU";"48,86457700";"2,30384300"
"202400007551";"7";"07";"2024";"18:20";"1";"12";"12066";"2";"1";"1";"6";"route du vallon";"44,41506900";"2,41942200"
"202400007552";"7";"07";"2024";"17:15";"1";"39";"39177";"2";"1";"1";"6";"6 Route de Champagnole";"46,68836300";"5,66181900"
"202400007553";"19";"03";"2024";"10:45";"1";"75";"75106";"2";"3";"1";"6";"RUE BONAPARTE";"48,85025600";"2,33264300"
"202400007554";"7";"07";"2024";"16:15";"1";"44";"44072";"1";"1";"1";"1";"411 Route de la Roche Bernard";"47,48941200";" -2,29743000"
"202400007555";"19";"03";"2024";"17:26";"1";"75";"75104";"2";"2";"1";"6";"RUE DE LA CITE";"48,85564466";"2,34831816"
"202400007556";"6";"07";"2024";"17:00";"1";"44";"44072";"1";"1";"1";"3";"172 route de la roche bernard";"47,46897900";" -2,30834700"
"202400007557";"19";"03";"2024";"17:13";"1";"75";"75104";"2";"2";"1";"6";"RUE DE LA CITE";"48,85563700";"2,34835500"
"202400007558";"6";"07";"2024";"01:10";"4";"35";"35302";"2";"1";"1";"6";"Rue de la Fontaine";"48,17838724";" -2,18167394"
"202400007559";"18";"03";"2024";"18:45";"1";"94";"94078";"2";"3";"1";"5";"Place Pierre Semard / Rue de Verdun";"48,73059000";"2,44685000"
"202400007560";"7";"07";"2024";"11:00";"1";"29";"29162";"2";"1";"1";"3";"Rue des Ardoisiers";"48,19217445";" -3,98473867"
"202400007561";"6";"07";"2024";"22:05";"1";"29";"29048";"1";"1";"1";"7";"Route des Trois Croix";"48,11200276";" -4,01086930"