"Num_Acc";"jour";"mois";"an";"hrmn";"lum";"dep";"com";"agg";"int";"atm";"col";"adr";"lat";"long"
"202400007562";"19";"03";"2024";"08:30";"1";"94";"94003";"2";"1";"1";"6";"Rue de la Citadelle";"48,79831876";"2,33629324"
"202400007563";"6";"07";"2024";"11:55";"1";"31";"31574";"1";"1";"1";"6";"Vernet";"43,43839600";"1,41511200"
"202400007564";"18";"03";"2024";"20:25";"3";"94";"94028";"2";"9";"1";"6";"Avenue du Marechal Lyautey";"48,79026000";"2,44932000"
"202400007565";"7";"07";"2024";"14:45";"1";"38";"38417";"1";"1";"1";"6";"route départementale 1090";"45,39322100";"5,97531800"
"202400007566";"19";"03";"2024";"15:30";"1";"94";"94054";"2";"3";"1";"2";"Route Charles Tillon / impasse du clos pantin";"48,74190000";"2,38623700"
"202400007567";"6";"07";"2024";"14:45";"1";"01";"01216";"1";"1";"3";"6";"D19";"45,73165500";"5,52404200"
"202400007568";"19";"03";"2024";"11:40";"1";"94";"94054";"2";"2";"1";"2";"Rue Paul Vaillant Couturier / Avenue de la Paix";"48,74784000";"2,39857000"
"202400007569";"4";"07";"2024";"08:45";"1";"26";"26063";"2";"3";"7";"6";"Avenue Boissy d’Anglas";"44,27512000";"5,27225700"
"202400007570";"18";"03";"2024";"19:15";"2";"93";"93070";"2";"2";"1";"3";"Rue du Docteur Bauer / Avenue Michelet";"48,90531214";"2,34411973"
"202400007571";"19";"03";"2024";"18:45";"2";"93";"93064";"2";"1";"1";"3";"Boulevard de la Boissière";"48,87558000";"2,46853000"
"202400007572";"7";"07";"2024";"02:37";"3";"72";"72100";"1";"1";"1";"7";"D8";"47,79368300";"0,00536400"
"202400007573";"19";"03";"2024";"12:20";"1";"93";"93064";"2";"1";"1";"3";"Rue Leon Blum";"48,88154900";"2,48165400"
"202400007574";"7";"07";"2024";"13:50";"1";"06";"06119";"1";"1";"1";"1";"Col de la Bonette (Col de montagne)";"44,28889900";"6,89945700"
"202400007575";"19";"03";"2024";"17:10";"1";"93";"93055";"2";"2";"1";"6";"Rue Jules Auffret / Avenue du 8 Mai 1945";"48,89077000";"2,40988500"
"202400007576";"2";"07";"2024";"01:00";"3";"45";"45098";"1";"1";"1";"1";"D951 PR 103 + 396";"47,83781400";"1,78076600"
"202400007577";"19";"03";"2024";"14:00";"1";"93";"93051";"2";"3";"1";"6";"Boulevard George Méliès / Promenade Marco Polo";"48,83970667";"2,54049987"
"202400007578";"6";"07";"2024";"15:40";"1";"64";"64010";"1";"1";"2";"1";"D933";"43,32920500";" -1,01836000"
"202400007579";"19";"03";"2024";"23:00";"3";"93";"93048";"2";"2";"1";"3";"Boulevard Aristide Briand / Rue Saint-Denis";"48,87309000";"2,45369000"
"202400007580";"19";"03";"2024";"10:20";"1";"93";"93032";"2";"2";"1";"3";"Rue Paul Vaillant Couturier / Rue de la Mare";"48,87621000";"2,54970000"
"202400007581";"7";"07";"2024";"08:15";"1";"73";"73100";"2";"6";"1";"3";"D36 / D38";"45,54332100";"5,70313300"
"202400007582";"19";"03";"2024";"20:16";"5";"93";"93010";"2";"1";"1";"3";"Avenue de Rosny";"48,90184000";"2,47079000"
"202400007583";"7";"07";"2024";"02:45";"3";"36";"36194";"1";"1";"1";"6";"N/A";"46,92989800";"1,37691700"
"202400007584";"18";"03";"2024";"08:30";"1";"93";"93007";"2";"3";"1";"6";"Avenue Henri Barbusse";"48,93746000";"2,45916000"
"202400007585";"5";"07";"2024";"20:45";"2";"53";"53211";"1";"1";"1";"6";"chemin de la grande hairie";"48,32925600";" -0,85623900"
"202400007586";"19";"03";"2024";"14:46";"1";"92";"92064";"2";"1";"1";"4";"REPUBLIQUE";"48,84658104";"2,21411777"
"202400007587";"6";"07";"2024";"18:10";"1";"85";"85029";"1";"1";"1";"7";"la brocherie";"46,97226000";" -2,02164000"
"202400007588";"6";"07";"2024";"15:35";"1";"17";"17024";"1";"1";"1";"7";"D950";"46,00712700";" -0,38338400"
"202400007589";"19";"03";"2024";"11:30";"1";"92";"92064";"2";"1";"1";"6";"GOUNOD";"48,84273391";"2,21102679"
"202400007590";"7";"07";"2024";"15:00";"1";"52";"52194";"1";"1";"8";"7";"RD8";"48,58885700";"5,04321800"
"202400007591";"18";"03";"2024";"17:35";"1";"92";"92020";"2";"1";"1";"6";"TIMBAUD RUE JEAN-PIERRE N° IMPAIRS";"48,80087019";"2,28046775"
"202400007592";"18";"03";"2024";"19:10";"5";"92";"92036";"2";"9";"1";"6";"GENERAL DE GAULLE (AVENUE) (43/129)";"48,93381909";"2,31377614"
"202400007593";"6";"07";"2024";"16:00";"1";"973";"97309";"2";"3";"1";"1";"Route de Suzini";"4,92240647";" -52,29055032"
"202400007594";"6";"07";"2024";"09:05";"1";"72";"72339";"1";"1";"1";"6";"A11, PK 188+850";"47,95739900";"0,01819600"
"202400007595";"19";"03";"2024";"08:35";"1";"92";"92012";"2";"1";"1";"6";"ALPHONSE LE GALLO (QUAI) 35/FIN";"48,83727327";"2,22422147"
"202400007596";"6";"07";"2024";"16:18";"1";"89";"89378";"1";"1";"1";"6";"Autoroute A6 sens Paris-Lyon PK208+600";"47,52056600";"3,98846100"
"202400007597";"19";"03";"2024";"07:23";"1";"92";"92004";"2";"1";"1";"6";"ARGENTEUIL AV D'";"48,91517926";"2,28286850"
"202400007598";"19";"03";"2024";"20:15";"3";"24";"24521";"2";"3";"1";"3";"N21";"45,23732800";"0,87215800"
"202400007599";"6";"06";"2024";"13:45";"1";"34";"34270";"1";"1";"1";"3";"A709";"43,56081800";"3,82806500"
"202400007600";"7";"07";"2024";"18:05";"2";"974";"97417";"2";"1";"1";"7";"26 Rue Leconte de Lisle";" -21,36118300";"55,76226700"
"202400007601";"5";"07";"2024";"22:00";"5";"973";"97312";"2";"3";"3";"1";"avenue élie castor";"5,37369900";" -52,95148900"
"202400007602";"6";"07";"2024";"18:00";"1";"29";"29233";"2";"1";"1";"7";"Rue de l’Enfer";"47,86791600";" -3,54891300"
"202400007603";"19";"03";"2024";"17:45";"1";"12";"12053";"1";"2";"1";"2";"D24";"44,43294500";"1,94432300"
"202400007604";"6";"07";"2024";"05:40";"2";"91";"91654";"1";"6";"1";"3";"D90";"48,47371800";"2,42518900"
"202400007605";"10";"03";"2024";"19:35";"3";"83";"83085";"1";"1";"2";"1";"2040 Route de Callas";"43,50655400";"6,56651200"
"202400007606";"6";"07";"2024";"00:38";"3";"91";"91226";"2";"1";"1";"7";"Route de Saudreville";"48,49221500";"2,16524000"
"202400007607";"20";"03";"2024";"17:45";"1";"11";"11041";"1";"1";"1";"3";"N/A";"43,30686500";"2,87123000"
"202400007608";"6";"07";"2024";"21:45";"5";"66";"66175";"1";"6";"3";"6";"rond point souvenir français";"42,54310100";"2,91444000"
"202400007609";"20";"03";"2024";"10:15";"1";"83";"83070";"2";"1";"1";"6";"Boulevard de Lattre de Tassigny";"43,13738900";"6,36839600"
"202400007610";"7";"07";"2024";"11:55";"1";"84";"84068";"1";"1";"1";"1";"Route départementale 943";"43,78465000";"5,34602900"
"202400007611";"19";"03";"2024";"17:50";"1";"24";"24553";"1";"3";"1";"2";"D710 intersection avec rue du chaufournier";"45,23966300";"0,53268700"
"202400007612";"6";"07";"2024";"15:15";"1";"06";"06057";"2";"1";"1";"1";"24 Route de la Grave";"43,83312870";"7,36227110"
"202400007613";"20";"03";"2024";"13:05";"1";"59";"59159";"2";"1";"1";"1";"Rue du Schelfvliet";"50,97813900";"2,21813900"
"202400007614";"7";"07";"2024";"07:00";"1";"54";"54364";"1";"1";"1";"7";"D331";"48,60189947";"6,12020016"
"202400007615";"20";"03";"2024";"21:10";"3";"80";"80620";"2";"1";"1";"6";"D917";"49,93781500";"2,94861700"
"202400007616";"7";"07";"2024";"14:45";"1";"42";"42147";"2";"4";"1";"1";"Rue de la République";"45,60631500";"4,07165800"
"202400007617";"19";"03";"2024";"16:45";"1";"80";"80215";"2";"1";"7";"1";"Devant le 2 route d'Abbeville";"50,14078800";"2,00184000"
"202400007618";"19";"03";"2024";"09:40";"1";"82";"82079";"1";"1";"1";"1";"1975 Route de campsas";"43,90717800";"1,33483400"
"202400007619";"6";"07";"2024";"23:40";"3";"07";"07042";"1";"1";"3";"1";"rd 86 - route de saint marcel";"44,35124300";"4,63880500"
"202400007620";"11";"03";"2024";"17:10";"1";"42";"42149";"2";"1";"1";"6";"Route de Saint Etienne";"45,63331700";"4,24022900"
"202400007621";"7";"07";"2024";"07:07";"1";"01";"01249";"2";"1";"1";"6";"Quai du Rhone";"45,82214900";"4,95736600"
"202400007622";"20";"03";"2024";"10:15";"1";"46";"46131";"2";"2";"1";"3";"Intersection D13 D 38";"44,62703400";"1,82088700"
"202400007623";"7";"07";"2024";"11:05";"1";"60";"60116";"2";"1";"1";"1";"Rue Herminie";"49,32079500";"2,32950400"
"202400007624";"19";"03";"2024";"18:30";"2";"68";"68258";"1";"9";"1";"2";"rue de cernay";"47,82636700";"7,28537300"
"202400007625";"18";"03";"2024";"01:00";"3";"29";"29207";"1";"6";"1";"6";"Carrefour de la Vieille Roche.";"48,56315678";" -3,82994767"
"202400007626";"7";"07";"2024";"02:45";"3";"80";"80541";"1";"1";"1";"1";"D930";"49,63592500";"2,52496700"
"202400007627";"20";"03";"2024";"15:20";"1";"15";"15261";"2";"3";"1";"2";"RD 678";"45,22633500";"2,35496900"
"202400007628";"7";"07";"2024";"13:15";"1";"80";"80002";"1";"1";"1";"2";"A1";"49,84279800";"2,83103900"
"202400007629";"18";"03";"2024";"13:35";"1";"70";"70363";"2";"6";"1";"3";"D58";"47,63984600";"6,07643700"
"202400007630";"20";"03";"2024";"17:10";"1";"06";"06090";"2";"1";"1";"1";"1140 Route de la Fenerie";"43,58387000";"6,92370700"
"202400007631";"6";"07";"2024";"19:00";"1";"62";"62865";"2";"3";"1";"6";"D50";"50,33221000";"2,97685093"
"202400007632";"17";"03";"2024";"06:30";"1";"10";"10055";"2";"1";"1";"6";"10 Rue des Tilleuls";"48,13208900";"4,36186300"
"202400007633";"7";"07";"2024";"01:00";"3";"59";"59379";"1";"1";"1";"3";"D132";"50,28765300";"3,23058100"
"202400007634";"18";"03";"2024";"01:00";"3";"24";"24197";"1";"1";"1";"6";"Route du Chardonnay";"44,89630100";"0,43931900"
"202400007635";"5";"07";"2024";"22:35";"3";"13";"13106";"1";"1";"1";"3";"A7-Sens Marseille vers Lyon";"43,38449000";"5,35104000"
"202400007636";"19";"03";"2024";"17:00";"1";"27";"27129";"1";"9";"1";"2";"Route d?Orbec";"49,07422400";"0,52367400"
"202400007637";"2";"07";"2024";"04:47";"3";"13";"13215";"1";"1";"1";"2";"A7-Sens Marseille vers Lyon";"43,37361297";"5,36106253"
"202400007638";"20";"03";"2024";"07:50";"1";"37";"37085";"1";"1";"1";"1";"D83";"47,25146327";"0,89492244"
"202400007639";"5";"07";"2024";"14:10";"1";"13";"13212";"1";"1";"1";"7";"A507 sens Marseille - Aubagne";"43,31208482";"5,42426348"
"202400007640";"19";"03";"2024";"17:30";"1";"24";"24168";"1";"9";"1";"3";"N21";"44,70026400";"0,56502300"
"202400007641";"5";"07";"2024";"18:15";"1";"91";"91617";"1";"1";"1";"2";"RN 104";"48,63814582";"2,53519714"
"202400007642";"20";"03";"2024";"08:00";"1";"06";"06030";"1";"1";"1";"4";"A8 PK 161.500 SUD";"43,56818070";"6,97372090"
"202400007643";"5";"07";"2024";"15:20";"1";"91";"91617";"1";"1";"1";"2";"RN6 PROVINCE / RN104 INT";"48,63740000";"2,53534000"
"202400007644";"6";"07";"2024";"07:17";"2";"92";"92050";"1";"1";"1";"6";"A86";"48,90337154";"2,20555861"
"202400007645";"18";"03";"2024";"14:55";"1";"86";"86123";"1";"1";"1";"2";"A10";"46,49348900";"0,08435300"
"202400007646";"5";"07";"2024";"02:00";"3";"93";"93064";"1";"1";"1";"2";"A86";"48,87120979";"2,48194230"
"202400007647";"19";"03";"2024";"15:30";"1";"987";"98722";"1";"1";"2";"1";"PK 25.500 C/MONT TIAREI";" -17,59200000";" -149,39100000"
"202400007648";"19";"03";"2024";"11:20";"1";"971";"97128";"1";"1";"1";"2";"D115";"16,28505600";" -61,34559600"
"202400007649";"5";"07";"2024";"20:15";"1";"95";"95500";"1";"1";"1";"5";"A15";"49,03909404";"2,08598414"
"202400007650";"20";"03";"2024";"03:00";"3";"2B";"2B313";"1";"1";"1";"7";"Départementale 34 - route de San Nicolao";"42,37734600";"9,51604800"
"202400007651";"5";"07";"2024";"20:30";"1";"93";"93048";"1";"1";"1";"2";"A86";"48,86636948";"2,48142569"
"202400007652";"19";"03";"2024";"18:50";"2";"34";"34017";"1";"1";"1";"6";"D613";"43,47364800";"3,47137900"
"202400007653";"5";"07";"2024";"18:00";"1";"95";"95572";"1";"1";"1";"3";"N184";"49,04618222";"2,13069058"
"202400007654";"6";"07";"2024";"06:25";"1";"94";"94028";"1";"1";"1";"6";"A86";"48,80301088";"2,44831306"
"202400007655";"20";"03";"2024";"18:30";"1";"01";"01249";"1";"1";"1";"1";"645 Route de Rillieux";"45,82889900";"4,93873600"
"202400007656";"5";"07";"2024";"07:00";"1";"93";"93051";"1";"1";"1";"6";"A4";"48,83620546";"2,55596320"
"202400007657";"17";"03";"2024";"02:00";"5";"09";"09331";"2";"6";"1";"6";"D820";"43,18454200";"1,60992600"
"202400007658";"5";"07";"2024";"13:00";"1";"988";"98818";"2";"2";"8";"6";"RUE DE VERDUN";" -22,27265000";"166,44010000"
"202400007659";"19";"03";"2024";"19:40";"5";"33";"33438";"2";"2";"1";"3";"N/A";"44,57238300";" -0,23947300"
"202400007660";"3";"07";"2024";"15:45";"1";"974";"97411";"2";"1";"1";"2";"RN2/043";" -20,89072000";"55,50106000"
"202400007661";"19";"03";"2024";"19:10";"2";"35";"35072";"1";"3";"1";"3";"Lieu Dit les Fagueries";"48,22964400";" -1,19926900"
"202400007662";"5";"07";"2024";"13:00";"1";"974";"97407";"2";"9";"1";"6";"MONDON (AVENUE)";" -20,93442000";"55,30809000"
"202400007663";"20";"03";"2024";"08:00";"1";"76";"76343";"1";"1";"1";"3";"D 129";"49,63618900";"1,65211200"
"202400007664";"5";"07";"2024";"08:50";"1";"69";"69387";"2";"2";"1";"3";"Cours Gambetta";"45,75044386";"4,85694222"
"202400007665";"5";"07";"2024";"07:45";"1";"972";"97213";"1";"1";"1";"4";"AUTOROUTE (A1)";"14,61796000";" -61,03306000"
"202400007666";"19";"03";"2024";"19:15";"2";"60";"60575";"1";"1";"1";"5";"Rd 1001";"49,27669396";"2,20442137"
"202400007667";"19";"03";"2024";"19:30";"5";"80";"80479";"2";"1";"1";"6";"105 rue de normandie";"49,77330700";"1,85302600"
"202400007668";"2";"07";"2024";"11:45";"1";"69";"69202";"2";"2";"1";"2";"Rue Commandant Charcot";"45,74957044";"4,79567261"
"202400007669";"18";"03";"2024";"17:24";"1";"13";"13210";"2";"9";"1";"6";"A50-Sens Marseille vers Aubagne";"43,28257000";"5,39438000"
"202400007670";"5";"07";"2024";"15:00";"1";"971";"97120";"2";"3";"1";"7";"CIMETIERE (RUE DU)";"16,24539000";" -61,53809000"
"202400007671";"17";"03";"2024";"21:22";"3";"13";"13071";"1";"1";"1";"6";"A7-Sens Lyon vers Marseille";"43,40466068";"5,31696557"
"202400007672";"5";"07";"2024";"06:30";"1";"971";"97101";"1";"1";"1";"6";"RN11";"16,27560000";" -61,52022000"
"202400007673";"19";"03";"2024";"15:50";"1";"33";"33122";"1";"1";"1";"2";"N/A";"44,74278000";" -0,70731000"
"202400007674";"4";"07";"2024";"12:30";"1";"971";"97101";"1";"1";"1";"2";"CARAQUE";"16,24102000";" -61,49571000"
"202400007675";"15";"03";"2024";"07:05";"1";"59";"59478";"1";"1";"2";"4";"AUTOROUTE A25";"50,93141000";"2,46993000"
"202400007676";"28";"06";"2024";"17:00";"1";"971";"97120";"2";"3";"1";"2";"PAUL LACAVE";"16,24246000";" -61,53312000"
"202400007677";"5";"07";"2024";"14:00";"1";"2A";"2A004";"2";"1";"1";"6";"NAPOLEON III AVENUE PAIR";"41,92648000";"8,73464000"
"202400007678";"5";"07";"2024";"14:00";"1";"95";"95563";"2";"2";"1";"3";"PASTEUR (RUE)";"49,02063000";"2,24325000"
"202400007679";"5";"07";"2024";"10:00";"1";"91";"91103";"2";"4";"1";"3";"RUE EDOUARD DANAUX";"48,60274000";"2,28715000"
"202400007680";"4";"07";"2024";"11:35";"1";"91";"91201";"2";"1";"1";"6";"RUE EUGENE DELACROIX";"48,67910000";"2,42485000"
"202400007681";"6";"07";"2024";"00:55";"5";"91";"91687";"2";"9";"1";"2";"VICTOR SCHOELCHER (AVENUE)";"48,64806000";"2,36675000"
"202400007682";"6";"07";"2024";"00:05";"5";"91";"91027";"2";"1";"1";"2";"AV FRANCOIS MITTERRAND";"48,70580100";"2,36776600"
"202400007683";"3";"07";"2024";"22:00";"5";"91";"91027";"2";"2";"1";"3";"AV FRANCOIS MITTERRAND";"48,71615000";"2,37102000"
"202400007684";"4";"07";"2024";"18:30";"1";"91";"91228";"1";"2";"1";"2";"AV PAUL DELOUVRIER";"48,62221000";"2,41666000"
"202400007685";"3";"07";"2024";"17:55";"1";"89";"89024";"2";"9";"1";"3";"MARECHAL JUIN (AVENUE)";"47,79288000";"3,58750000"
"202400007686";"4";"07";"2024";"20:01";"1";"87";"87085";"1";"1";"1";"6";"RD941 (OUEST)";"45,83491000";"1,21536000"
"202400007687";"4";"07";"2024";"15:04";"1";"87";"87038";"1";"3";"1";"3";"RN520 (COUZEIX)";"45,90184000";"1,22867000"
"202400007688";"2";"07";"2024";"20:25";"1";"85";"85194";"2";"1";"1";"2";"Rue de la pironnière";"46,48010000";" -1,75269000"
"202400007689";"5";"07";"2024";"14:05";"1";"84";"84031";"2";"1";"1";"2";"MISTRAL AVENUE FREDERIC";"44,04917000";"5,03661000"
"202400007690";"6";"07";"2024";"00:55";"5";"84";"84007";"2";"3";"1";"6";"SAINT LAZARE (Boulevard)";"43,95168000";"4,81939000"
"202400007691";"5";"07";"2024";"16:15";"1";"84";"84007";"2";"3";"1";"3";"PRIEURE (RUE DU)";"43,93415000";"4,86990000"
"202400007692";"4";"07";"2024";"13:06";"1";"84";"84007";"2";"1";"1";"6";"CARDINAL BERTRAND (Cours)-MONTFAVET";"43,92669000";"4,87715000"
"202400007693";"5";"07";"2024";"21:30";"1";"80";"80379";"2";"1";"1";"7";"D1029";"49,86815300";"2,37965100"
"202400007694";"5";"07";"2024";"14:45";"1";"80";"80021";"2";"1";"1";"7";"Rue des Prémontrés";"49,89459000";"2,28239000"
"202400007695";"5";"07";"2024";"12:40";"1";"80";"80021";"2";"1";"1";"7";"Rue Georges Beauvais";"49,87436000";"2,28790000"
"202400007696";"5";"07";"2024";"22:50";"5";"78";"78621";"1";"6";"1";"4";"DREUX (ROUTE DE)";"48,77955000";"2,00815000"
"202400007697";"5";"07";"2024";"20:40";"1";"77";"77350";"2";"3";"1";"6";"AV DU GENERAL LECLERC";"48,77185000";"2,67545000"
"202400007698";"5";"07";"2024";"20:20";"1";"76";"76216";"2";"1";"1";"6";"Route de Dieppe";"49,46965000";"1,05032000"
"202400007699";"4";"07";"2024";"14:40";"1";"69";"69029";"2";"1";"1";"6";"Boulevard Pinel";"45,73371978";"4,88908678"
"202400007700";"5";"07";"2024";"17:45";"1";"67";"67482";"2";"3";"1";"3";"FORET NOIRE (AVENUE DE LA)";"48,58306000";"7,77230000"
"202400007701";"5";"07";"2024";"14:35";"1";"67";"67043";"2";"2";"1";"3";"BISCHWILLER (ROUTE DE)";"48,61407000";"7,75219000"
"202400007702";"3";"07";"2024";"19:30";"1";"65";"65440";"2";"5";"1";"3";"CRONSTADT (RUE DE)";"43,22852533";"0,07507991"
"202400007703";"5";"07";"2024";"18:30";"1";"64";"64129";"2";"1";"1";"6";"TONKIN DU";"43,31491000";" -0,38451000"
"202400007704";"5";"07";"2024";"18:30";"1";"64";"64129";"2";"6";"1";"3";"PIEDMONT DU";"43,30523000";" -0,40124000"
"202400007705";"5";"07";"2024";"13:15";"1";"64";"64445";"2";"4";"1";"3";"LEON SAY";"43,29411000";" -0,36345000"
"202400007706";"4";"07";"2024";"18:00";"1";"64";"64269";"1";"1";"1";"4";"BEARN DU";"43,30249000";" -0,30821000"
"202400007707";"4";"07";"2024";"15:10";"1";"64";"64122";"2";"1";"1";"3";"IMPERATRICE (AVENUE DE L')";"43,48912000";" -1,55283000"
"202400007708";"5";"07";"2024";"17:41";"1";"64";"64024";"2";"3";"7";"3";"BIARRITZ (AVENUE DE)";"43,48016000";" -1,52241000"
"202400007709";"6";"07";"2024";"00:45";"5";"63";"63113";"2";"3";"1";"3";"BARBUSSE (RUE HENRI)";"45,78269000";"3,08657000"
"202400007710";"5";"07";"2024";"09:45";"1";"62";"62758";"2";"1";"3";"6";"Route de Saint Omer";"50,72513639";"1,62834334"
"202400007711";"5";"07";"2024";"17:50";"1";"59";"59291";"2";"2";"1";"6";"MARECHAL LECLERC (AVENUE DU)";"50,24405000";"3,91277000"
"202400007712";"6";"07";"2024";"00:01";"5";"59";"59350";"2";"1";"1";"3";"Pont de Fives ";"50,63337000";"3,08174000"
"202400007713";"5";"07";"2024";"19:30";"1";"59";"59350";"2";"3";"8";"1";"Rue Ernest Loyer";"50,64696000";"2,97911000"
"202400007714";"4";"07";"2024";"12:20";"1";"56";"56162";"2";"1";"1";"6";"Route du Courégant";"47,70431000";" -3,45874000"
"202400007715";"5";"07";"2024";"13:25";"1";"54";"54395";"2";"1";"1";"2";"Boulevard Lobau";"48,68135200";"6,19797100"
"202400007716";"5";"07";"2024";"08:45";"1";"54";"54304";"2";"2";"1";"2";"Avenue de la Résistance";"48,69421400";"6,13181700"
"202400007717";"4";"07";"2024";"16:10";"1";"51";"51454";"2";"1";"1";"2";"GARNIER (RUE FRANCIS)";"49,28815000";"4,02345000"
"202400007718";"5";"07";"2024";"14:05";"1";"49";"49007";"2";"3";"1";"3";"MOULIN BOULEVARD";"47,49162000";" -0,55744000"
"202400007719";"5";"07";"2024";"13:20";"1";"49";"49007";"2";"1";"1";"2";"COUBERTIN BOULEVARD";"47,46325000";" -0,55242000"
"202400007720";"5";"07";"2024";"14:45";"1";"45";"45234";"2";"2";"1";"3";"52 Rue Maurice Dubois";"47,92227400";"1,89238500"
"202400007721";"5";"07";"2024";"20:35";"1";"41";"41018";"2";"1";"1";"1";"VILLOISEAU (RUE DE)";"47,59874000";"1,29409000"
"202400007722";"5";"07";"2024";"09:42";"1";"41";"41018";"2";"1";"1";"6";"BOURG SAINT JEAN (RUE DU)";"47,58898000";"1,33908000"
"202400007723";"6";"07";"2024";"00:01";"5";"38";"38185";"2";"2";"1";"1";"LESDIGUIERES (RUE)      8 A GAMBETTA";"45,18613041";"5,72467893"
"202400007724";"5";"07";"2024";"20:45";"1";"37";"37233";"2";"3";"1";"1";"GRAND COUR (RUE DE LA)";"47,38917000";"0,71524000"
"202400007725";"5";"07";"2024";"18:25";"1";"37";"37233";"2";"1";"1";"2";"DUCLOS (AVENUE JACQUES)";"47,37960000";"0,72367000"
"202400007726";"5";"07";"2024";"17:45";"1";"37";"37261";"2";"9";"1";"3";"BERANGER (BOULEVARD)";"47,39001000";"0,68629000"
"202400007727";"5";"07";"2024";"15:15";"1";"36";"36044";"2";"1";"1";"3";"Rue Victor Hugo";"46,81092800";"1,69197100"
"202400007728";"5";"07";"2024";"15:20";"1";"35";"35051";"2";"1";"1";"3";"BRAY (RUE DE)";"48,10777000";" -1,61503000"
"202400007729";"5";"07";"2024";"15:15";"1";"35";"35051";"1";"1";"1";"4";"EST (ROCADE)";"48,09933000";" -1,61425000"
"202400007730";"5";"07";"2024";"12:20";"1";"35";"35051";"1";"1";"1";"3";"PORTE DE LA RIGOURDIERE";"48,13333000";" -1,57434000"
"202400007731";"5";"07";"2024";"20:00";"1";"33";"33281";"2";"1";"1";"2";"N/A";"44,84038800";" -0,62884500"
"202400007732";"6";"07";"2024";"01:26";"3";"29";"29019";"1";"1";"1";"2";"route du Vieux Saint-Marc";"48,39488177";" -4,43824344"
"202400007733";"5";"07";"2024";"13:40";"1";"22";"22278";"2";"2";"1";"6";"FERRY (JULES)";"48,50157000";" -2,76935000"
"202400007734";"2";"07";"2024";"15:55";"1";"22";"22113";"2";"1";"1";"4";"RESISTANCE (AVENUE DE LA)";"48,73004464";" -3,46497685"
"202400007735";"4";"07";"2024";"23:30";"5";"16";"16358";"2";"3";"1";"1";"N/A";"45,66223000";"0,13448000"
"202400007736";"4";"07";"2024";"11:50";"1";"15";"15014";"1";"1";"2";"7";" RN 122";"44,90077000";"2,41659000"
"202400007737";"6";"05";"2024";"16:45";"1";"14";"14118";"2";"9";"1";"3";"1 Rue Claude Bloch";"49,21075000";" -0,35915900"
"202400007738";"27";"06";"2024";"00:50";"5";"13";"13077";"2";"1";"1";"6";"SEMARD PIERRE (bld)";"43,40670000";"4,99059000"
"202400007739";"5";"07";"2024";"18:00";"1";"13";"13214";"2";"9";"1";"1";"ROLAND DORGELES (BOULEVARD)";"43,34845000";"5,37700000"
"202400007740";"5";"07";"2024";"02:30";"5";"13";"13208";"2";"1";"1";"3";"HAMBOURG (BOULEVARD)";"43,25100000";"5,38920000"
"202400007741";"4";"07";"2024";"20:29";"1";"13";"13207";"2";"1";"1";"3";"CHARLES LIVON (BOULEVARD)";"43,29217000";"5,35973000"
"202400007742";"5";"07";"2024";"10:30";"1";"12";"12145";"1";"4";"1";"3";"D911";"44,13844393";"3,02589785"
"202400007743";"5";"07";"2024";"18:45";"1";"06";"06069";"2";"9";"1";"5";"5 Boulevard Marcel Pagnol";"43,64526000";"6,94174000"
"202400007744";"5";"07";"2024";"16:15";"1";"06";"06069";"1";"1";"1";"3";"193 Route d’Auribeau";"43,62526000";"6,91523000"
"202400007745";"5";"07";"2024";"18:30";"1";"06";"06027";"2";"1";"1";"3";"98 Avenue de Nice";"43,65916500";"7,16546600"
"202400007746";"5";"07";"2024";"11:15";"1";"04";"04112";"2";"1";"1";"6";"CLEMENCEAU (BD. G.)";"43,83757000";"5,77827000"
"202400007747";"5";"07";"2024";"22:40";"5";"03";"03185";"2";"1";"1";"2";"Rue Florane";"46,33297000";"2,61467000"
"202400007748";"5";"07";"2024";"12:00";"1";"75";"75117";"2";"1";"1";"7";"BD PERIPHERIQUE INTERIEUR";"48,89968500";"2,31964000"
"202400007749";"4";"07";"2024";"08:40";"1";"75";"75118";"2";"1";"1";"5";"PORTE DE CLIGNANCOURT";"48,90070100";"2,33445200"
"202400007750";"4";"07";"2024";"00:15";"5";"75";"75113";"2";"1";"1";"2";"QUAI D IVRY";"48,82621500";"2,38778000"
"202400007751";"5";"07";"2024";"15:20";"1";"75";"75120";"2";"7";"1";"1";"PORTE DE MONTREUIL";"48,85361800";"2,41428500"
"202400007752";"4";"07";"2024";"17:00";"1";"75";"75120";"2";"2";"1";"1";"RUE DE LAGNY";"48,84893500";"2,40653900"
"202400007753";"5";"07";"2024";"01:10";"5";"75";"75116";"2";"2";"1";"3";"ROUTE DE LA MUETTE A NEUILLY";"48,87250200";"2,26438600"
"202400007754";"5";"07";"2024";"13:15";"1";"75";"75114";"2";"3";"1";"6";"RUE DU GENERAL HUMBERT";"48,82686800";"2,30674700"
"202400007755";"14";"07";"2024";"12:35";"1";"84";"84065";"1";"1";"1";"6";"Chemin de Puget";"43,75450800";"5,28486400"