"Num_Acc";"jour";"mois";"an";"hrmn";"lum";"dep";"com";"agg";"int";"atm";"col";"adr";"lat";"long"
"202400007948";"24";"04";"2024";"11:57";"1";"77";"77243";"2";"1";"1";"6";"SAINT DENIS  (RUE   )";"48,87855000";"2,70530000"
"202400007949";"14";"09";"2024";"21:00";"3";"22";"22093";"1";"1";"1";"6";"N 12 LA PETITE CHAPELLE";"48,45455000";" -2,49294700"
"202400007950";"25";"11";"2024";"10:27";"1";"49";"49007";"2";"8";"2";"3";"JEAN XXIII AVENUE";"47,44700120";" -0,56126565"
"202400007951";"13";"09";"2024";"13:00";"1";"971";"97132";"2";"1";"1";"6";"Chemin de la Coulisse";"15,97552200";" -61,63530200"
"202400007952";"24";"04";"2024";"17:25";"1";"76";"76341";"1";"1";"1";"4";"RD 6015";"49,50763675";"0,19560814"
"202400007953";"26";"11";"2024";"16:30";"1";"46";"46042";"2";"1";"1";"6";"BASTIE (AVENUE MARYSE)";"44,45665688";"1,42583656"
"202400007954";"25";"04";"2024";"07:00";"1";"76";"76414";"2";"1";"1";"6";"RD 485";"49,91227000";"1,10579000"
"202400007955";"15";"09";"2024";"06:00";"3";"50";"50487";"1";"1";"1";"3";"A84";"48,50153448";" -1,34459406"
"202400007956";"26";"11";"2024";"13:32";"1";"45";"45232";"2";"6";"1";"3";"1215 Rue Marcel Belot";"47,85692200";"1,90296400"
"202400007957";"25";"04";"2024";"19:20";"1";"74";"74012";"2";"1";"1";"6";"VALLEES (ROUTE DES)";"46,19244100";"6,24579500"
"202400007958";"26";"11";"2024";"09:30";"1";"45";"45235";"2";"7";"8";"6";"106 Rue Nationale";"47,94087000";"1,82083000"
"202400007959";"24";"04";"2024";"15:25";"1";"71";"71270";"2";"1";"1";"6";"GAMBETTA (RUE)";"46,30245000";"4,83001000"
"202400007960";"14";"09";"2024";"13:50";"1";"35";"35251";"1";"2";"1";"3";"D175";"48,24729700";" -1,61933500"
"202400007961";"26";"11";"2024";"18:30";"5";"44";"44109";"2";"1";"1";"6";"25 Boulevard Emile Romanet";"47,21020000";" -1,60341000"
"202400007962";"15";"09";"2024";"00:05";"3";"57";"57674";"1";"1";"1";"6";"D74";"48,91186700";"6,40717500"
"202400007963";"25";"04";"2024";"22:10";"5";"69";"69266";"2";"6";"1";"3";"Rue Gabriel Péri";"45,77228000";"4,86591000"
"202400007964";"25";"11";"2024";"17:25";"5";"43";"43157";"2";"2";"6";"3";"Rue des Tanneries";"45,03986000";"3,88684000"
"202400007965";"25";"04";"2024";"21:45";"5";"69";"69256";"2";"3";"1";"3";"Avenue de Böhlen";"45,76464318";"4,91927819"
"202400007966";"13";"08";"2024";"15:45";"1";"19";"19276";"1";"1";"1";"1";"D920";"45,40162224";"1,57260901"
"202400007967";"22";"11";"2024";"20:00";"5";"40";"40088";"2";"1";"1";"6";"CARNOT (BOULEVARD)";"43,71226000";" -1,06136000"
"202400007968";"25";"04";"2024";"06:15";"5";"69";"69259";"2";"2";"1";"3";"Rue Abbé Glasberg";"45,69235000";"4,87294000"
"202400007969";"14";"09";"2024";"14:20";"1";"56";"56185";"1";"1";"1";"1";"Kerigeard";"47,77847300";" -3,45567200"
"202400007970";"25";"04";"2024";"11:40";"1";"65";"65440";"2";"1";"1";"3";"Boulevard du President Kennedy";"43,21945000";"0,08584000"
"202400007971";"20";"11";"2024";"16:30";"1";"40";"40279";"2";"1";"1";"4";"LIBERTE (AVE DE LA)";"43,72284000";" -1,05154000"
"202400007972";"26";"04";"2024";"02:40";"5";"64";"64189";"2";"1";"2";"7";"RAVEL MAURICE (QUA)I";"43,38452000";" -1,66640000"
"202400007973";"15";"11";"2024";"11:12";"1";"38";"38544";"2";"1";"1";"6";"BERTHELOT(AV)";"45,53845000";"4,87156000"
"202400007974";"25";"04";"2024";"09:12";"1";"64";"64024";"2";"6";"3";"3";"COMPAGNET (GIRATOIRE DE)";"43,46017000";" -1,49635000"
"202400007975";"26";"11";"2024";"20:05";"5";"35";"35238";"2";"1";"1";"6";"ESPAGNE (D')";"48,08663691";" -1,67212587"
"202400007976";"25";"04";"2024";"09:00";"1";"63";"63113";"2";"1";"1";"3";"PRE COMTAL (RUE DE)";"45,80159000";"3,13051000"
"202400007977";"15";"09";"2024";"15:45";"1";"56";"56126";"1";"1";"1";"1";"Le Pont";"47,52613800";" -2,30924200"
"202400007978";"24";"04";"2024";"14:30";"1";"62";"62498";"2";"1";"1";"3";"Rue Robert Schuman";"50,44253007";"2,82549477"
"202400007979";"26";"11";"2024";"08:15";"1";"35";"35238";"1";"1";"1";"2";"PORTE DE NANTES";"48,08051000";" -1,67652000"
"202400007980";"15";"09";"2024";"17:36";"1";"76";"76554";"1";"1";"1";"7";"D93";"49,48550540";"1,34767056"
"202400007981";"24";"04";"2024";"17:30";"1";"62";"62274";"2";"1";"1";"1";"D161";"50,44022000";"2,99506000"
"202400007982";"19";"04";"2024";"08:40";"1";"62";"62510";"2";"9";"1";"6";"D58E4";"50,42087000";"2,77734000"
"202400007983";"15";"09";"2024";"10:10";"1";"81";"81136";"1";"1";"1";"7";"D964";"44,01835730";"1,67752800"
"202400007984";"25";"11";"2024";"15:50";"1";"34";"34032";"2";"1";"1";"6";"MOULIN JEAN (AV)";"43,34798000";"3,22197000"
"202400007985";"23";"04";"2024";"07:45";"1";"62";"62624";"2";"1";"7";"3";"Avenue de la République";"50,41451000";"2,98408000"
"202400007986";"14";"09";"2024";"18:20";"1";"81";"81217";"1";"1";"1";"7";"Route de Monclar";"43,98072600";"1,70640000"
"202400007987";"26";"11";"2024";"12:10";"1";"33";"33063";"2";"1";"1";"2";"N/A";"44,86078000";" -0,61384000"
"202400007988";"11";"04";"2024";"16:50";"1";"61";"61006";"1";"1";"1";"2";"D240";"48,72319900";"0,00340700"
"202400007989";"15";"09";"2024";"18:30";"1";"39";"39500";"1";"1";"1";"6";"N/A";"46,95825900";"5,88601100"
"202400007990";"6";"11";"2024";"15:12";"1";"33";"33281";"2";"9";"8";"3";"N/A";"44,83310000";" -0,69740000"
"202400007991";"25";"04";"2024";"07:30";"1";"59";"59512";"2";"2";"1";"3";"MULHOUSE (BOULEVARD DE)";"50,68457000";"3,19260000"
"202400007992";"26";"11";"2024";"18:45";"5";"31";"31555";"2";"7";"1";"6";"PL JEANNE D ARC";"43,60867000";"1,44612000"
"202400007993";"25";"04";"2024";"19:29";"2";"59";"59271";"2";"1";"1";"3";"RD 601";"51,02320000";"2,30761000"
"202400007994";"14";"09";"2024";"14:15";"1";"44";"44096";"1";"2";"1";"3";"la Poibeliere";"47,44637100";" -1,20555600"
"202400007995";"24";"04";"2024";"17:50";"1";"59";"59024";"2";"1";"1";"3";"DOUAI (RUE DE)";"50,33417142";"3,22447839"
"202400007996";"23";"10";"2024";"17:30";"1";"30";"30189";"2";"1";"1";"7";"JOLIOT CURIE (AVENUE)";"43,81090000";"4,30860000"
"202400007997";"14";"09";"2024";"15:00";"1";"38";"38134";"1";"1";"1";"6";"D37";"45,44137500";"5,04508500"
"202400007998";"25";"04";"2024";"11:35";"1";"56";"56260";"2";"1";"1";"2";"Avenue Victor Hugo";"47,66354000";" -2,75585000"
"202400007999";"26";"11";"2024";"17:00";"2";"30";"30007";"2";"3";"1";"3";"FERREOL (QUAI)";"44,12388000";"4,07101000"
"202400008000";"15";"09";"2024";"00:40";"3";"38";"38134";"1";"1";"1";"7";"D538";"45,45001600";"4,99465900"
"202400008001";"24";"04";"2024";"08:10";"1";"56";"56098";"2";"2";"7";"3";"Avenue Commune de Paris";"47,77189000";" -3,33873000"
"202400008002";"25";"11";"2024";"12:10";"1";"29";"29019";"2";"1";"1";"1";"chemin du Vern";"48,39310000";" -4,54020000"
"202400008003";"25";"04";"2024";"08:20";"1";"54";"54025";"2";"3";"1";"3";"Avenue de la Chartreuse";"48,66189000";"6,24706000"
"202400008004";"25";"11";"2024";"08:35";"2";"29";"29019";"2";"6";"2";"2";"boulevard de l'Europe";"48,41277000";" -4,50757700"
"202400008005";"24";"04";"2024";"17:40";"1";"54";"54304";"2";"1";"3";"6";"Rue de la Mortagne";"48,69958000";"6,13367000"
"202400008006";"15";"09";"2024";"17:39";"1";"38";"38175";"1";"1";"1";"5";"D10a";"45,27234100";"5,91476300"
"202400008007";"20";"11";"2024";"13:55";"1";"28";"28220";"2";"6";"1";"3";"LIBERTE (RUE DE LA)";"48,42755000";"1,46837000"
"202400008008";"24";"04";"2024";"09:38";"1";"54";"54328";"2";"9";"1";"6";"Avenue du Bon Curé";"48,61694000";"6,17427000"
"202400008009";"26";"11";"2024";"18:04";"5";"27";"27681";"2";"1";"1";"6";"ILE DE FRANCE (AVENUE DE L')";"49,07640000";"1,50979000"
"202400008010";"15";"09";"2024";"18:00";"1";"02";"02422";"2";"1";"1";"1";"N/A";"49,93040300";"3,62234600"
"202400008011";"15";"09";"2024";"11:15";"1";"02";"02649";"2";"1";"1";"4";"Rue Jean de la Fontaine";"49,15220100";"3,38738900"
"202400008012";"25";"04";"2024";"16:35";"1";"53";"53130";"2";"1";"1";"3";"VOLNEY ( BOULEVARD )";"48,05631000";" -0,79705000"
"202400008013";"14";"09";"2024";"11:45";"1";"02";"02305";"1";"1";"1";"6";"N/A";"49,13160500";"3,52161200"
"202400008014";"26";"11";"2024";"17:20";"3";"25";"25056";"1";"1";"1";"2";"RN 1057 (ROUTE DE GRAY-CH.EPITAPHE)";"47,26532000";"6,00499000"
"202400008015";"24";"04";"2024";"19:50";"1";"50";"50129";"2";"1";"1";"2";"ROUGES TERRES (LES)";"49,60890000";" -1,59988000"
"202400008016";"14";"09";"2024";"16:45";"1";"03";"03043";"1";"1";"1";"1";"Route du Pain Benit";"46,23081200";"3,28379600"
"202400008017";"26";"11";"2024";"17:20";"2";"17";"17306";"2";"1";"1";"6";"HEDDE (AVENUE DANIEL)";"45,63498000";" -1,02900000"
"202400008018";"25";"04";"2024";"11:35";"1";"43";"43157";"2";"9";"1";"3";"7 Avenue Marechal Foch";"45,04072000";"3,88833000"
"202400008019";"15";"09";"2024";"15:20";"1";"01";"01391";"1";"1";"1";"7";"Route Principale";"46,36555800";"5,37228200"
"202400008020";"25";"04";"2024";"09:35";"1";"41";"41269";"2";"1";"1";"6";"FATON (RUE DU DOCTEUR)";"47,79459000";"1,07250000"
"202400008021";"26";"11";"2024";"18:30";"5";"14";"14118";"2";"1";"1";"2";"Avenue de la Côte de Nacre";"49,20799000";" -0,36202000"
"202400008022";"25";"04";"2024";"13:50";"1";"37";"37208";"2";"3";"2";"2";"BEAUGAILLARD (AVENUE)";"47,36185000";"0,72034000"
"202400008023";"15";"09";"2024";"12:00";"1";"58";"58223";"1";"1";"1";"7";"Conseuille";"47,01569700";"3,50717100"
"202400008024";"25";"11";"2024";"20:15";"5";"14";"14118";"2";"3";"2";"2";"Avenue de la Côte de Nacre";"49,20570000";" -0,36164000"
"202400008025";"14";"09";"2024";"16:55";"1";"06";"06016";"1";"1";"1";"6";"1160 Route des Launes";"44,09437400";"6,97377000"
"202400008026";"25";"04";"2024";"08:00";"1";"37";"37122";"1";"1";"1";"2";"RD 37";"47,33652000";"0,66990000"
"202400008027";"14";"09";"2024";"17:30";"1";"05";"05139";"1";"1";"1";"6";"Lieu dit les baraques ";"44,71058800";"5,89139700"
"202400008028";"25";"04";"2024";"11:00";"1";"35";"35278";"2";"1";"1";"3";"CHESNAIS BEAUREGARD (RUE DU)";"48,13741763";" -1,68747559"
"202400008029";"14";"09";"2024";"18:35";"1";"09";"09235";"1";"1";"8";"6";"D117e";"43,03465600";"0,99689900"
"202400008030";"25";"11";"2024";"08:15";"1";"14";"14383";"1";"1";"2";"4";"D405";"49,15936000";" -0,40849000"
"202400008031";"25";"04";"2024";"14:00";"1";"34";"34172";"2";"2";"1";"3";"MULLER (RUE MARIE)";"43,60452600";"3,88769400"
"202400008032";"14";"09";"2024";"14:00";"1";"45";"45130";"2";"3";"1";"3";"D951 PR 110 + 245";"47,79438600";"1,72202100"
"202400008033";"24";"04";"2024";"22:50";"5";"34";"34003";"2";"1";"1";"3";"MALET (P2 A Q2";"43,28800000";"3,44300000"
"202400008034";"26";"11";"2024";"17:15";"2";"13";"13117";"2";"1";"1";"3";"CASILE ( BOULEVARD ALFRED)";"43,44528000";"5,24478000"
"202400008035";"25";"04";"2024";"15:40";"1";"33";"33063";"2";"2";"1";"6";"N/A";"44,83230000";" -0,56702000"
"202400008036";"15";"09";"2024";"07:00";"1";"10";"10063";"1";"1";"5";"1";"D396";"48,37559400";"4,53608800"
"202400008037";"24";"04";"2024";"19:20";"1";"33";"33063";"2";"1";"2";"6";"N/A";"44,83728000";" -0,57376000"
"202400008038";"26";"11";"2024";"09:45";"1";"13";"13117";"2";"1";"1";"1";"ZI ESTROUBLANS RN 113";"43,44076000";"5,24688000"
"202400008039";"15";"09";"2024";"10:54";"1";"07";"07092";"1";"1";"1";"7";"D7";"44,69965400";"4,56597800"
"202400008040";"25";"04";"2024";"15:25";"1";"31";"31555";"1";"1";"1";"4";"29 PURPAN  (PERIPH OUEST A620)";"43,60330100";"1,40057300"
"202400008041";"26";"11";"2024";"23:40";"5";"13";"13208";"2";"1";"1";"3";"PRADO (AVENUE DU)";"43,26380000";"5,37780000"
"202400008042";"14";"09";"2024";"14:30";"1";"21";"21647";"1";"3";"1";"3";"D973";"46,97906700";"5,15136500"
"202400008043";"25";"04";"2024";"08:40";"1";"31";"31555";"1";"1";"1";"3";"ECHANGEUR L'UNION  (A61/A62)";"43,63467250";"1,47779118"
"202400008044";"26";"11";"2024";"15:23";"1";"13";"13204";"2";"1";"1";"2";"ALEX. FLEMING (BOULEVARD)";"43,31597000";"5,40100000"
"202400008045";"25";"04";"2024";"01:27";"5";"31";"31555";"1";"1";"2";"6";"16 SOUPETARD (PERIPH EST A61)";"43,60424000";"1,48573000"
"202400008046";"15";"09";"2024";"16:00";"1";"04";"04121";"1";"1";"1";"1";"D17";"44,00968100";"6,19849900"
"202400008047";"17";"11";"2024";"04:40";"5";"13";"13204";"2";"1";"1";"3";"FRANÇOISE DUPARC (BOULEVARD)";"43,30646000";"5,40090000"
"202400008048";"21";"04";"2024";"18:30";"1";"30";"30189";"1";"1";"1";"7";"Route d'Avignon";"43,85810000";"4,41760000"
"202400008049";"15";"09";"2024";"11:00";"1";"85";"85162";"1";"1";"1";"7";"RD148";"46,39180000";" -0,63920000"
"202400008050";"24";"04";"2024";"16:45";"1";"30";"30243";"2";"1";"1";"2";"MOULIN (AVENUE J.)";"44,06110000";"4,09016000"
"202400008051";"25";"11";"2024";"16:35";"1";"13";"13028";"2";"1";"1";"2";"CD 559 (CHEMIN DEPARTEMENTAL°";"43,18623231";"5,65857706"
"202400008052";"26";"11";"2024";"09:25";"1";"13";"13005";"2";"2";"1";"7";"SALENGRO (AVENUE ROGER)";"43,29563000";"5,56837000"
"202400008053";"25";"04";"2024";"00:10";"5";"28";"28085";"2";"2";"1";"3";"PERRIN (AVENUE JEAN)";"48,44765000";"1,52622000"
"202400008054";"10";"09";"2024";"20:25";"3";"67";"67152";"1";"6";"1";"6";"M400";"48,52242800";"7,66634900"
"202400008055";"26";"11";"2024";"08:00";"1";"13";"13005";"2";"1";"8";"3";"GOUMS (AVENUE DES)";"43,29193629";"5,56157875"
"202400008056";"24";"04";"2024";"17:20";"1";"27";"27375";"2";"1";"1";"6";"ANCIENS COMBATTANTS AFN (RUE DES)";"49,21615000";"1,17418000"
"202400008057";"24";"11";"2024";"16:45";"1";"11";"11069";"2";"1";"1";"6";"Boulevard Jules Guesde";"43,20818000";"2,32863000"
"202400008058";"25";"04";"2024";"17:40";"1";"27";"27229";"2";"1";"1";"6";"ROCHETTE (RUE DE LA)";"49,02656000";"1,13941000"
"202400008059";"26";"11";"2024";"08:25";"1";"07";"07070";"2";"8";"7";"3";"GRAYS (RUE DES)";"44,96132000";"4,85079000"
"202400008060";"24";"04";"2024";"18:45";"1";"25";"25462";"2";"3";"1";"3";"BAUMONT";"46,89937000";"6,35025000"
"202400008061";"26";"11";"2024";"17:55";"5";"04";"04112";"2";"1";"1";"2";"DEPARTEMENTALE 4096";"43,81300000";"5,78400000"
"202400008062";"24";"04";"2024";"17:15";"1";"25";"25462";"2";"2";"1";"3";"LIBERATION DE LA (DU 0 AU 18)";"46,91726300";"6,34320500"
"202400008063";"26";"11";"2024";"20:00";"5";"04";"04070";"2";"1";"1";"1";"POMPIDOU (AV.G.)";"44,08660000";"6,21558000"
"202400008064";"26";"11";"2024";"14:30";"1";"01";"01289";"1";"1";"1";"1";"DOMBES (AVENUE DE LA)";"46,16991000";"5,19080000"
"202400008065";"25";"04";"2024";"13:35";"1";"25";"25056";"2";"3";"1";"3";"MORRE ROUTE DE";"47,22740000";"6,03887000"
"202400008066";"24";"04";"2024";"17:15";"1";"25";"25056";"2";"1";"2";"6";"avenue de la paix";"47,24620700";"6,02202300"
"202400008067";"26";"11";"2024";"16:30";"1";"75";"75120";"2";"7";"1";"2";"AVENUE DE LA PORTE DE VINCENNES";"48,84702200";"2,41147000"
"202400008068";"24";"04";"2024";"19:34";"1";"22";"22278";"2";"1";"1";"6";"SAINTE-BARBE";"48,51200000";" -2,76200000"
"202400008069";"26";"11";"2024";"08:53";"1";"75";"75119";"2";"3";"1";"6";"RUE DU MAROC";"48,88732700";"2,36706200"
"202400008070";"24";"04";"2024";"16:20";"1";"22";"22113";"2";"1";"1";"4";"PLACENN AR GUER (RUE DE)";"48,73621000";" -3,43780000"
"202400008071";"5";"09";"2024";"04:20";"3";"18";"18248";"1";"1";"3";"7";"N/A";"46,94239600";"2,41757200"
"202400008072";"26";"11";"2024";"19:20";"5";"75";"75117";"2";"3";"1";"3";"RUE CLAUDE POUILLET";"48,88330900";"2,31568800"
"202400008073";"14";"09";"2024";"13:30";"1";"36";"36122";"1";"1";"1";"7";"N/A";"47,09127299";"1,85390432"
"202400008074";"24";"04";"2024";"15:50";"1";"19";"19031";"2";"2";"1";"3";"TURGOT (AVENUE)";"45,16557563";"1,52894497"
"202400008075";"26";"11";"2024";"12:40";"1";"75";"75116";"2";"1";"1";"6";"RUE DE LA POMPE";"48,86314000";"2,27651400"
"202400008076";"26";"11";"2024";"16:30";"2";"75";"75113";"2";"1";"1";"6";"BOULEVARD AUGUSTE BLANQUI";"48,83126000";"2,34247600"
"202400008077";"25";"11";"2024";"20:23";"5";"75";"75112";"2";"3";"1";"3";"BOULEVARD DE BERCY";"48,83988600";"2,38232500"
"202400008078";"24";"04";"2024";"09:55";"1";"19";"19031";"2";"2";"1";"1";"TURGOT (AVENUE)";"45,16538339";"1,52056109"
"202400008079";"15";"09";"2024";"15:24";"1";"77";"77238";"1";"2";"1";"3";"D402";"48,86875200";"3,09177200"
"202400008080";"25";"11";"2024";"10:25";"1";"75";"75112";"2";"1";"3";"7";"AVENUE DU DOCTEUR ARNOLD NETTER";"48,84261100";"2,40522000"
"202400008081";"25";"04";"2024";"04:35";"3";"13";"13103";"2";"6";"1";"6";"RUE DU BACHAGA BOUALEM";"43,63361000";"5,07661000"
"202400008082";"26";"11";"2024";"14:03";"1";"75";"75110";"2";"1";"1";"3";"RUE DU FAUBOURG SAINT MARTIN";"48,87985900";"2,36360000"
"202400008083";"4";"04";"2024";"10:22";"1";"13";"13026";"1";"9";"1";"6";"RN 568";"43,39275000";"5,18238000"
"202400008084";"26";"11";"2024";"08:30";"1";"75";"75109";"2";"2";"1";"3";"RUE DE LA VICTOIRE";"48,87515200";"2,33713600"
"202400008085";"25";"04";"2024";"19:00";"1";"13";"13209";"2";"6";"1";"3";"LANCIER (CHEMIN DU)";"43,24575000";"5,39500000"
"202400008086";"26";"11";"2024";"18:59";"5";"75";"75108";"2";"2";"1";"2";"AVENUE GEORGE V";"48,87096700";"2,30090300"
"202400008087";"14";"09";"2024";"19:35";"1";"30";"30206";"1";"1";"1";"4";"Route d'Uzes";"43,91198600";"4,40565800"
"202400008088";"25";"04";"2024";"17:30";"1";"13";"13203";"2";"1";"1";"2";"STRASBOURG (BOULEVARD)";"43,30783602";"5,37632383"
"202400008089";"15";"09";"2024";"10:15";"1";"83";"83053";"1";"1";"1";"7";"RD 462, PK 2";"43,17556100";"5,84428100"
"202400008090";"26";"11";"2024";"08:40";"1";"75";"75107";"2";"3";"8";"3";"QUAI BRANLY";"48,85747400";"2,29105300"
"202400008091";"24";"04";"2024";"12:30";"1";"13";"13212";"2";"1";"1";"6";"FAIENCIERS (TRAVERSE DES)";"43,29488000";"5,43366000"
"202400008092";"25";"11";"2024";"17:00";"5";"75";"75103";"2";"1";"2";"7";"PLACE DE LA REPUBLIQUE";"48,86677900";"2,36405100"
"202400008093";"25";"04";"2024";"09:25";"1";"13";"13214";"2";"1";"1";"3";"AYGALADES (AVENUE DES)";"43,34125559";"5,36524910"
"202400008094";"15";"09";"2024";"12:45";"1";"13";"13042";"1";"3";"1";"2";"D8n";"43,27176100";"5,64417200"
"202400008095";"26";"11";"2024";"12:35";"1";"94";"94041";"2";"1";"1";"3";"Avenue de la République";"48,80229000";"2,39755000"
"202400008096";"24";"04";"2024";"07:52";"1";"13";"13208";"2";"1";"1";"2";"MENDES FRANCE (AVENUE)";"43,26148000";"5,37493000"
"202400008097";"26";"11";"2024";"17:10";"2";"94";"94052";"2";"2";"1";"3";"Boulevard de Strasbourg";"48,84128522";"2,48281708"
"202400008098";"15";"09";"2024";"17:45";"1";"25";"25032";"1";"3";"1";"2";"D50";"47,38073500";"6,37770300"
"202400008099";"26";"11";"2024";"09:45";"1";"94";"94076";"2";"9";"2";"3";"Boulevard Maxime Gorki";"48,78678000";"2,36738400"
"202400008100";"15";"09";"2024";"11:45";"1";"68";"68111";"1";"1";"1";"3";"Route de Hattstatt";"48,00438800";"7,28284700"
"202400008101";"25";"04";"2024";"10:20";"1";"13";"13005";"1";"3";"1";"3";"BAUME (CHEMIN DE LA)";"43,32351000";"5,58997000"
"202400008102";"26";"11";"2024";"19:49";"5";"94";"94073";"1";"1";"1";"2";"N186B";"48,75384031";"2,37234253"
"202400008103";"25";"04";"2024";"09:25";"1";"11";"11069";"2";"1";"1";"6";"N/A";"43,21655000";"2,34849000"
"202400008104";"15";"09";"2024";"19:00";"1";"55";"55122";"2";"1";"1";"7";"Rue de Saint-mihiel";"48,76620100";"5,58213100"
"202400008105";"15";"09";"2024";"11:45";"1";"03";"03191";"1";"1";"1";"6";"Le Priolet";"46,41737800";"2,91316300"
"202400008106";"26";"11";"2024";"05:20";"5";"94";"94065";"1";"1";"2";"3";"Rue de Concarneau";"48,75513900";"2,35401200"
"202400008107";"20";"04";"2024";"13:00";"1";"05";"05023";"2";"4";"1";"3";"SAVOIE (AVENUE DE)";"44,90935000";"6,62639000"
"202400008108";"26";"11";"2024";"18:15";"5";"94";"94033";"2";"1";"1";"6";"Boulevard Galliéni";"48,84826000";"2,47814000"
"202400008109";"14";"09";"2024";"17:30";"1";"17";"17089";"1";"1";"1";"3";"D131";"45,75984400";" -0,55639700"
"202400008110";"25";"04";"2024";"10:15";"1";"75";"75118";"2";"1";"1";"4";"BD PERIPHERIQUE EXTERIEUR";"48,90096700";"2,33990200"
"202400008111";"25";"04";"2024";"09:25";"1";"75";"75119";"2";"1";"1";"2";"BD PERIPHERIQUE EXTERIEUR";"48,90058100";"2,38612900"
"202400008112";"26";"11";"2024";"19:30";"5";"94";"94022";"2";"3";"8";"1";"Boulevard de Stalingrad";"48,77288000";"2,40006000"
"202400008113";"14";"09";"2024";"16:45";"1";"33";"33051";"2";"6";"1";"4";"N/A";"44,64413200";" -0,97841600"
"202400008114";"26";"11";"2024";"07:20";"5";"94";"94017";"2";"3";"2";"6";"Rue Marcel Paul";"48,81263000";"2,52734000"
"202400008115";"25";"04";"2024";"08:50";"1";"75";"75120";"2";"1";"1";"5";"BD PERIPHERIQUE INTERIEUR";"48,85187300";"2,41495800"
"202400008116";"10";"09";"2024";"13:00";"1";"22";"22012";"1";"1";"1";"6";"Le Tertre Even";"48,58957400";" -2,44140000"
"202400008117";"24";"04";"2024";"21:55";"5";"75";"75113";"2";"1";"1";"6";"BD PERIPHERIQUE EXTERIEUR";"48,81612000";"2,35991100"
"202400008118";"26";"11";"2024";"09:45";"1";"94";"94004";"2";"3";"8";"6";"Rue de Paris";"48,75119400";"2,51023700"
"202400008119";"15";"09";"2024";"06:30";"3";"35";"35221";"1";"5";"1";"6";"La Richardiere";"47,86314400";" -1,74767400"
"202400008120";"25";"11";"2024";"19:58";"5";"94";"94071";"2";"1";"2";"6";"Rue de la Cité Verte";"48,77468000";"2,52531000"
"202400008121";"25";"04";"2024";"10:00";"1";"75";"75106";"2";"7";"1";"3";"BOULEVARD SAINT MICHEL";"48,84749600";"2,34077800"
"202400008122";"14";"09";"2024";"15:40";"1";"76";"76055";"1";"1";"1";"2";"D131";"49,63996600";"0,73455000"
"202400008123";"26";"11";"2024";"12:50";"1";"93";"93072";"2";"1";"1";"6";"FRANCOIS BEGUE (AVENUE)";"48,95204819";"2,38423233"
"202400008124";"13";"09";"2024";"21:30";"5";"13";"13214";"1";"1";"1";"6";"A507 sens Marseille - Aubagne";"43,32995700";"5,40314938"
"202400008125";"24";"04";"2024";"17:30";"1";"75";"75106";"2";"3";"1";"6";"RUE DE L ABBE GREGOIRE";"48,84808288";"2,32496095"
"202400008126";"25";"11";"2024";"22:40";"5";"93";"93070";"2";"2";"2";"2";"MICHELET (AVE) : DU 1 AU 103";"48,90734952";"2,34413266"
"202400008127";"25";"04";"2024";"09:20";"1";"75";"75119";"2";"4";"1";"6";"RUE DE CAMBRAI";"48,89588000";"2,38157300"
"202400008128";"14";"09";"2024";"10:00";"1";"94";"94043";"1";"1";"1";"4";"A6B";"48,81528168";"2,35618039"
"202400008129";"26";"11";"2024";"22:45";"5";"93";"93053";"2";"1";"2";"3";"PARIS (RUE DE)";"48,90188170";"2,46019936"
"202400008130";"15";"03";"2024";"17:00";"1";"13";"13077";"1";"1";"1";"2";"D 50";"43,42438000";"5,00489000"
"202400008131";"14";"09";"2024";"10:30";"1";"78";"78640";"1";"1";"1";"2";"A86 EXT";"48,77872700";"2,20427400"
"202400008132";"25";"04";"2024";"18:30";"1";"75";"75118";"2";"3";"1";"3";"BOULEVARD ORNANO";"48,89473400";"2,34692900"
"202400008133";"25";"04";"2024";"09:05";"1";"75";"75116";"2";"1";"1";"6";"AVENUE DE L HIPPODROME";"48,86323100";"2,23752900"
"202400008134";"12";"11";"2024";"18:35";"5";"93";"93032";"2";"1";"1";"1";"JEAN JAURES (AVENUE)";"48,88323348";"2,52805352"
"202400008135";"13";"09";"2024";"18:25";"1";"78";"78321";"1";"1";"1";"2";"RN12 INT";"48,79655000";"1,90774900"
"202400008136";"23";"03";"2024";"16:00";"1";"32";"32036";"1";"3";"1";"3";"D3";"43,58110200";"0,08931800"
"202400008137";"26";"11";"2024";"22:11";"5";"93";"93031";"2";"1";"1";"6";"DIX HUIT JUIN 1940 (AVENUE DU)";"48,95428000";"2,30795000"
"202400008138";"25";"04";"2024";"14:37";"1";"75";"75115";"2";"1";"1";"3";"BOULEVARD DE VAUGIRARD";"48,84157800";"2,31901700"
"202400008139";"14";"09";"2024";"20:00";"3";"93";"93053";"1";"1";"1";"2";"AUTOROUTE A3";"48,89707199";"2,46965129"
"202400008140";"26";"11";"2024";"16:15";"1";"93";"93031";"2";"1";"1";"6";"PARIS (RUE DE)";"48,95280786";"2,31360720"
"202400008141";"8";"08";"2024";"10:40";"1";"974";"97416";"1";"1";"7";"2";"RN1";" -21,30650000";"55,43008000"
"202400008142";"24";"04";"2024";"12:41";"1";"75";"75114";"2";"3";"1";"3";"BOULEVARD DU MONTPARNASSE";"48,84133000";"2,33107000"