"Num_Acc";"jour";"mois";"an";"hrmn";"lum";"dep";"com";"agg";"int";"atm";"col";"adr";"lat";"long"
"202400008335";"6";"08";"2024";"10:10";"1";"57";"57672";"2";"1";"1";"6";"ALBERT 1ER (AVENUE) - IMPAIR";"49,36080700";"6,17066300"
"202400008336";"23";"04";"2024";"07:00";"2";"33";"33527";"2";"8";"1";"3";"N/A";"44,63413500";" -1,02857400"
"202400008337";"13";"09";"2024";"20:23";"5";"64";"64445";"2";"9";"1";"6";"CONDORCET";"43,31654000";" -0,36092000"
"202400008338";"27";"11";"2024";"05:35";"3";"77";"77091";"1";"1";"1";"6";"D1036";"48,74034200";"2,85696000"
"202400008339";"7";"08";"2024";"07:51";"1";"56";"56260";"2";"1";"1";"3";"Rue de Sainte-Anne";"47,65959000";" -2,77375000"
"202400008340";"26";"04";"2024";"01:00";"4";"28";"28039";"2";"1";"1";"6";"31 Rue Emile Milochau";"48,43258000";"1,70446700"
"202400008341";"8";"08";"2024";"00:31";"3";"56";"56162";"1";"1";"1";"6";"Keréven";"47,72230000";" -3,45666000"
"202400008342";"13";"09";"2024";"15:45";"1";"64";"64445";"2";"2";"1";"3";"BENGHOZI AUDREY";"43,31917000";" -0,36750000"
"202400008343";"22";"04";"2024";"06:15";"2";"45";"45028";"2";"3";"1";"3";"D917 PR 0 + 336";"47,78009100";"1,62429500"
"202400008344";"26";"11";"2024";"11:35";"1";"34";"34113";"2";"3";"1";"6";"Avenue de Montpellier";"43,50142200";"3,71527800"
"202400008345";"13";"09";"2024";"08:35";"2";"64";"64284";"2";"9";"1";"6";"18 JUIN 1940 DU";"43,27935000";" -0,38927000"
"202400008346";"6";"08";"2024";"20:35";"1";"56";"56121";"2";"3";"1";"3";"Rue Maurice Thorez";"47,73999000";" -3,39330000"
"202400008347";"5";"04";"2024";"15:50";"1";"45";"45028";"2";"1";"1";"6";"HOPITAL DE BEAUGENCY";"47,78096000";"1,62362700"
"202400008348";"25";"04";"2024";"13:00";"1";"13";"13014";"1";"1";"1";"6";"D21b";"43,51043300";"5,12935500"
"202400008349";"13";"11";"2024";"18:00";"5";"34";"34213";"2";"3";"1";"6";"Place de la Mairie";"43,48731500";"3,66728800"
"202400008350";"6";"08";"2024";"17:53";"1";"56";"56121";"2";"1";"1";"3";"Rue Jude Blankaert";"47,76240700";" -3,39352000"
"202400008351";"12";"09";"2024";"08:15";"1";"63";"63300";"1";"3";"1";"2";"ROCADE RD 446";"45,90169925";"3,09239485"
"202400008352";"26";"04";"2024";"15:45";"1";"13";"13086";"1";"1";"8";"1";"Route de Saint Vincent";"43,35684200";"5,60972200"
"202400008353";"26";"11";"2024";"15:35";"1";"68";"68154";"2";"1";"1";"1";"Avenue des Rives de l'Ill";"47,77517100";"7,35643600"
"202400008354";"6";"08";"2024";"15:39";"1";"56";"56098";"1";"1";"1";"2";"le Mané";"47,76604700";" -3,30515200"
"202400008355";"25";"04";"2024";"18:40";"1";"88";"88178";"1";"1";"1";"7";"D460";"48,17593100";"6,39342100"
"202400008356";"13";"09";"2024";"21:10";"5";"62";"62548";"1";"6";"1";"7";"D940";"50,94858141";"1,96786603"
"202400008357";"28";"10";"2024";"16:15";"1";"67";"67550";"1";"1";"1";"2";"D28";"48,93930100";"7,73364500"
"202400008358";"7";"08";"2024";"09:55";"1";"51";"51172";"2";"7";"1";"3";"LANGUEDOC (AVENUE)";"49,21957000";"4,04138000"
"202400008359";"26";"04";"2024";"17:40";"1";"73";"73303";"1";"1";"1";"6";"D1212";"45,75216300";"6,44515500"
"202400008360";"13";"09";"2024";"12:55";"1";"59";"59350";"2";"1";"1";"2";"Rue Armand Carrel";"50,61626000";"3,07430000"
"202400008361";"8";"08";"2024";"14:40";"1";"51";"51506";"2";"1";"1";"6";"PATURES (RUE DES)";"48,94887000";"4,38570000"
"202400008362";"27";"11";"2024";"06:50";"2";"01";"01376";"2";"6";"5";"3";"Porte de la Dombes";"45,82089900";"4,99008100"
"202400008363";"13";"09";"2024";"02:35";"5";"59";"59378";"2";"1";"1";"6";"PERI GABRIEL RUE";"50,67100000";"3,08100000"
"202400008364";"8";"08";"2024";"18:46";"1";"50";"50218";"2";"1";"1";"6";"COURAYE (RUE)";"48,83768770";" -1,59008000"
"202400008365";"12";"11";"2024";"15:45";"1";"35";"35334";"2";"6";"1";"3";"Rue Nationale";"48,15988100";" -1,58672000"
"202400008366";"25";"04";"2024";"20:15";"2";"33";"33553";"1";"3";"7";"3";"N/A";"45,02491600";" -0,42627900"
"202400008367";"13";"09";"2024";"10:00";"1";"59";"59043";"2";"3";"1";"3";"LILLE (RUE DE)";"50,73760800";"2,73807500"
"202400008368";"27";"11";"2024";"16:30";"2";"27";"27422";"1";"1";"1";"7";"route du mesnil d'andé";"49,21478700";"1,26304100"
"202400008369";"25";"04";"2024";"16:00";"1";"33";"33380";"1";"2";"1";"1";"N/A";"45,29089000";" -0,56879700"
"202400008370";"6";"08";"2024";"15:20";"1";"49";"49353";"2";"6";"1";"3";"BOUTTON AVENUE";"47,44077000";" -0,49863000"
"202400008371";"26";"11";"2024";"09:20";"1";"13";"13043";"1";"1";"1";"2";"A55-Sens Martigues vers Marseille";"43,38190000";"5,22710000"
"202400008372";"8";"08";"2024";"16:50";"1";"45";"45234";"2";"1";"1";"6";"18 Quai de la Madeleine";"47,89779400";"1,88413100"
"202400008373";"26";"04";"2024";"17:30";"1";"50";"50139";"1";"9";"2";"3";"N174";"49,05385200";" -1,00482000"
"202400008374";"25";"11";"2024";"04:55";"3";"13";"13056";"1";"1";"1";"6";"A55-Sens Martigues vers Marseille";"43,41192771";"5,02527795"
"202400008375";"8";"08";"2024";"18:44";"1";"45";"45208";"2";"3";"1";"3";"42 Avenue Adolphe Cochery";"48,00331000";"2,74129000"
"202400008376";"26";"11";"2024";"04:15";"3";"83";"83027";"1";"1";"1";"6";"A50";"43,17283847";"5,77007432"
"202400008377";"9";"08";"2024";"01:40";"5";"43";"43157";"2";"1";"1";"7";"Place du Breuil";"45,04204468";"3,88239831"
"202400008378";"26";"04";"2024";"01:00";"3";"60";"60352";"1";"6";"1";"7";"D915";"49,23654300";"1,80918200"
"202400008379";"16";"11";"2024";"22:50";"5";"69";"69389";"2";"1";"1";"4";"Route de Métropole 6";"45,76182642";"4,80653338"
"202400008380";"21";"04";"2024";"15:50";"1";"13";"13202";"2";"1";"1";"2";"A55-Sens Martigues vers Marseille";"43,31336000";"5,36671000"
"202400008381";"8";"08";"2024";"09:20";"1";"43";"43046";"1";"1";"1";"1";"Boulevard de la Petite-Mer";"45,06464501";"3,90715152"
"202400008382";"25";"11";"2024";"07:05";"2";"67";"67482";"1";"1";"1";"2";"Bretelle sortie autoroute";"48,57146000";"7,72903000"
"202400008383";"8";"08";"2024";"09:30";"1";"42";"42095";"2";"2";"1";"6";"19 MARS 1962 (RUE DU)";"45,38883000";"4,28583000"
"202400008384";"26";"11";"2024";"13:05";"1";"33";"33550";"1";"1";"1";"2";"N/A";"44,77861700";" -0,55649700"
"202400008385";"24";"04";"2024";"08:45";"1";"69";"69029";"1";"1";"1";"2";"Autoroute 43 ";"45,72800000";"4,90580000"
"202400008386";"8";"08";"2024";"08:30";"1";"38";"38185";"2";"1";"1";"6";"GARE (PLACE DE LA)";"45,19058789";"5,71571499"
"202400008387";"25";"04";"2024";"20:10";"1";"91";"91645";"1";"1";"1";"2";"RN 385 Extèrieure";"48,75968000";"2,26918000"
"202400008388";"25";"04";"2024";"15:32";"1";"91";"91471";"1";"1";"1";"7";"RN 118";"48,69140500";"2,19236000"
"202400008389";"25";"04";"2024";"14:00";"1";"75";"75114";"1";"1";"1";"2";"A6A";"48,81792411";"2,33413771"
"202400008390";"7";"08";"2024";"00:15";"4";"35";"35238";"2";"5";"1";"3";"FREVILLE (AVENUE HENRI)";"48,08367000";" -1,67500000"
"202400008391";"26";"11";"2024";"17:30";"3";"91";"91659";"1";"1";"1";"5";"AUTOROUTE A6";"48,57715000";"2,46422000"
"202400008392";"26";"11";"2024";"11:45";"1";"77";"77251";"1";"1";"1";"7";"A5A PARIS / RN104 INT";"48,62522769";"2,54038761"
"202400008393";"8";"08";"2024";"20:15";"1";"35";"35281";"2";"1";"1";"2";"MERMOZ (BOULEVARD JEAN)";"48,09137000";" -1,70408000"
"202400008394";"26";"11";"2024";"10:20";"1";"91";"91589";"1";"1";"1";"2";"AUTOROUTE A6";"48,67810000";"2,33650000"
"202400008395";"8";"08";"2024";"12:50";"1";"35";"35051";"2";"1";"1";"3";"FONTAINE (RUE DE LA)";"48,10920000";" -1,60900000"
"202400008396";"26";"11";"2024";"09:45";"1";"78";"78640";"1";"1";"1";"7";"A86 INT";"48,77785000";"2,21612000"
"202400008397";"7";"08";"2024";"13:30";"1";"35";"35115";"2";"1";"1";"7";"PORTE ST LEONARD (RUE)";"48,35082000";" -1,20413000"
"202400008398";"8";"08";"2024";"02:58";"5";"34";"34172";"2";"1";"1";"7";"FABRE DE MORLHON (BOULEVARD JACQUES)";"43,59167000";"3,87894000"
"202400008399";"7";"08";"2024";"19:13";"1";"34";"34129";"2";"6";"1";"3";"BRET (ROND-POINT PAUL-LOUIS)";"43,57621300";"3,87360800"
"202400008400";"26";"11";"2024";"18:30";"3";"95";"95424";"1";"1";"2";"3";"A15";"48,99145143";"2,19160719"
"202400008401";"8";"08";"2024";"00:10";"3";"33";"33065";"1";"1";"1";"6";"N/A";"44,80686000";" -0,51780000"
"202400008402";"8";"08";"2024";"02:16";"5";"33";"33529";"2";"1";"1";"6";"N/A";"44,61694000";" -1,20169000"
"202400008403";"6";"02";"2024";"13:05";"1";"971";"97113";"1";"1";"1";"1";"SECTION TOMBEAU";"16,21985000";" -61,47860000"
"202400008404";"6";"02";"2024";"10:00";"1";"2A";"2A004";"2";"1";"1";"6";"#3 Route d’Alata#";"41,93510154";"8,73641610"
"202400008405";"7";"08";"2024";"14:05";"1";"26";"26058";"2";"1";"1";"3";"Avenue de Lyon";"44,95530000";"4,89038000"
"202400008406";"26";"01";"2024";"23:40";"3";"89";"89024";"1";"1";"1";"3";"D606";"47,78324000";"3,61460000"
"202400008407";"6";"08";"2024";"11:36";"1";"25";"25462";"2";"1";"1";"3";"ROCADE G.POMPIDOU (DU 25 A LA FIN)";"46,90002700";"6,33621800"
"202400008408";"6";"02";"2024";"16:35";"1";"84";"84031";"2";"9";"1";"3";"JAURES AVENUE JEAN";"44,05337000";"5,05035000"
"202400008409";"8";"08";"2024";"19:55";"1";"25";"25388";"2";"1";"1";"3";"BLUM (AVENUE LEON)";"47,49808000";"6,80209000"
"202400008410";"8";"08";"2024";"14:49";"1";"25";"25056";"2";"1";"1";"6";"MAZAGRAN CHEMIN DE";"47,22967000";"6,02471000"
"202400008411";"5";"02";"2024";"13:15";"1";"83";"83090";"2";"1";"1";"6";"GORGES (ROUTE DES)";"43,14874000";"5,84682000"
"202400008412";"8";"08";"2024";"12:05";"1";"25";"25056";"2";"3";"7";"3";"OBSERVATOIRE AVENUE DE L'";"47,24590500";"6,00088700"
"202400008413";"27";"01";"2024";"14:50";"1";"83";"83126";"1";"6";"1";"2";"ECHANGEUR D'OLLIOULES";"43,12071688";"5,85264873"
"202400008414";"7";"08";"2024";"02:03";"5";"18";"18279";"2";"1";"1";"6";"10 Route de Tours";"47,23282600";"2,03963800"
"202400008415";"4";"02";"2024";"18:50";"5";"80";"80021";"2";"1";"8";"7";"Boulevard Châteaudun";"49,88524120";"2,28046000"
"202400008416";"7";"08";"2024";"12:45";"1";"14";"14715";"2";"1";"1";"7";"Boulevard Fernand Moureaux";"49,36418000";"0,08261000"
"202400008417";"3";"02";"2024";"18:25";"5";"80";"80021";"2";"3";"2";"6";"Rue Oscar Dassonville";"49,90020000";"2,31587000"
"202400008418";"11";"07";"2024";"16:45";"1";"14";"14341";"1";"1";"1";"2";"N814";"49,14662000";" -0,35879000"
"202400008419";"7";"08";"2024";"14:20";"1";"13";"13071";"1";"1";"1";"5";"CD 6";"43,40832000";"5,31667000"
"202400008420";"6";"02";"2024";"23:00";"5";"76";"76540";"2";"3";"1";"3";"Quai du Havre (Quai Haut)";"49,43967610";"1,08613110"
"202400008421";"6";"02";"2024";"06:50";"5";"76";"76351";"2";"1";"1";"6";"GRAND HAMEAU (Avenue du )";"49,52063000";"0,11342000"
"202400008422";"7";"08";"2024";"15:15";"1";"13";"13071";"2";"1";"1";"2";"ROUTE NATIONALE 368 (PLAN DES PENNES)";"43,40757000";"5,29619000"
"202400008423";"8";"08";"2024";"20:00";"5";"13";"13203";"2";"9";"1";"1";"STRASBOURG (BOULEVARD)";"43,30000000";"5,40000000"
"202400008424";"6";"02";"2024";"11:40";"1";"76";"76026";"1";"3";"1";"2";"RD 915";"49,86228850";"1,11093585"
"202400008425";"7";"08";"2024";"15:10";"1";"13";"13208";"2";"1";"7";"1";"Rue du commandant rolland";"43,27202298";"5,38277678"
"202400008426";"6";"02";"2024";"08:15";"1";"74";"74012";"2";"9";"1";"1";"ROMAGNY (RUE DE)";"46,19662000";"6,24694000"
"202400008427";"18";"07";"2024";"10:00";"1";"12";"12202";"2";"4";"1";"5";"LAYOULE (COTE DE)";"44,35511520";"2,57942855"
"202400008428";"6";"02";"2024";"09:00";"1";"72";"72181";"2";"6";"1";"3";"LYAUTEY MARECHAL (AV) N° IMP";"48,01757000";"0,21884000"
"202400008429";"5";"08";"2024";"17:10";"1";"12";"12013";"1";"1";"1";"6";"MAS DE L'HORT (LE)  LIEU-DIT";"44,51489500";"2,23831000"
"202400008430";"8";"08";"2024";"20:10";"1";"08";"08480";"1";"1";"1";"7";"N/A";"49,73337658";"4,73073798"
"202400008431";"5";"02";"2024";"08:09";"1";"72";"72181";"2";"1";"1";"6";"CHENE VERT (RUE DU)";"48,00813000";"0,18966000"
"202400008432";"8";"08";"2024";"21:15";"5";"06";"06088";"2";"1";"1";"3";"93 Promenade des Anglais";"43,69148900";"7,24785202"
"202400008433";"6";"02";"2024";"07:55";"1";"71";"71076";"2";"3";"1";"3";"HERRIOT (AVENUE EDOUARD)";"46,79172000";"4,86793000"
"202400008434";"8";"08";"2024";"10:15";"1";"06";"06083";"2";"1";"1";"6";"14 Prom Mal Leclerc de Hauteclocque";"43,77757000";"7,49419000"
"202400008435";"24";"07";"2024";"20:30";"1";"06";"06069";"2";"1";"1";"6";"12 Avenue Chiris";"43,65801000";"6,92697000"
"202400008436";"6";"02";"2024";"11:05";"1";"69";"69264";"2";"2";"1";"3";"Boulevard Gambetta";"45,99444000";"4,71492000"
"202400008437";"6";"02";"2024";"08:30";"1";"69";"69013";"1";"1";"5";"7";"Route de Longsard";"46,01666066";"4,70710539"
"202400008438";"8";"08";"2024";"18:40";"1";"05";"05061";"2";"3";"1";"2";"Route des Eyssagnières";"44,55113000";"6,05511000"
"202400008439";"5";"02";"2024";"14:30";"1";"69";"69264";"2";"6";"1";"7";"Rue Loyson de Chastelus";"45,98893000";"4,72714000"
"202400008440";"8";"08";"2024";"00:10";"5";"75";"75116";"2";"1";"1";"6";"BD PERIPHERIQUE INTERIEUR";"48,83963700";"2,25416500"
"202400008441";"7";"08";"2024";"18:45";"1";"75";"75118";"2";"1";"1";"2";"BD PERIPHERIQUE EXTERIEUR";"48,90088700";"2,36297400"
"202400008442";"5";"02";"2024";"18:00";"2";"69";"69290";"1";"1";"1";"4";"Chemin de Grande Vigne";"45,69048152";"4,99027669"
"202400008443";"7";"08";"2024";"17:00";"1";"75";"75120";"2";"1";"1";"2";"BD PERIPHERIQUE INTERIEUR";"48,86604900";"2,41320400"
"202400008444";"6";"02";"2024";"16:25";"1";"65";"65047";"2";"1";"1";"3";"JAURES (AVE JEAN)";"43,24161000";"0,09518000"
"202400008445";"7";"08";"2024";"21:00";"5";"75";"75114";"2";"1";"1";"3";"BD PERIPHERIQUE INTERIEUR";"48,81685100";"2,33621000"
"202400008446";"6";"02";"2024";"14:15";"1";"64";"64483";"2";"1";"1";"2";"LAYATS (AVENUE DE)";"43,39864000";" -1,64004000"
"202400008447";"5";"02";"2024";"19:06";"5";"64";"64102";"2";"1";"1";"7";"HENRI DE NAVARRE (AVENUE)";"43,50432000";" -1,44644000"
"202400008448";"7";"08";"2024";"13:10";"1";"75";"75113";"2";"1";"1";"3";"BD PERIPHERIQUE EXTERIEUR";"48,82231300";"2,38022100"
"202400008449";"6";"02";"2024";"13:52";"1";"63";"63113";"2";"1";"1";"6";"FONTAINE DU BAC (RUE DE LA)";"45,76697000";"3,11793000"
"202400008450";"7";"08";"2024";"10:46";"1";"75";"75108";"2";"3";"1";"3";"RUE PIERRE CHARRON";"48,86871200";"2,30173300"
"202400008451";"5";"02";"2024";"16:55";"1";"60";"60159";"2";"1";"1";"6";"Rue Rouget de Lisle";"49,40411000";"2,81086000"
"202400008452";"8";"08";"2024";"08:50";"1";"75";"75105";"2";"3";"1";"3";"RUE DU SOMMERARD";"48,85028200";"2,34456300"
"202400008453";"6";"02";"2024";"18:20";"5";"59";"59599";"2";"1";"1";"6";"Rue des Poutrains";"50,72503600";"3,15247700"
"202400008454";"8";"08";"2024";"19:00";"1";"75";"75120";"2";"3";"1";"1";"AVENUE GAMBETTA";"48,86399700";"2,39163100"
"202400008455";"6";"02";"2024";"20:15";"5";"59";"59457";"2";"3";"1";"3";"Rue Édouard Agache";"50,66539000";"2,96878000"
"202400008456";"8";"08";"2024";"20:20";"2";"75";"75119";"2";"3";"1";"6";"RUE COMPANS";"48,87919800";"2,39247900"
"202400008457";"5";"08";"2024";"05:20";"2";"75";"75119";"2";"2";"1";"1";"RUE GOUBET";"48,88608900";"2,38988700"
"202400008458";"6";"02";"2024";"10:00";"1";"59";"59368";"2";"3";"1";"1";"Rue du Ballon";"50,64652000";"3,08115000"
"202400008459";"8";"08";"2024";"16:15";"1";"75";"75117";"2";"3";"1";"2";"BOULEVARD DU BOIS LE PRETRE";"48,89897400";"2,32174400"
"202400008460";"6";"02";"2024";"12:05";"1";"57";"57463";"2";"2";"1";"6";"CLAUDE BERNARD (RUE )";"49,11215000";"6,21616000"
"202400008461";"8";"08";"2024";"19:40";"1";"75";"75115";"2";"3";"1";"2";"RUE DE LA CONVENTION";"48,83647600";"2,29919500"
"202400008462";"10";"11";"2024";"01:30";"3";"69";"69142";"1";"1";"1";"2";"Route de Métropole 7 ";"45,72634000";"4,81689000"
"202400008463";"6";"02";"2024";"19:00";"5";"51";"51454";"2";"2";"1";"3";"CHAMPAGNE   (  AVENUE DE)";"49,23402000";"4,03973000"
"202400008464";"8";"08";"2024";"13:30";"1";"75";"75114";"2";"3";"1";"3";"AVENUE DU GENERAL LECLERC";"48,82467800";"2,32608200"
"202400008465";"7";"11";"2024";"16:40";"1";"976";"97610";"2";"1";"1";"3";"12 Route Nationale";" -12,73726100";"45,15462400"
"202400008466";"6";"02";"2024";"08:30";"1";"51";"51172";"1";"1";"1";"5";"VERTE (VOIE)";"49,21779000";"4,05785000"
"202400008467";"8";"08";"2024";"10:10";"1";"75";"75113";"2";"3";"1";"6";"QUAI DE LA GARE";"48,83734123";"2,37388104"
"202400008468";"23";"04";"2024";"19:15";"1";"38";"38544";"2";"9";"1";"6";"ANATOLE FRANCE(QUAI)";"45,52000000";"4,87000000"
"202400008469";"5";"02";"2024";"21:00";"4";"49";"49307";"1";"1";"2";"7";"BEAUFORT ROUTE";"47,47424000";" -0,33571000"
"202400008470";"7";"08";"2024";"05:40";"5";"75";"75113";"2";"1";"1";"3";"BOULEVARD DU GENERAL JEAN SIMON";"48,82549000";"2,38128000"
"202400008471";"5";"02";"2024";"07:20";"5";"49";"49007";"2";"1";"8";"6";"CHATEAU D'ORGEMONT RUE ET SQU";"47,44534000";" -0,54119000"
"202400008472";"17";"12";"2024";"18:50";"3";"69";"69299";"1";"1";"1";"6";"Route Départementale 29";"45,71343000";"5,07077000"
"202400008473";"7";"08";"2024";"18:40";"1";"75";"75112";"2";"2";"1";"1";"AVENUE DU GENERAL MICHEL BIZOT";"48,83622200";"2,40289400"
"202400008474";"6";"02";"2024";"18:32";"5";"47";"47001";"2";"1";"1";"3";"CARTOU (RUE DE)";"44,18735000";"0,61802000"
"202400008475";"7";"08";"2024";"08:30";"1";"75";"75112";"2";"1";"2";"6";"BOULEVARD PONIATOWSKI";"48,83238300";"2,39910100"
"202400008476";"6";"02";"2024";"20:50";"3";"45";"45004";"1";"1";"8";"3";"D2007 PR 21 + 750";"47,97574000";"2,73978000"
"202400008477";"30";"09";"2024";"10:15";"1";"62";"62771";"2";"1";"1";"1";"Rue Edouard Vaillant";"50,41978000";"2,86586000"
"202400008478";"8";"08";"2024";"23:15";"5";"75";"75110";"2";"2";"1";"3";"AVENUE CLAUDE VELLEFAUX";"48,87518500";"2,37035100"
"202400008479";"23";"04";"2024";"19:55";"3";"972";"97213";"1";"1";"1";"6";"AUTOROUTE A1";"14,61799000";" -61,03087000"
"202400008480";"6";"02";"2024";"05:15";"5";"44";"44109";"2";"3";"1";"3";"9 Rue Charles Perron";"47,22470845";" -1,60139258"
"202400008481";"8";"08";"2024";"00:30";"5";"75";"75109";"2";"2";"1";"3";"BOULEVARD HAUSSMANN";"48,87251500";"2,33760900"
"202400008482";"17";"10";"2024";"19:20";"5";"73";"73008";"2";"9";"1";"6";"ALLEE PROMENADE DES BORDS DU LAC";"45,69966000";"5,88956000"
"202400008483";"8";"08";"2024";"15:25";"1";"75";"75114";"2";"3";"7";"6";"AVENUE DU GENERAL LECLERC";"48,82900000";"2,32800000"
"202400008484";"5";"02";"2024";"18:32";"5";"42";"42187";"2";"1";"1";"3";"Rue Pierre Dépierre";"46,03227995";"4,07669834"
"202400008485";"8";"10";"2024";"12:01";"1";"73";"73008";"2";"3";"2";"6";"D913 - GAULLE GENERAL DE AVENUE";"45,68809000";"5,91044000"
"202400008486";"8";"08";"2024";"19:50";"1";"75";"75104";"2";"2";"1";"2";"BOULEVARD MORLAND";"48,84770000";"2,36540000"
"202400008487";"6";"02";"2024";"07:15";"5";"36";"36202";"2";"1";"8";"6";"N/A";"46,77584000";"1,64786000"
"202400008488";"17";"11";"2024";"15:12";"1";"94";"94067";"2";"1";"1";"3";"Avenue Sainte-marie";"48,83541017";"2,41537401"
"202400008489";"8";"08";"2024";"17:10";"1";"94";"94073";"2";"3";"9";"6";"Avenue Raymond Poincaré";"48,76584001";"2,39809546"
"202400008490";"4";"02";"2024";"16:00";"1";"34";"34032";"2";"3";"1";"3";"MARNE (AV DE LA)";"43,33947000";"3,21559000"
"202400008491";"5";"12";"2024";"23:20";"5";"83";"83123";"2";"1";"1";"2";"TOULON (ANCIEN CHEMIN DE)";"43,13967000";"5,78230000"
"202400008492";"8";"08";"2024";"17:45";"1";"93";"93073";"2";"2";"1";"3";"Avenue de la Somme / Rue de Bordeaux";"48,94176237";"2,58642912"
"202400008493";"6";"02";"2024";"09:00";"1";"33";"33063";"2";"4";"5";"3";"N/A";"44,85900000";" -0,58950000"
"202400008494";"8";"08";"2024";"15:00";"1";"93";"93078";"2";"2";"1";"3";"Avenue Philippe de Girard / Avenue du Vert Galant";"48,95544689";"2,54366934"
"202400008495";"28";"12";"2024";"10:59";"1";"37";"37276";"1";"2";"5";"3";"D766";"47,58226154";"0,86151767"
"202400008496";"5";"02";"2024";"20:30";"5";"33";"33063";"2";"1";"1";"2";"N/A";"44,84340000";" -0,55501000"
"202400008497";"8";"08";"2024";"00:10";"5";"93";"93046";"2";"1";"1";"6";"JEAN MOULIN BOULEVARD";"48,91267300";"2,51444200"
"202400008498";"17";"11";"2024";"01:21";"5";"77";"77373";"2";"9";"1";"6";"PARIS (ROUTE DE )";"48,77703000";"2,59521000"
"202400008499";"5";"02";"2024";"06:00";"5";"33";"33063";"2";"3";"1";"6";"Boulevard Jean-Jacques Bosc";"44,81450600";" -0,55356300"
"202400008500";"9";"11";"2024";"12:00";"1";"13";"13210";"2";"2";"1";"2";"CATHERINE BLUM (BOULEVARD)";"43,26945797";"5,42120778"
"202400008501";"8";"08";"2024";"07:10";"1";"93";"93053";"2";"1";"1";"3";"Avenue de Rosny";"48,89174655";"2,47099471"
"202400008502";"6";"02";"2024";"20:35";"5";"33";"33009";"2";"3";"1";"3";"N/A";"44,65681000";" -1,17034000"
"202400008503";"8";"08";"2024";"09:43";"1";"92";"92078";"1";"1";"1";"2";"GALLIENI (BD) (1 A 79 ET 22 A 102)";"48,93064617";"2,33214140"
"202400008504";"18";"11";"2024";"17:20";"5";"94";"94077";"2";"3";"2";"3";"Route de Choisy";"48,74092479";"2,40833616"
"202400008505";"6";"02";"2024";"11:20";"1";"31";"31555";"1";"1";"1";"2";"38 LE CHAPITRE (A64)";"43,55283000";"1,40854000"
"202400008506";"7";"08";"2024";"08:55";"1";"92";"92050";"2";"2";"1";"3";"DIDEROT RUE";"48,88670322";"2,20964290"
"202400008507";"19";"11";"2024";"05:30";"5";"93";"93073";"2";"1";"2";"1";"PETITS PONTS (ROUTE DES)";"48,96236817";"2,55958378"
"202400008508";"8";"08";"2024";"14:15";"1";"92";"92002";"2";"1";"1";"7";"DIVISION LECLERC (1 A 29 -2 A 34)";"48,75241000";"2,30472000"
"202400008509";"23";"01";"2024";"18:45";"5";"30";"30189";"2";"3";"1";"1";"Avenue Pierre Mendès France";"43,82172998";"4,38412428"
"202400008510";"6";"02";"2024";"12:10";"1";"30";"30007";"2";"1";"1";"2";"82-318 rue Jean Perrin";"44,14576000";"4,09991000"
"202400008511";"29";"05";"2024";"15:45";"1";"93";"93032";"2";"3";"3";"5";"Avenue de la Passerelle / Rue Paul Vaillant Couturier";"48,86627802";"2,56220541"
"202400008512";"8";"08";"2024";"21:35";"3";"51";"51649";"2";"3";"1";"3";"Rue Aristide Briand";"48,72517400";"4,58473700"
"202400008513";"5";"02";"2024";"07:50";"1";"30";"30243";"2";"3";"1";"3";"Route de Montèze";"44,06853000";"4,09698000"
"202400008514";"29";"07";"2024";"11:25";"1";"51";"51295";"2";"2";"1";"3";"Intersection D14/D602";"48,70240100";"4,53970800"
"202400008515";"23";"05";"2024";"10:15";"1";"93";"93032";"2";"3";"1";"2";"Rue de Franceville / Avenue des Chèvrefeuilles";"48,88951000";"2,54524000"
"202400008516";"31";"12";"2024";"23:45";"5";"987";"98745";"2";"1";"1";"7";"Tiva";" -16,63502600";" -151,49119900"
"202400008517";"6";"02";"2024";"18:00";"2";"29";"29232";"2";"1";"1";"4";"LOUIS LE GUENNEC";"47,97980774";" -4,09718378"
"202400008518";"8";"08";"2024";"18:10";"1";"85";"85223";"1";"1";"1";"5";"RD 948";"46,58001000";" -1,10940000"
"202400008519";"1";"08";"2024";"15:30";"1";"63";"63001";"2";"7";"1";"2";"Place Saint Joseph";"46,02156400";"3,20226700"
"202400008520";"23";"07";"2024";"07:20";"1";"18";"18127";"1";"1";"1";"7";"N/A";"46,75121000";"2,20125000"
"202400008521";"8";"08";"2024";"15:00";"1";"59";"59553";"2";"6";"1";"1";"Rue Marx Dormoy";"50,60080900";"2,96297500"
"202400008522";"6";"02";"2024";"15:55";"1";"26";"26198";"2";"1";"1";"3";"Route de Marseille";"44,53435000";"4,74597000"
"202400008523";"19";"11";"2024";"17:55";"5";"74";"74010";"2";"1";"2";"6";"PRELEVET (AVENUE DE)";"45,90130000";"6,13200000"
"202400008524";"9";"08";"2024";"04:30";"4";"85";"85082";"2";"1";"1";"3";"RD79";"46,87641600";" -0,90161400"
"202400008525";"5";"02";"2024";"14:40";"1";"23";"23096";"2";"1";"1";"6";"BERRY (AVENUE DU)";"46,17688000";"1,87566000"
"202400008526";"8";"08";"2024";"23:20";"3";"85";"85064";"2";"1";"1";"6";"RD13";"46,83274700";" -1,30735300"