"Num_Acc";"jour";"mois";"an";"hrmn";"lum";"dep";"com";"agg";"int";"atm";"col";"adr";"lat";"long"
"202400008725";"2";"07";"2024";"19:55";"1";"62";"62643";"2";"2";"1";"3";"Rue Auguste Comte";"50,70530000";"1,59097000"
"202400008726";"5";"02";"2024";"21:43";"3";"13";"13106";"1";"1";"1";"4";"A7-Sens Lyon vers Marseille";"43,39500000";"5,35050000"
"202400008727";"27";"06";"2024";"23:15";"5";"62";"62160";"2";"1";"1";"7";"Rue de Boston";"50,72732000";"1,60392000"
"202400008728";"5";"02";"2024";"14:00";"1";"13";"13071";"1";"1";"1";"3";"A7-Sens Marseille vers Lyon";"43,40358000";"5,30885000"
"202400008729";"14";"09";"2024";"17:25";"1";"84";"84144";"1";"4";"1";"1";"D 190";"43,89535700";"5,54880400"
"202400008730";"5";"02";"2024";"13:00";"1";"13";"13215";"2";"1";"1";"2";"A7-Sens Lyon vers Marseille";"43,36765000";"5,36087000"
"202400008731";"14";"09";"2024";"10:00";"1";"84";"84087";"1";"2";"1";"3";"ROUTE DE CHATEAUNEUF";"44,13300000";"4,80000000"
"202400008732";"5";"02";"2024";"13:00";"1";"13";"13117";"1";"1";"1";"4";"A7-Sens Marseille vers Lyon";"43,43200000";"5,25804000"
"202400008733";"24";"10";"2024";"00:15";"3";"84";"84022";"1";"1";"1";"6";"Route de Villedieu";"44,28472100";"5,01687900"
"202400008734";"16";"10";"2024";"16:40";"1";"84";"84087";"2";"3";"8";"6";"RAMAS (CHEMIN)";"44,13432000";"4,83701000"
"202400008735";"6";"02";"2024";"06:50";"3";"69";"69297";"1";"1";"5";"5";"Autoroute 7 ";"45,58987088";"4,79785427"
"202400008736";"6";"02";"2024";"19:14";"3";"91";"91645";"1";"1";"1";"7";"AUTOROUTE A86";"48,76007978";"2,25655746"
"202400008737";"11";"10";"2024";"10:45";"1";"84";"84137";"2";"9";"1";"6";"Avenue des Choralies";"44,24281600";"5,07963200"
"202400008738";"6";"02";"2024";"16:18";"1";"91";"91661";"1";"1";"1";"3";"AUTOROUTE A10";"48,70850000";"2,25120000"
"202400008739";"7";"10";"2024";"18:15";"1";"84";"84040";"1";"9";"1";"6";"Route de Malaucene";"44,22321000";"5,09318200"
"202400008740";"5";"10";"2024";"09:40";"1";"84";"84137";"2";"6";"7";"6";"avenue François miterrand";"44,25097500";"5,06102900"
"202400008741";"6";"02";"2024";"09:05";"1";"91";"91161";"1";"1";"1";"4";"AUTOROUTE A6";"48,69870000";"2,31324000"
"202400008742";"4";"10";"2024";"13:47";"1";"84";"84034";"1";"1";"1";"6";"D6";"43,90510500";"4,94805900"
"202400008743";"6";"02";"2024";"08:50";"1";"91";"91086";"1";"1";"1";"2";"RN 104";"48,62388400";"2,37594200"
"202400008744";"19";"11";"2024";"10:10";"1";"75";"75120";"2";"1";"2";"2";"BD PERIPHERIQUE EXTERIEUR";"48,86696200";"2,41343500"
"202400008745";"5";"02";"2024";"23:42";"3";"94";"94034";"1";"1";"1";"2";"A6A";"48,75628517";"2,33422052"
"202400008746";"28";"09";"2024";"16:00";"1";"2B";"2B301";"1";"1";"6";"7";"RD 81";"42,66227300";"9,13341500"
"202400008747";"6";"02";"2024";"07:40";"2";"91";"91064";"1";"1";"1";"3";"N118";"48,74324260";"2,18899644"
"202400008748";"15";"09";"2024";"15:20";"1";"2B";"2B314";"1";"1";"1";"3";"RD81";"42,66315700";"9,15547400"
"202400008749";"5";"02";"2024";"19:45";"5";"92";"92051";"1";"1";"1";"6";"RN13";"48,88062384";"2,27330471"
"202400008750";"15";"09";"2024";"11:00";"1";"2B";"2B298";"2";"1";"1";"1";"36 rue principale";"42,68122500";"9,30328500"
"202400008751";"5";"02";"2024";"18:05";"5";"78";"78431";"1";"1";"2";"2";"A13";"48,94305600";"1,95110500"
"202400008752";"12";"09";"2024";"14:15";"1";"2B";"2B314";"1";"1";"1";"6";"Informations";"42,65750700";"9,23140400"
"202400008753";"6";"02";"2024";"17:40";"3";"94";"94028";"1";"1";"2";"2";"A86";"48,79162094";"2,44097743"
"202400008754";"28";"07";"2024";"00:10";"5";"84";"84003";"2";"1";"1";"1";"Rue Saint-Lazare";"43,88019400";"5,39153000"
"202400008755";"18";"01";"2024";"00:15";"5";"93";"93048";"2";"1";"8";"6";"Avenue Pasteur";"48,86516905";"2,43774676"
"202400008756";"6";"02";"2024";"07:30";"4";"94";"94017";"1";"1";"8";"5";"A4";"48,83044403";"2,49190676"
"202400008757";"20";"12";"2024";"08:00";"1";"01";"01249";"2";"1";"1";"5";"Pont";"45,86002500";"4,91103400"
"202400008758";"4";"02";"2024";"21:10";"5";"988";"98818";"2";"3";"1";"3";"VOIE DE DEGAGEMENT EST/Rue De Charleroi";" -22,27903000";"166,46262000"
"202400008759";"27";"10";"2024";"09:30";"1";"69";"69003";"2";"6";"7";"1";"Quai de Villevert";"45,87686700";"4,83540600"
"202400008760";"5";"02";"2024";"16:45";"1";"974";"97409";"1";"1";"1";"4";"RN2 SENS STE SUZANNE ST BENOIT";" -20,94191000";"55,64613000"
"202400008761";"5";"02";"2024";"16:00";"1";"973";"97302";"1";"1";"1";"2";"ROUTE NATIONALE 3";"4,90599000";" -52,32147000"
"202400008762";"18";"11";"2024";"19:40";"5";"75";"75107";"2";"2";"2";"3";"AVENUE BOSQUET";"48,85621900";"2,30483700"
"202400008763";"5";"02";"2024";"14:15";"1";"972";"97213";"1";"1";"1";"2";"AUTOROUTE (A1)";"14,61787000";" -61,01859000"
"202400008764";"18";"11";"2024";"11:40";"1";"75";"75107";"2";"3";"2";"3";"RUE DE L UNIVERSITE";"48,85680200";"2,33036000"
"202400008765";"3";"02";"2024";"21:10";"3";"971";"97101";"2";"1";"1";"4";"PATRICK SAINT ELOI ( AVENUE )";"16,25801000";" -61,51983000"
"202400008766";"18";"11";"2024";"17:40";"5";"94";"94041";"2";"3";"2";"6";"Rue Ernest Renan";"48,81198000";"2,39735000"
"202400008767";"5";"02";"2024";"19:17";"5";"971";"97105";"2";"1";"1";"6";"CHARLES DE GAULLE (BD DU GENERAL)";"15,99432000";" -61,73092000"
"202400008768";"4";"12";"2024";"18:15";"3";"34";"34024";"1";"3";"1";"1";"RD2";"43,47318900";"3,69201800"
"202400008769";"5";"02";"2024";"13:30";"1";"95";"95585";"2";"1";"1";"6";"BAUVES (RUE DES)";"48,99396000";"2,38192000"
"202400008770";"17";"11";"2024";"15:00";"1";"95";"95197";"2";"1";"1";"6";"D928";"48,96056068";"2,32640785"
"202400008771";"16";"11";"2024";"09:19";"1";"77";"77449";"2";"1";"1";"6";"RD 345";"48,84172000";"2,77650000"
"202400008772";"4";"02";"2024";"07:58";"2";"87";"87085";"1";"3";"5";"1";"RN520";"45,86172600";"1,16351400"
"202400008773";"16";"11";"2024";"17:15";"1";"32";"32013";"2";"7";"1";"7";"MASSENA (RUE)";"43,64929000";"0,59106000"
"202400008774";"2";"02";"2024";"15:58";"1";"87";"87050";"1";"1";"1";"6";"DE NIEUL (CHEMIN)";"45,90566000";"1,20427000"
"202400008775";"25";"10";"2024";"11:40";"1";"13";"13056";"2";"3";"7";"6";"DOUMER QUAI PAUL";"43,40680000";"5,05109000"
"202400008776";"2";"02";"2024";"09:04";"1";"87";"87085";"2";"3";"1";"3";"PETINIAUD DUBOS (RUE)";"45,83782000";"1,26357000"
"202400008777";"28";"10";"2024";"17:00";"1";"74";"74116";"1";"1";"1";"2";"A410";"46,06677226";"6,28947571"
"202400008778";"12";"11";"2024";"19:37";"5";"74";"74012";"2";"1";"1";"7";"ETREMBIERES (ROUTE D')";"46,18755000";"6,23224000"
"202400008779";"31";"10";"2024";"13:00";"1";"74";"74010";"1";"1";"1";"7";"D16";"45,90776000";"6,20034500"
"202400008780";"4";"02";"2024";"04:50";"5";"86";"86194";"2";"2";"1";"3";"Avenue du Plateau des Glières";"46,60168000";"0,32424700"
"202400008781";"1";"02";"2024";"10:00";"1";"83";"83126";"2";"3";"1";"3";"RENOIR (AV AUGUSTE)";"43,08416560";"5,86469972"
"202400008782";"2";"11";"2024";"14:55";"1";"74";"74035";"1";"2";"1";"1";"D910";"45,81416000";"5,95098500"
"202400008783";"5";"02";"2024";"16:10";"1";"80";"80001";"2";"1";"1";"6";"69 Rue Saint Vulfran";"50,10448000";"1,82931000"
"202400008784";"31";"10";"2024";"12:40";"1";"74";"74056";"1";"1";"1";"1";"Route des montets";"45,99179300";"6,92673500"
"202400008785";"5";"11";"2024";"10:50";"1";"74";"74027";"1";"1";"1";"7";"D909";"45,89858000";"6,28617500"
"202400008786";"31";"10";"2024";"18:15";"5";"74";"74010";"2";"6";"1";"3";"Avenue des trois fontaines (Seynod)";"45,89006800";"6,11462100"
"202400008787";"31";"10";"2024";"08:37";"1";"74";"74225";"2";"1";"1";"1";"Avenue de l'Arcalod";"45,84457500";"5,95511600"
"202400008788";"5";"02";"2024";"19:35";"5";"77";"77288";"2";"1";"1";"3";"HIPPOLYTE ROSSIGNOL  (QUAI)";"48,53598498";"2,64965235"
"202400008789";"27";"10";"2024";"18:36";"5";"74";"74211";"2";"2";"1";"3";"1963 Route de la roche-sur-foron";"46,11010000";"6,27535500"
"202400008790";"5";"02";"2024";"11:40";"1";"77";"77059";"1";"1";"1";"3";"GUERMANTES  (RUE DE  )";"48,84973000";"2,67760000"
"202400008791";"17";"10";"2024";"09:40";"1";"43";"43157";"2";"9";"8";"7";"Rue Louis Pascal";"45,05003000";"3,89940000"
"202400008792";"17";"10";"2024";"04:45";"3";"43";"43211";"1";"1";"2";"7";"Route de Pont Lignon";"45,24781321";"4,14056706"
"202400008793";"12";"10";"2024";"20:45";"3";"43";"43162";"1";"1";"6";"6";"D103";"45,18202624";"4,05005500"
"202400008794";"5";"02";"2024";"12:40";"1";"76";"76322";"2";"3";"1";"6";"Avenue des Canadiens";"49,40922000";"1,07056000"
"202400008795";"11";"10";"2024";"15:45";"1";"43";"43157";"1";"6";"1";"6";"D373";"45,04984758";"3,90353692"
"202400008796";"4";"02";"2024";"01:40";"5";"76";"76351";"2";"2";"2";"1";"AMIRAL COURBET";"49,48396000";"0,13107000"
"202400008797";"30";"09";"2024";"16:20";"1";"2B";"2B033";"2";"1";"1";"4";"11 - RT";"42,66855000";"9,44326000"
"202400008798";"5";"02";"2024";"18:20";"5";"69";"69256";"2";"1";"1";"1";"10 Rue du 19 Mars 1962";"45,78319427";"4,93186129"
"202400008799";"27";"09";"2024";"16:14";"1";"2B";"2B037";"1";"1";"1";"6";"TOUTES RUES";"42,63021000";"9,43828000"
"202400008800";"5";"02";"2024";"11:05";"1";"69";"69264";"2";"1";"1";"6";"Route de Frans";"45,98520000";"4,73867000"
"202400008801";"25";"10";"2024";"09:30";"1";"50";"50395";"1";"1";"2";"1";"RD 26";"49,60907600";" -1,33037600"
"202400008802";"4";"02";"2024";"17:25";"2";"69";"69276";"2";"9";"1";"3";"Route de Vénissieux";"45,68227000";"4,86848000"
"202400008803";"30";"08";"2024";"20:45";"4";"972";"97213";"2";"1";"1";"6";"ROUTE NATIONALE 5";"14,59612000";" -60,98875000"
"202400008804";"4";"02";"2024";"02:00";"5";"69";"69199";"2";"1";"1";"3";"Rue Emile Zola";"45,71179000";"4,85977000"
"202400008805";"3";"02";"2024";"11:40";"1";"67";"67043";"2";"1";"1";"6";"BISCHWILLER (ROUTE DE)";"48,61143000";"7,75118000"
"202400008806";"27";"12";"2024";"19:30";"5";"77";"77018";"2";"1";"1";"3";"BD DE L EUROPE";"48,85225000";"2,79496000"
"202400008807";"5";"02";"2024";"09:10";"1";"64";"64102";"2";"1";"1";"6";"CHALIBARDON (RUE)";"43,49018000";" -1,45311000"
"202400008808";"25";"12";"2024";"00:43";"5";"974";"97415";"2";"1";"1";"6";"Chemin Champ de Merle";" -21,04815200";"55,26463700"
"202400008809";"4";"02";"2024";"19:17";"5";"64";"64102";"2";"1";"1";"2";"LABOURD (PONT DU)";"43,48600000";" -1,47500000"
"202400008810";"18";"12";"2024";"15:20";"1";"26";"26301";"2";"6";"1";"3";"Route de Valence";"45,11472300";"4,96352400"
"202400008811";"5";"02";"2024";"20:40";"4";"63";"63113";"2";"1";"1";"6";"MARCHADIER (RUE ROBERT)";"45,79476000";"3,10915000"
"202400008812";"18";"05";"2024";"18:00";"1";"85";"85284";"1";"2";"1";"3";"RD32";"46,79114750";" -1,88203090"
"202400008813";"5";"02";"2024";"13:59";"1";"63";"63113";"2";"2";"1";"3";"DORMOY (AVENUE MARX)";"45,77010000";"3,08126000"
"202400008814";"24";"12";"2024";"14:10";"1";"27";"27103";"2";"1";"1";"6";"Rue de Rouen";"49,35602000";"0,82026200"
"202400008815";"21";"08";"2024";"18:45";"1";"91";"91103";"2";"6";"1";"6";"RUE ALBERT CAMUS";"48,60911000";"2,31284000"
"202400008816";"31";"01";"2024";"22:50";"5";"62";"62667";"2";"2";"2";"3";"Rue Carnot";"50,71269987";"1,58643258"
"202400008817";"9";"08";"2024";"02:00";"5";"91";"91174";"2";"9";"1";"6";"AVENUE SERGE DASSAULT";"48,61550000";"2,45600000"
"202400008818";"5";"02";"2024";"18:40";"1";"59";"59350";"2";"1";"1";"3";"Rue des Postes";"50,62248400";"3,05339700"
"202400008819";"5";"02";"2024";"06:35";"5";"59";"59350";"2";"2";"8";"3";"Rue Colbert";"50,63503000";"3,04015000"
"202400008820";"18";"10";"2024";"00:15";"3";"50";"50003";"2";"1";"1";"6";"Route de Saint Malo de la Lande";"49,05031100";" -1,57608300"
"202400008821";"3";"02";"2024";"16:30";"1";"52";"52121";"2";"1";"2";"7";"ALPHANDERY (RUE) IMPAIR";"48,09901000";"5,13493000"
"202400008822";"16";"10";"2024";"05:50";"3";"50";"50209";"1";"1";"2";"6";"Route du Vast";"49,61599300";" -1,43908000"
"202400008823";"5";"02";"2024";"19:54";"5";"51";"51573";"2";"1";"1";"3";"VINGT NEUF AOUT 44 (AVENUE DU)";"49,24850000";"3,99460000"
"202400008824";"24";"06";"2024";"16:24";"1";"57";"57194";"1";"1";"1";"5";"Autoroute A31";"49,41922267";"6,11029908"
"202400008825";"4";"02";"2024";"21:00";"5";"51";"51454";"2";"1";"2";"1";"LABERTE (RUE ADOLPHE)";"49,28346000";"4,02262000"
"202400008826";"24";"12";"2024";"17:40";"5";"93";"93010";"2";"7";"8";"3";"CARROUGES (CHEMIN DES)";"48,88914000";"2,47125000"
"202400008827";"2";"02";"2024";"16:37";"1";"49";"49007";"2";"1";"1";"3";"DE LATTRE DE TASSIGNY";"47,44859000";" -0,53858000"
"202400008828";"29";"12";"2024";"19:30";"3";"60";"60288";"1";"1";"5";"6";"D150";"49,56152000";"1,88535700"
"202400008829";"5";"02";"2024";"18:00";"5";"37";"37261";"2";"1";"8";"2";"FOUCAULD (RUE CHARLES DE)";"47,36153000";"0,70943000"
"202400008830";"27";"12";"2024";"09:30";"1";"988";"98812";"1";"9";"1";"2";"Lieu dit Karembe";" -20,61776300";"164,33351800"
"202400008831";"19";"12";"2024";"23:30";"3";"11";"11145";"1";"1";"6";"6";"N/A";"43,19889600";"3,17083200"
"202400008832";"4";"02";"2024";"18:10";"2";"37";"37261";"2";"2";"8";"3";"PREUILLY (BOULEVARD)";"47,39341000";"0,67186000"
"202400008833";"5";"02";"2024";"07:45";"2";"34";"34129";"2";"1";"1";"6";"FIGUIERES (AVENUE DE)";"43,58999000";"3,93416000"
"202400008834";"27";"12";"2024";"11:30";"1";"42";"42149";"1";"1";"1";"1";"D115";"45,65051700";"4,22234400"
"202400008835";"19";"11";"2024";"00:46";"3";"94";"94073";"1";"1";"2";"6";"A86";"48,75525081";"2,38268699"
"202400008836";"5";"02";"2024";"16:20";"1";"31";"31555";"2";"3";"1";"3";"SEJOURNE (AV PAUL) DU 1AU 16";"43,60592570";"1,42815426"
"202400008837";"5";"02";"2024";"12:15";"1";"31";"31555";"2";"1";"1";"6";"PL JEANNE D ARC";"43,60889000";"1,44634000"
"202400008838";"30";"05";"2024";"22:10";"3";"91";"91228";"2";"2";"2";"3";"BD CHAMPS ELYSEES 198";"48,63113000";"2,42494000"
"202400008839";"3";"05";"2024";"16:30";"1";"91";"91228";"2";"1";"1";"6";"RUE DU BOIS BRIARD";"48,62453000";"2,41963000"
"202400008840";"5";"02";"2024";"14:15";"1";"29";"29232";"2";"1";"1";"3";"Avenue de la France Libre";"48,00383300";" -4,09840300"
"202400008841";"28";"04";"2024";"08:50";"1";"91";"91136";"2";"9";"2";"1";"Route de Villebon";"48,70991600";"2,26466900"
"202400008842";"5";"02";"2024";"16:05";"1";"29";"29019";"2";"7";"1";"3";"avenue Victor Le Gorgeu";"48,39973000";" -4,49734700"
"202400008843";"5";"02";"2024";"14:15";"1";"25";"25462";"2";"1";"1";"3";"DOUBS DE (DU 0 AU 24)";"46,90883000";"6,35537000"
"202400008844";"24";"04";"2024";"19:50";"1";"91";"91648";"1";"1";"1";"5";"D26";"48,56323200";"2,35822000"
"202400008845";"5";"02";"2024";"07:15";"5";"25";"25462";"2";"2";"1";"6";"GARE (DE LA)";"46,90332000";"6,35550000"
"202400008846";"31";"08";"2024";"23:15";"3";"38";"38053";"2";"1";"1";"2";"BOIS MARTEL";"45,58257000";"5,29475000"
"202400008847";"3";"02";"2024";"16:50";"1";"15";"15014";"2";"1";"7";"2";"Parking Avenue georges Pompidou";"44,91380000";"2,45528000"
"202400008848";"27";"08";"2024";"08:50";"1";"38";"38053";"2";"6";"1";"2";"ALPES";"45,58566000";"5,26897000"
"202400008849";"5";"02";"2024";"15:10";"1";"13";"13215";"2";"1";"1";"3";"CAP PINEDE (Avenue)";"43,32810767";"5,36327977"
"202400008850";"26";"10";"2024";"03:11";"5";"74";"74002";"2";"1";"1";"1";"Route d'annecy";"45,82019000";"6,03324800"
"202400008851";"5";"02";"2024";"09:15";"1";"13";"13203";"2";"1";"1";"6";"MATHIEU STILATTI (RUE)";"43,30922065";"5,37656959"
"202400008852";"25";"10";"2024";"15:56";"1";"74";"74280";"1";"1";"1";"3";"D909";"45,89564200";"6,30101300"
"202400008853";"5";"02";"2024";"16:20";"1";"13";"13005";"2";"6";"1";"6";"CANIERS (AVENUE DES)";"43,29606000";"5,59547000"
"202400008854";"25";"10";"2024";"21:45";"5";"74";"74243";"1";"1";"1";"7";"A40";"46,13280075";"6,09864861"
"202400008855";"5";"02";"2024";"04:52";"5";"10";"10387";"2";"6";"1";"3";"Boulevard Georges Pompidou";"48,29073000";"4,08782000"
"202400008856";"24";"10";"2024";"12:15";"1";"74";"74010";"2";"1";"1";"1";"Rue du champ de la taillée";"45,88778300";"6,10263200"
"202400008857";"24";"10";"2024";"08:45";"1";"74";"74108";"2";"1";"1";"6";"590 Rte d?Annecy";"45,82759900";"6,20035500"
"202400008858";"5";"02";"2024";"20:50";"5";"06";"06088";"2";"2";"1";"3";"Avenue Georges Clemenceau";"43,70222000";"7,26577000"
"202400008859";"24";"10";"2024";"10:20";"1";"74";"74056";"2";"1";"1";"6";"42 Route des bossons";"45,90902500";"6,84341600"
"202400008860";"5";"02";"2024";"12:50";"1";"05";"05061";"1";"1";"1";"7";"RN85";"44,58130585";"6,08129203"
"202400008861";"21";"10";"2024";"19:40";"3";"74";"74250";"1";"1";"1";"4";"A40";"46,07521000";"6,38019000"
"202400008862";"23";"01";"2024";"16:25";"1";"05";"05061";"2";"6";"1";"3";"EMILE DIDIER ( AV )";"44,56550000";"6,09248000"
"202400008863";"17";"10";"2024";"07:07";"2";"74";"74118";"1";"1";"2";"4";"A40";"46,17723000";"6,23563000"
"202400008864";"5";"02";"2024";"19:15";"5";"75";"75106";"2";"2";"1";"6";"BOULEVARD SAINT MICHEL";"48,85276000";"2,34381800"
"202400008865";"21";"10";"2024";"16:20";"1";"74";"74185";"1";"3";"1";"3";"808 Route du saleve";"46,16391200";"6,23667100"
"202400008866";"5";"02";"2024";"14:55";"1";"75";"75112";"2";"1";"1";"2";"AVENUE DE SAINT MAURICE";"48,82923500";"2,41994000"
"202400008867";"14";"10";"2024";"17:30";"1";"74";"74010";"1";"1";"1";"1";"Avenue d'aix-les-bains";"45,86740300";"6,07254300"
"202400008868";"5";"02";"2024";"09:30";"1";"75";"75111";"2";"3";"1";"3";"AVENUE PARMENTIER";"48,85915500";"2,37947700"
"202400008869";"13";"10";"2024";"20:30";"3";"74";"74295";"1";"1";"8";"1";"RD 902";"46,31418300";"6,61010000"
"202400008870";"5";"02";"2024";"08:15";"1";"75";"75110";"2";"4";"1";"6";"BOULEVARD DE MAGENTA";"48,87329666";"2,35873595"
"202400008871";"12";"10";"2024";"03:20";"4";"74";"74262";"1";"1";"5";"2";"A40";"46,13210000";"6,32121000"
"202400008872";"5";"02";"2024";"06:56";"5";"75";"75107";"2";"2";"1";"3";"AVENUE DU MARECHAL GALLIENI";"48,86105100";"2,31323900"
"202400008873";"5";"02";"2024";"01:30";"5";"94";"94067";"2";"3";"1";"2";"Avenue de Paris / Avenue Gambetta";"48,84598700";"2,42283200"
"202400008874";"5";"10";"2024";"01:00";"3";"74";"74282";"1";"1";"1";"1";"D1203";"46,03705215";"6,24124098"
"202400008875";"5";"02";"2024";"17:06";"1";"94";"94046";"2";"1";"1";"6";"Rue du Gué aux Aurochs";"48,81495900";"2,42410200"
"202400008876";"1";"09";"2024";"16:00";"1";"74";"74173";"2";"1";"2";"6";"360 Rue des allobroges";"45,85813800";"6,61296000"
"202400008877";"4";"02";"2024";"14:40";"1";"94";"94019";"2";"1";"1";"3";"Rue Molière";"48,80373800";"2,53939600"
"202400008878";"4";"12";"2024";"19:10";"5";"68";"68166";"2";"5";"2";"3";"INDUSTRIE (RUE DE L')";"47,78857909";"7,31005431"
"202400008879";"4";"02";"2024";"07:00";"2";"93";"93078";"2";"1";"2";"3";"Rue de Paris";"48,96334600";"2,53476300"
"202400008880";"5";"12";"2024";"13:55";"1";"46";"46042";"2";"1";"1";"6";"JACOBINS (RUE DES)";"44,44921000";"1,44561000"
"202400008881";"5";"02";"2024";"17:00";"1";"93";"93064";"2";"2";"1";"3";"Rue du Bel Air / Rue des 2 communes";"48,87073286";"2,50115561"
"202400008882";"5";"02";"2024";"08:50";"1";"93";"93013";"2";"3";"1";"3";"Rue Edouard Vaillant / Rue Castelnau";"48,93686000";"2,43165000"
"202400008883";"13";"01";"2024";"09:30";"1";"94";"94046";"2";"2";"1";"3";"Rue de Normandie / Rue Gabriel Péri";"48,81146000";"2,43749000"
"202400008884";"20";"12";"2024";"11:30";"1";"38";"38175";"2";"1";"1";"6";"Rue Joliot Curie";"45,27223600";"5,92105700"
"202400008885";"3";"02";"2024";"10:42";"1";"93";"93027";"2";"2";"2";"3";"Avenue Jean Jaurès / Rue Corneille";"48,92440000";"2,40165000"
"202400008886";"28";"11";"2024";"17:00";"1";"34";"34077";"2";"3";"1";"3";"M21";"43,65175400";"3,89753900"
"202400008887";"4";"02";"2024";"06:10";"5";"93";"93008";"2";"1";"2";"7";"Avenue Paul Vaillant - Couturier";"48,90849900";"2,45163200"
"202400008888";"15";"06";"2024";"16:40";"1";"972";"97213";"1";"1";"1";"4";"ROUTE DEPARTEMENTALE 15";"14,61987000";" -61,00579000"
"202400008889";"5";"02";"2024";"07:55";"1";"92";"92012";"2";"9";"1";"3";"ROBERT SCHUMAN (AVENUE)";"48,84410000";"2,24976000"
"202400008890";"15";"06";"2024";"21:30";"3";"972";"97213";"1";"1";"1";"3";"ROUTE DEPARTEMENTALE 3";"14,59928000";" -60,99885000"
"202400008891";"20";"06";"2024";"10:35";"1";"972";"97213";"2";"6";"1";"2";"ROUTE NATIONALE 1";"14,62375000";" -60,98790000"
"202400008892";"23";"06";"2024";"03:29";"5";"972";"97213";"1";"1";"1";"1";"ROUTE DEPARTEMENTALE 15";"14,64805000";" -61,01054000"
"202400008893";"11";"06";"2024";"07:55";"1";"972";"97213";"1";"1";"1";"1";"ROUTE DEPARTEMENTALE 3 BIS";"14,65561000";" -60,98609000"
"202400008894";"7";"06";"2024";"02:20";"5";"972";"97213";"2";"6";"1";"6";"ROUTE DEPARTEMENTALE 15";"14,62220000";" -61,00655200"
"202400008895";"8";"06";"2024";"08:00";"1";"59";"59305";"1";"1";"1";"2";"AUTOROUTE A25";"50,88778000";"2,51287000"
"202400008896";"20";"09";"2024";"16:15";"1";"43";"43040";"2";"1";"1";"6";"rue gustave eiffel";"45,31512200";"3,37494300"
"202400008897";"28";"12";"2024";"17:50";"3";"02";"02359";"1";"1";"5";"6";"N/A";"49,81248600";"3,28865600"
"202400008898";"27";"10";"2024";"16:15";"1";"73";"73151";"1";"3";"7";"1";"D201 Route des Marches";"45,50261981";"6,03810489"
"202400008899";"26";"10";"2024";"14:05";"1";"73";"73213";"1";"1";"1";"6";"Autoroute A43 - PK 096.600";"45,55539705";"5,95339887"
"202400008900";"22";"06";"2024";"10:25";"1";"84";"84089";"1";"2";"1";"4";"Route de la Bonde";"43,70654600";"5,50494300"
"202400008901";"27";"09";"2024";"17:30";"1";"84";"84086";"1";"9";"1";"4";"D900";"43,86235000";"5,17741400"
"202400008902";"25";"10";"2024";"17:00";"1";"19";"19058";"1";"1";"8";"6";"D47";"45,48452600";"2,15337400"
"202400008903";"6";"11";"2024";"04:00";"3";"19";"19274";"2";"1";"5";"2";"avenue du griffolet";"45,16380100";"1,48157700"
"202400008904";"24";"10";"2024";"16:35";"1";"19";"19106";"1";"3";"1";"7";"Barrierot";"45,30507400";"2,14073000"
"202400008905";"5";"08";"2024";"17:35";"1";"19";"19228";"2";"9";"1";"3";"18 Le Bourg";"45,32462105";"2,20503151"
"202400008906";"11";"11";"2024";"18:30";"5";"42";"42218";"2";"1";"8";"5";"Rue de la Montat";"45,44100000";"4,40359000"
"202400008907";"29";"11";"2024";"16:00";"1";"68";"68149";"1";"6";"1";"2";"ALSACE ( AVENUE )";"47,60045598";"7,58401206"
"202400008908";"22";"08";"2024";"21:10";"1";"33";"33281";"1";"3";"1";"6";"N/A";"44,84662000";" -0,72067000"
"202400008909";"28";"08";"2024";"13:00";"1";"27";"27082";"1";"1";"1";"1";"D830";"49,00226600";"1,05108300"
"202400008910";"16";"12";"2024";"12:30";"1";"77";"77111";"2";"1";"1";"2";"D344";"48,85562000";"2,77036000"
"202400008911";"9";"12";"2024";"11:50";"1";"45";"45075";"2";"1";"1";"3";"1 Rue d'Aquitaine";"47,90032000";"1,85340000"
"202400008912";"13";"09";"2024";"17:45";"1";"28";"28033";"2";"2";"1";"7";"Rue Saint-exupéry";"48,50641200";"1,05791700"
"202400008913";"22";"08";"2024";"21:00";"2";"84";"84031";"2";"1";"1";"2";"OLIVIERS ALLEE DES";"44,05333000";"5,06498000"
"202400008914";"11";"07";"2024";"15:45";"1";"84";"84015";"1";"1";"1";"3";"D974";"44,17986500";"5,24700200"
"202400008915";"3";"06";"2024";"16:15";"1";"78";"78621";"2";"1";"1";"2";"TEISSERENC DE BORD (RUE)";"48,77441500";"2,00652400"
"202400008916";"2";"06";"2024";"05:25";"5";"77";"77216";"2";"3";"8";"2";"RUE WILSON";"48,31300000";"2,68321000"
"202400008917";"3";"06";"2024";"11:39";"1";"77";"77186";"1";"6";"1";"3";"RD606. de la rochette à l'obélisque";"48,40826400";"2,68684300"
"202400008918";"2";"06";"2024";"13:00";"1";"76";"76575";"2";"3";"1";"3";"Rue Ernest Renan";"49,39859000";"1,06705000"
"202400008919";"2";"06";"2024";"21:50";"2";"76";"76351";"2";"2";"1";"7";"LIEUTENANT CLERIVET";"49,50713400";"0,17500000"