"Num_Acc";"jour";"mois";"an";"hrmn";"lum";"dep";"com";"agg";"int";"atm";"col";"adr";"lat";"long"
"202400008920";"3";"06";"2024";"02:30";"4";"76";"76341";"2";"1";"1";"7";"ORCHER";"49,50510000";"0,20481000"
"202400008921";"1";"06";"2024";"03:05";"5";"76";"76351";"2";"6";"1";"7";"FRISSARD (QUAI)";"49,49140000";"0,13250000"
"202400008922";"3";"06";"2024";"11:25";"1";"74";"74012";"2";"1";"1";"2";"DE GAULLE (AVENUE CHARLES)";"46,18462000";"6,24694000"
"202400008923";"10";"05";"2024";"17:35";"1";"73";"73065";"2";"2";"1";"3";"MONTMELIAN (FAUBOURG)";"45,56743000";"5,93758000"
"202400008924";"1";"06";"2024";"14:40";"1";"72";"72181";"1";"9";"1";"3";"LATTRE DE TASSIGNY MARECHAL DE (BD)";"48,02966000";"0,18386000"
"202400008925";"3";"06";"2024";"08:15";"1";"71";"71540";"2";"9";"1";"2";"CENTRE A CENTRE (ROUTE)";"46,76649000";"4,44725000"
"202400008926";"3";"06";"2024";"10:10";"1";"64";"64445";"2";"2";"1";"1";"CHAMPETIER DE RIBES";"43,30328000";" -0,37844000"
"202400008927";"3";"06";"2024";"08:50";"1";"64";"64445";"2";"1";"7";"6";"MARGUERITE LABORDE";"43,30021000";" -0,36763000"
"202400008928";"2";"06";"2024";"11:10";"1";"64";"64445";"2";"1";"1";"6";"PAIX";"43,31849110";" -0,34581453"
"202400008929";"18";"05";"2024";"00:39";"5";"64";"64122";"2";"1";"1";"6";"CHAPELET (RUE)";"43,46431108";" -1,54262692"
"202400008930";"2";"06";"2024";"13:10";"1";"64";"64122";"2";"3";"1";"3";"MAYOL DE SENILLOSA (BD)";"43,48657000";" -1,54325000"
"202400008931";"11";"05";"2024";"20:55";"1";"62";"62065";"2";"1";"1";"7";"Rue des Atrebates";"50,39036000";"2,83109300"
"202400008932";"3";"06";"2024";"18:25";"1";"62";"62193";"2";"1";"1";"2";"Avenue Antoine de Saint Exupéry";"50,94701000";"1,92077000"
"202400008933";"3";"06";"2024";"08:20";"1";"59";"59599";"2";"1";"1";"6";"Place de la Victoire";"50,71687258";"3,15854565"
"202400008934";"25";"05";"2024";"17:50";"1";"59";"59350";"2";"1";"1";"5";"Rue Maurice Berteaux";"50,62301000";"3,09871000"
"202400008935";"3";"06";"2024";"12:40";"1";"51";"51454";"2";"1";"1";"3";"EUROPE (AVENUE DE L')";"49,25194000";"4,06337000"
"202400008936";"3";"06";"2024";"14:30";"1";"51";"51454";"2";"3";"1";"2";"WITRY (ROUTE DE)";"49,26836000";"4,06885000"
"202400008937";"3";"06";"2024";"12:15";"1";"51";"51454";"2";"3";"1";"3";"BREBANT (AVENUE) DU 1 A 86";"49,25908000";"4,00964000"
"202400008938";"2";"06";"2024";"09:20";"1";"51";"51058";"2";"1";"2";"6";"RUE LOUIS RENAULT";"49,22564000";"4,00517000"
"202400008939";"2";"06";"2024";"12:35";"1";"50";"50147";"1";"1";"1";"1";"ROCADE NORD";"49,05705150";" -1,46151490"
"202400008940";"1";"06";"2024";"13:38";"1";"46";"46042";"1";"1";"2";"3";"Départementale 820";"44,47374000";"1,43260000"
"202400008941";"4";"06";"2024";"01:30";"3";"45";"45068";"1";"1";"1";"6";"D2007 PR 15 + 972";"48,02595500";"2,74075900"
"202400008942";"3";"06";"2024";"16:40";"1";"44";"44109";"2";"6";"1";"6";"65 Boulevard Lelasseur";"47,22964973";" -1,57215761"
"202400008943";"3";"06";"2024";"12:30";"1";"43";"43089";"2";"1";"1";"7";"22 Avenue de la Mairie";"45,04625000";"3,86578000"
"202400008944";"11";"05";"2024";"23:23";"5";"42";"42218";"2";"2";"1";"3";"Boulevard Fredo Krumnow";"45,44160000";"4,37890000"
"202400008945";"3";"06";"2024";"08:00";"1";"37";"37122";"2";"1";"1";"3";"LAVOISIER (RUE)";"47,34671000";"0,65846000"
"202400008946";"3";"06";"2024";"10:25";"1";"35";"35238";"2";"6";"7";"3";"FORCES FRANCAISES DE L'ONU (ROND POINT)";"48,08950000";" -1,68262000"
"202400008947";"2";"06";"2024";"13:45";"1";"34";"34032";"1";"2";"1";"2";"RD.11";"43,33444000";"3,16460000"
"202400008948";"3";"06";"2024";"13:50";"1";"33";"33281";"2";"1";"1";"2";"N/A";"44,82997000";" -0,65995000"
"202400008949";"3";"06";"2024";"12:05";"1";"33";"33318";"2";"1";"1";"2";"N/A";"44,78540000";" -0,68240000"
"202400008950";"3";"06";"2024";"13:45";"1";"33";"33529";"2";"1";"1";"6";"N/A";"44,63930000";" -1,15460000"
"202400008951";"3";"06";"2024";"23:35";"3";"31";"31555";"2";"1";"1";"3";"RTE DE SAINT SIMON";"43,58038470";"1,39474131"
"202400008952";"3";"06";"2024";"18:00";"1";"31";"31069";"2";"1";"1";"2";"BRASSENS (AV GEORGES)";"43,64797500";"1,37570300"
"202400008953";"3";"06";"2024";"07:20";"1";"31";"31555";"2";"1";"1";"3";"RTE D ESPAGNE";"43,56361316";"1,42506081"
"202400008954";"3";"06";"2024";"10:20";"1";"30";"30007";"2";"1";"1";"1";"MAS D'HOURS (QUAI DU)";"44,10712000";"4,09641000"
"202400008955";"3";"06";"2024";"10:25";"1";"28";"28134";"2";"1";"1";"6";"VIEUX PRE (PLACE DU)";"48,73253000";"1,36489000"
"202400008956";"3";"06";"2024";"16:30";"1";"27";"27229";"2";"2";"1";"3";"BUZOT (RUE)";"49,02754000";"1,15530000"
"202400008957";"3";"06";"2024";"15:25";"1";"27";"27229";"2";"1";"1";"3";"DUCY (RUE HENRI)";"49,02272000";"1,14867000"
"202400008958";"3";"06";"2024";"12:22";"1";"17";"17300";"2";"3";"1";"6";"LECLERC   AVENUE DU GENERAL";"46,16267000";" -1,16073000"
"202400008959";"3";"06";"2024";"18:20";"1";"16";"16358";"2";"6";"1";"3";"N/A";"45,67307000";"0,12567000"
"202400008960";"1";"06";"2024";"17:20";"1";"15";"15012";"2";"1";"1";"2";"RD 320";"44,90201000";"2,45782000"
"202400008961";"3";"06";"2024";"13:05";"1";"13";"13117";"1";"3";"1";"3";"LONDRES (AVENUE DE)";"43,42723000";"5,23544000"
"202400008962";"3";"06";"2024";"11:40";"1";"13";"13205";"2";"2";"1";"3";"SAINTE CECILE (RUE)";"43,28713461";"5,39175693"
"202400008963";"3";"06";"2024";"12:00";"1";"13";"13208";"2";"1";"1";"3";"PRADO (AVENUE DU)";"43,26875575";"5,38547695"
"202400008964";"3";"06";"2024";"18:50";"1";"13";"13047";"2";"6";"1";"3";"FELIX GOUIN AVENUE";"43,49909000";"4,98624000"
"202400008965";"3";"06";"2024";"17:30";"1";"07";"07281";"2";"1";"1";"3";"REPUBLIQUE (RUE DE LA)";"44,94542000";"4,84292000"
"202400008966";"3";"06";"2024";"07:26";"1";"06";"06088";"2";"1";"1";"6";"40 Avenue du Ray";"43,72477000";"7,25704510"
"202400008967";"3";"06";"2024";"09:20";"1";"03";"03185";"2";"2";"1";"3";"GUESDE ( AVENUE JULES )";"46,33842000";"2,57445000"
"202400008968";"3";"06";"2024";"10:10";"1";"01";"01053";"2";"3";"1";"3";"VICAIRE (RUE GABRIEL)";"46,20791000";"5,22428000"
"202400008969";"2";"06";"2024";"22:00";"5";"75";"75116";"2";"1";"1";"7";"BD PERIPHERIQUE EXTERIEUR";"48,87705000";"2,27935600"
"202400008970";"3";"06";"2024";"10:10";"1";"75";"75120";"2";"3";"1";"6";"RUE DE MENILMONTANT";"48,86867300";"2,38964300"
"202400008971";"3";"06";"2024";"08:50";"1";"75";"75120";"2";"3";"1";"6";"RUE D AVRON";"48,85157200";"2,39952200"
"202400008972";"1";"06";"2024";"22:17";"5";"75";"75114";"2";"2";"2";"3";"AVENUE DE LA PORTE DE CHATILLON";"48,82266100";"2,31484600"
"202400008973";"1";"06";"2024";"10:12";"1";"75";"75120";"2";"5";"2";"6";"RUE DES PYRENEES";"48,85627500";"2,40489400"
"202400008974";"3";"06";"2024";"15:25";"1";"75";"75110";"2";"4";"1";"6";"RUE LA FAYETTE";"48,88240600";"2,36913400"
"202400008975";"3";"06";"2024";"12:55";"1";"75";"75109";"2";"3";"1";"1";"RUE DE CLICHY";"48,87898900";"2,32958800"
"202400008976";"3";"06";"2024";"15:02";"1";"75";"75107";"2";"3";"1";"6";"AVENUE DE LA BOURDONNAIS";"48,85990700";"2,29674200"
"202400008977";"3";"06";"2024";"08:45";"1";"75";"75115";"2";"1";"1";"3";"RUE GASTON BOISSIER";"48,82934100";"2,29496900"
"202400008978";"3";"06";"2024";"19:15";"1";"75";"75101";"2";"2";"1";"2";"RUE CAMBON";"48,86744400";"2,32621200"
"202400008979";"2";"06";"2024";"02:50";"5";"94";"94067";"2";"2";"1";"3";"Avenue de Paris / Avenue Aubert";"48,84591000";"2,42369000"
"202400008980";"3";"06";"2024";"07:30";"1";"94";"94068";"2";"2";"1";"3";"Avenue François Adam / Rue du Docteur Roux";"48,79246000";"2,49153000"
"202400008981";"3";"06";"2024";"14:25";"1";"94";"94041";"2";"2";"1";"6";"Rue Pierre et Marie Curie / Avenue de Verdun";"48,81308000";"2,37082000"
"202400008982";"2";"06";"2024";"21:17";"1";"94";"94076";"2";"1";"1";"6";"Rue Marcel Grosménil";"48,79652900";"2,35464400"
"202400008983";"3";"06";"2024";"15:30";"1";"94";"94019";"2";"6";"1";"6";"Rue Rabelais / Route du Plessis";"48,80472030";"2,55413774"
"202400008984";"20";"10";"2024";"15:15";"1";"52";"52093";"1";"1";"1";"6";"D17";"47,79781344";"5,41897894"
"202400008985";"3";"06";"2024";"11:10";"1";"94";"94075";"2";"3";"1";"5";"Avenue du Mal de Lattre de Tassigny / Route de la Grange";"48,73429828";"2,52032161"
"202400008986";"16";"10";"2024";"20:14";"3";"88";"88116";"1";"1";"2";"7";"Route du Menil";"47,93831900";"6,82664000"
"202400008987";"3";"06";"2024";"09:00";"1";"93";"93062";"2";"2";"1";"3";"Allée des Coteaux / Avenue Thiers";"48,89701000";"2,52304000"
"202400008988";"2";"06";"2024";"21:40";"5";"93";"93057";"2";"2";"1";"3";"Allée du Colonel Fabien / Allée de l'Enclos Fleury";"48,91247200";"2,50573600"
"202400008989";"20";"10";"2024";"03:30";"3";"95";"95678";"1";"1";"2";"6";"N184";"49,07329000";"2,24189800"
"202400008990";"2";"06";"2024";"20:19";"1";"93";"93001";"2";"3";"1";"3";"Rue des Postes / Rue des Quatre Chemins";"48,90356300";"2,38972300"
"202400008991";"20";"10";"2024";"10:15";"1";"973";"97309";"2";"1";"1";"6";"Route de Montjoly";"4,92529300";" -52,28616700"
"202400008992";"3";"06";"2024";"18:40";"1";"92";"92046";"2";"1";"1";"6";"JULES GUESDE (RUE)";"48,81402000";"2,28707000"
"202400008993";"3";"06";"2024";"15:30";"1";"92";"92064";"2";"9";"1";"2";"GEORGES CLEMENCEAU";"48,84144351";"2,22123814"
"202400008994";"19";"10";"2024";"05:30";"1";"987";"98715";"2";"1";"1";"3";"RT 1 PK 6.100";" -17,56458600";" -149,61217800"
"202400008995";"3";"06";"2024";"21:20";"1";"92";"92050";"2";"2";"1";"3";"NATIONAL (BOULEVARD)";"48,89012471";"2,18063687"
"202400008996";"3";"06";"2024";"02:30";"5";"92";"92051";"2";"1";"1";"6";"SAINTE FOY (AVENUE)";"48,88698365";"2,26478049"
"202400008997";"19";"10";"2024";"21:45";"3";"69";"69027";"2";"3";"1";"6";"Route Départementale 342";"45,68030200";"4,76823800"
"202400008998";"3";"06";"2024";"18:30";"1";"92";"92050";"2";"3";"1";"3";"SAINT CLOUD RUE DE";"48,88574000";"2,20106000"
"202400008999";"3";"06";"2024";"11:01";"1";"92";"92023";"2";"1";"1";"6";"NORMANDIE (RUE DE)";"48,78430712";"2,24109507"
"202400009000";"19";"10";"2024";"11:45";"1";"72";"72175";"1";"3";"1";"7";"D 13";"47,70723100";"0,09360900"
"202400009001";"3";"06";"2024";"14:50";"1";"92";"92007";"2";"1";"1";"6";"HUGO (AVENUE VICTOR)";"48,80540431";"2,32367098"
"202400009002";"16";"10";"2024";"09:00";"1";"971";"97125";"2";"1";"1";"2";"Chemin militaire";"16,26232600";" -61,28545000"
"202400009003";"4";"06";"2024";"18:40";"1";"50";"50027";"1";"2";"8";"3";"La Chauviniere";"48,69296800";" -1,44130600"
"202400009004";"4";"06";"2024";"05:30";"2";"06";"06054";"1";"1";"1";"6";"Ligne de Nice à Breil-sur-Roya (Pont)";"43,76450800";"7,32374500"
"202400009005";"20";"10";"2024";"15:00";"1";"33";"33199";"2";"1";"1";"1";"N/A";"44,62439000";" -1,06589700"
"202400009006";"4";"06";"2024";"15:34";"1";"95";"95480";"2";"1";"1";"6";"D4";"49,10975927";"2,20637140"
"202400009007";"19";"10";"2024";"01:30";"3";"91";"91671";"2";"1";"2";"6";"D191";"48,45772900";"2,26173000"
"202400009008";"4";"06";"2024";"13:40";"1";"95";"95052";"2";"9";"1";"6";"D78";"49,14441853";"2,28575268"
"202400009009";"20";"10";"2024";"14:30";"1";"66";"66171";"2";"1";"1";"3";"Boulevard Aristide Maillol";"42,62901000";"3,03370200"
"202400009010";"3";"06";"2024";"13:30";"1";"49";"49188";"1";"1";"1";"7";"La Croix des Landes";"47,57470200";" -0,32287400"
"202400009011";"19";"10";"2024";"22:00";"3";"66";"66037";"1";"1";"1";"6";"RD 617";"42,70653300";"2,98895700"
"202400009012";"3";"06";"2024";"10:45";"1";"63";"63349";"1";"1";"5";"3";"lafont";"45,94562000";"2,86990500"
"202400009013";"19";"10";"2024";"07:10";"3";"34";"34067";"1";"1";"2";"6";"D 4";"43,91515300";"3,70203900"
"202400009014";"3";"06";"2024";"15:20";"1";"62";"62166";"1";"1";"1";"3";"D916";"50,45563669";"2,39007065"
"202400009015";"4";"06";"2024";"07:15";"1";"83";"83018";"1";"1";"1";"6";"D13 PK 2.400";"43,33514587";"6,17702355"
"202400009016";"19";"10";"2024";"16:21";"1";"05";"05038";"1";"1";"2";"6";"D902";"44,71925446";"6,76142514"
"202400009017";"20";"10";"2024";"12:00";"1";"04";"04197";"2";"1";"1";"6";"rd 4096";"43,78924300";"5,77179200"
"202400009018";"3";"06";"2024";"14:30";"1";"30";"30047";"1";"3";"1";"2";"D6113";"43,79509800";"4,42244200"
"202400009019";"20";"10";"2024";"09:00";"1";"03";"03187";"1";"1";"1";"6";"Route de Gayette";"46,34793500";"3,45262500"
"202400009020";"4";"06";"2024";"09:45";"1";"56";"56158";"1";"6";"1";"3";"giratoire Kroashent-tro Flumir";"47,69983800";" -2,79610600"
"202400009021";"3";"06";"2024";"10:15";"1";"77";"77239";"1";"2";"1";"3";"D231";"48,65563600";"3,14945000"
"202400009022";"15";"05";"2024";"23:50";"4";"61";"61211";"2";"1";"1";"6";"D827";"48,54242300";" -0,57866500"
"202400009023";"20";"10";"2024";"14:05";"1";"01";"01396";"1";"1";"1";"5";"D122";"45,87227700";"5,38580100"
"202400009024";"4";"06";"2024";"20:00";"1";"55";"55010";"1";"1";"1";"6";"Chemin de Chancenay";"48,64269000";"5,02147600"
"202400009025";"3";"06";"2024";"18:10";"1";"49";"49167";"1";"1";"1";"1";"Route des Coteaux";"47,40353400";" -0,50014600"
"202400009026";"19";"10";"2024";"15:25";"1";"17";"17308";"2";"2";"1";"4";"Avenue de Villeneuve";"45,87137700";" -0,96008300"
"202400009027";"3";"06";"2024";"20:28";"2";"25";"25620";"1";"1";"2";"1";"D437";"47,00864800";"6,48047600"
"202400009028";"4";"06";"2024";"12:50";"1";"25";"25482";"1";"1";"1";"6";"D67";"47,26792000";"5,83668500"
"202400009029";"18";"10";"2024";"23:30";"3";"40";"40244";"1";"1";"2";"6";"D824";"43,70344400";" -1,17794000"
"202400009030";"20";"10";"2024";"06:30";"3";"24";"24382";"1";"1";"1";"6";"Route de Sarlat";"44,84127600";"0,66716700"
"202400009031";"2";"06";"2024";"15:50";"1";"44";"44092";"2";"1";"1";"4";"1 Rue de la Grotte";"47,67198400";" -1,91252200"
"202400009032";"3";"06";"2024";"16:45";"1";"07";"07010";"1";"3";"7";"3";"Avenue Ferdinand Janvier";"45,26298899";"4,66720730"
"202400009033";"2";"06";"2024";"22:50";"5";"40";"40267";"2";"1";"1";"6";"37 Allées Gaston Phoebus";"43,97776900";" -0,23311400"
"202400009034";"19";"10";"2024";"21:00";"3";"50";"50294";"1";"1";"1";"6";"D352";"49,60243600";" -1,63829300"
"202400009035";"3";"06";"2024";"12:20";"1";"24";"24291";"1";"1";"1";"3";"124 Route de Sarlat";"45,06409800";"1,17656000"
"202400009036";"20";"10";"2024";"04:26";"3";"80";"80105";"1";"2";"1";"3";"D930";"49,74348700";"2,88474800"
"202400009037";"4";"06";"2024";"17:00";"1";"30";"30268";"1";"1";"1";"3";"970 Route Departementale 59";"44,23173200";"4,14574600"
"202400009038";"2";"06";"2024";"10:30";"1";"08";"08449";"1";"1";"1";"6";"N/A";"49,71154900";"4,55391900"
"202400009039";"27";"09";"2024";"19:00";"1";"69";"69273";"1";"1";"1";"5";"Route Départementale 301";"45,67908096";"4,89697312"
"202400009040";"4";"06";"2024";"08:36";"1";"06";"06088";"1";"1";"1";"7";"A8 PK 193.050";"43,71822000";"7,21397800"
"202400009041";"3";"06";"2024";"11:45";"1";"974";"97417";"2";"1";"1";"4";"16b ravine ango";" -21,35287500";"55,78548200"
"202400009042";"4";"06";"2024";"13:15";"1";"974";"97408";"1";"1";"1";"3";"N1";" -20,90997400";"55,35641700"
"202400009043";"18";"10";"2024";"17:13";"1";"92";"92064";"1";"1";"1";"2";"A13";"48,84146307";"2,22135306"
"202400009044";"18";"10";"2024";"13:18";"1";"92";"92036";"1";"1";"8";"2";"A86";"48,93488870";"2,26784952"
"202400009045";"3";"06";"2024";"18:25";"1";"78";"78590";"1";"1";"1";"3";"D149";"48,68197900";"1,98264600"
"202400009046";"3";"06";"2024";"12:35";"1";"13";"13081";"1";"1";"1";"1";"D21";"43,49288400";"5,22129500"
"202400009047";"28";"05";"2024";"11:02";"1";"40";"40294";"1";"1";"1";"6";"Route de Saint Pandelon";"43,65785900";" -1,01244800"
"202400009048";"18";"10";"2024";"22:45";"5";"95";"95277";"1";"1";"1";"2";"D170 ";"48,97768924";"2,46264476"
"202400009049";"3";"06";"2024";"12:00";"1";"33";"33219";"1";"2";"1";"2";"N/A";"44,97613000";" -0,39350700"
"202400009050";"3";"06";"2024";"17:20";"1";"33";"33535";"1";"1";"1";"3";"N/A";"44,82730300";" -0,45990200"
"202400009051";"18";"10";"2024";"15:20";"1";"77";"77363";"1";"1";"8";"3";"A104.INT";"48,91014515";"2,63702434"
"202400009052";"2";"06";"2024";"10:30";"1";"50";"50599";"2";"1";"1";"6";"48 Les Amonteux";"49,58892300";" -1,60095500"
"202400009053";"18";"10";"2024";"20:00";"5";"69";"69382";"2";"1";"1";"3";"4 Quai Jules Courmont";"45,76223512";"4,83812304"
"202400009054";"3";"06";"2024";"06:35";"2";"14";"14646";"1";"2";"1";"3";"D247";"48,92991000";" -0,20503100"
"202400009055";"18";"10";"2024";"12:05";"1";"69";"69034";"2";"2";"1";"3";"Avenue Général de Gaulle";"45,81246000";"4,85967000"
"202400009056";"3";"06";"2024";"19:27";"1";"22";"22299";"1";"2";"1";"3";"Le Bois du Rocher";"48,48203800";" -1,96154400"
"202400009057";"3";"06";"2024";"12:15";"1";"22";"22162";"2";"1";"1";"2";"Rue de Penvern";"48,76716500";" -3,05738600"
"202400009058";"18";"10";"2024";"19:41";"5";"2B";"2B033";"2";"6";"1";"3";"AV DE LA LIBERATION";"42,67800000";"9,44300000"
"202400009059";"31";"05";"2024";"15:25";"1";"67";"67482";"1";"1";"1";"2";"M35";"48,57972000";"7,72459000"
"202400009060";"8";"10";"2024";"12:25";"1";"971";"97113";"1";"1";"2";"7";"Pont de BLANCHARD";"16,22268000";" -61,52449000"
"202400009061";"3";"06";"2024";"23:17";"3";"33";"33122";"1";"1";"1";"2";"N/A";"44,72464800";" -0,73328500"
"202400009062";"31";"05";"2024";"06:25";"1";"59";"59343";"1";"1";"1";"6";"AUTOROUTE A1";"50,59078000";"3,09776000"
"202400009063";"16";"10";"2024";"07:47";"1";"971";"97101";"1";"3";"1";"3";"ROUTE DE BOISVINS";"16,26524780";" -61,48090839"
"202400009064";"3";"06";"2024";"20:05";"1";"94";"94038";"1";"1";"1";"3";"A6A";"48,78216297";"2,34689144"
"202400009065";"18";"10";"2024";"11:37";"1";"2A";"2A004";"2";"1";"1";"3";"#Residence des Fleurs#";"41,94040000";"8,75070000"
"202400009066";"3";"06";"2024";"07:30";"1";"94";"94034";"1";"1";"1";"2";"A86";"48,75582579";"2,33773375"
"202400009067";"18";"10";"2024";"10:50";"1";"91";"91689";"1";"3";"8";"3";"RTE DE MONTJEAN";"48,74059000";"2,33631600"
"202400009068";"3";"06";"2024";"08:00";"1";"92";"92036";"1";"1";"1";"3";"A86";"48,93368348";"2,27544143"
"202400009069";"3";"06";"2024";"06:00";"2";"92";"92064";"1";"1";"1";"3";"A13";"48,83812303";"2,19111804"
"202400009070";"18";"10";"2024";"11:05";"1";"91";"91657";"2";"1";"8";"3";"AV HENRI BARBUSSE";"48,69977000";"2,41852000"
"202400009071";"1";"06";"2024";"17:52";"1";"78";"78362";"1";"1";"1";"7";"A13";"48,97570300";"1,72417100"
"202400009072";"18";"10";"2024";"06:45";"3";"91";"91691";"2";"1";"2";"1";"GERMAINE(RUE)";"48,69940800";"2,48744600"
"202400009073";"31";"05";"2024";"22:45";"3";"78";"78208";"1";"1";"2";"7";"RN12 INT";"48,79999400";"1,98155400"
"202400009074";"17";"10";"2024";"22:43";"5";"88";"88413";"2";"1";"1";"2";"Rue des 4 Fréres MOUGEOTTE";"48,28345000";"6,95658000"
"202400009075";"2";"06";"2024";"03:40";"4";"95";"95582";"1";"1";"2";"6";"A15";"48,96404017";"2,26342765"
"202400009076";"18";"10";"2024";"20:33";"5";"86";"86194";"2";"2";"1";"3";"Boulevard Bajon";"46,58107800";"0,35283500"
"202400009077";"11";"04";"2024";"09:18";"1";"44";"44114";"2";"1";"8";"5";"N/A";"47,26462193";" -1,59395143"
"202400009078";"11";"04";"2024";"12:48";"1";"44";"44109";"2";"1";"1";"6";"Boulevard Bâtonnier Cholet";"47,20011270";" -1,61258385"
"202400009079";"18";"10";"2024";"08:00";"1";"84";"84007";"2";"1";"8";"2";"EUROPE (PONT DE L')";"43,94457000";"4,79491000"
"202400009080";"9";"04";"2024";"23:39";"5";"44";"44143";"2";"6";"1";"7";"74 Rue de la Chaussée";"47,17877297";" -1,52816013"
"202400009081";"18";"10";"2024";"18:00";"1";"81";"81065";"1";"1";"8";"6";"LAUTREC RD 83 (RTE DE)";"43,63891000";"2,19522000"
"202400009082";"9";"04";"2024";"14:31";"1";"44";"44109";"2";"3";"8";"3";"36 Rue de Gigant";"47,21448563";" -1,57215642"
"202400009083";"18";"10";"2024";"18:40";"2";"80";"80021";"1";"1";"1";"7";"Chaussée Saint-Pierre";"49,90207000";"2,30013000"
"202400009084";"9";"04";"2024";"07:35";"1";"44";"44109";"2";"6";"1";"3";"Route de Vannes";"47,23778995";" -1,58612259"
"202400009085";"9";"04";"2024";"08:40";"1";"44";"44143";"2";"1";"1";"7";"68 Rue Camille Claudel";"47,16584270";" -1,55186933"
"202400009086";"8";"04";"2024";"09:49";"1";"44";"44109";"2";"1";"8";"6";"55 boulevard paul chabas";"47,22189203";" -1,58995661"
"202400009087";"8";"09";"2024";"23:10";"3";"78";"78217";"2";"9";"3";"6";"ROUTE DE SEPTEUIL";"48,92906700";"1,79025500"
"202400009088";"5";"04";"2024";"07:08";"2";"44";"44162";"2";"6";"1";"3";"Rond-Point des Moulinets";"47,21500000";" -1,63900000"
"202400009089";"26";"05";"2024";"10:45";"1";"62";"62193";"2";"1";"1";"6";"Boulevard du Général de Gaulle";"50,96072000";"1,83441000"
"202400009090";"18";"10";"2024";"20:15";"5";"78";"78297";"2";"1";"8";"7";"WRIGHT (RUE FRANCK-LLOYD)";"48,76651000";"2,07563000"
"202400009091";"2";"06";"2024";"13:20";"1";"974";"97416";"2";"1";"1";"2";"PRESIDENT MITTERAND(AVENUE)";" -21,34291000";"55,48138000"
"202400009092";"18";"10";"2024";"17:50";"1";"78";"78644";"2";"1";"8";"2";"NOES  (AVENUE DES)";"48,75798000";"1,95756000"
"202400009093";"2";"06";"2024";"20:10";"1";"69";"69388";"2";"2";"1";"3";"Rue Saint Gervais";"45,74178000";"4,86210000"
"202400009094";"27";"05";"2024";"14:20";"1";"69";"69034";"2";"1";"1";"3";"53 Quai Clemenceau";"45,79627000";"4,83335000"
"202400009095";"2";"06";"2024";"05:40";"5";"69";"69382";"2";"2";"1";"3";"Quai Perrache";"45,73406000";"4,81799000"
"202400009096";"17";"10";"2024";"17:30";"1";"77";"77269";"1";"2";"1";"3";"D408";"48,54245700";"2,70406577"
"202400009097";"2";"06";"2024";"15:42";"1";"2A";"2A004";"2";"3";"1";"3";"SAMPIERO BD";"41,92489000";"8,73887000"
"202400009098";"2";"06";"2024";"14:00";"1";"95";"95574";"2";"1";"1";"3";"D192P";"49,01655200";"2,26341800"
"202400009099";"17";"10";"2024";"16:30";"1";"77";"77251";"2";"1";"1";"6";"BD VICTOR SCHOELCHER";"48,63039000";"2,55579000"
"202400009100";"1";"06";"2024";"17:45";"1";"84";"84080";"1";"1";"1";"1";"BEAUREGARD CHEMIN DE";"44,01060000";"4,96636000"
"202400009101";"18";"10";"2024";"05:45";"3";"77";"77186";"1";"1";"2";"6";"RD152";"48,35370000";"2,61582000"
"202400009102";"2";"06";"2024";"19:30";"1";"83";"83126";"2";"6";"1";"3";"RENOIR (AV AUGUSTE)";"43,08400000";"5,86600000"
"202400009103";"2";"06";"2024";"11:16";"1";"79";"79329";"2";"2";"1";"3";"N/A";"46,98377000";" -0,21432000"
"202400009104";"2";"06";"2024";"20:30";"1";"76";"76026";"2";"6";"1";"1";"ROUTE DE SAINT NICOLAS";"49,88270437";"1,14191526"
"202400009105";"2";"06";"2024";"11:30";"1";"73";"73065";"2";"6";"1";"3";"D991 / PIOCHET (RUE DU)";"45,58592000";"5,92301000"
"202400009106";"18";"10";"2024";"05:20";"5";"74";"74012";"2";"9";"2";"6";"ZOLA (RUE EMILE)";"46,19000000";"6,23000000"
"202400009107";"2";"06";"2024";"13:20";"1";"69";"69266";"2";"2";"2";"3";"Rue Jules Kumer";"45,76615000";"4,89063000"
"202400009108";"1";"06";"2024";"16:20";"1";"69";"69091";"2";"9";"1";"3";"Rue de la Paix";"45,58457000";"4,74968000"
"202400009109";"2";"06";"2024";"02:15";"5";"66";"66136";"2";"1";"1";"6";"Avenue Maréchal Joffre";"42,70786317";"2,89128721"
"202400009110";"17";"10";"2024";"18:15";"2";"72";"72181";"2";"3";"2";"3";"ROSTOV SUR LE DON (RUE) N° PAIRS";"48,00659000";"0,19714000"
"202400009111";"1";"06";"2024";"10:00";"1";"65";"65286";"2";"1";"1";"6";"Rue du Docteur Bouriot";"43,09169260";" -0,04520971"
"202400009112";"2";"06";"2024";"16:25";"1";"64";"64445";"2";"1";"1";"2";"ESPALUNGUE D'";"43,29601000";" -0,37595000"
"202400009113";"17";"10";"2024";"19:45";"5";"71";"71270";"2";"1";"2";"7";"FONTAINE (RUE DE LA)";"46,32094455";"4,82320577"
"202400009114";"18";"10";"2024";"18:20";"1";"71";"71445";"1";"6";"8";"3";"ORLANS (ROND POINT DES)";"46,77739655";"4,87793301"
"202400009115";"2";"06";"2024";"19:55";"1";"62";"62178";"2";"1";"1";"2";"D488";"50,48666218";"2,56028972"