"Num_Acc";"jour";"mois";"an";"hrmn";"lum";"dep";"com";"agg";"int";"atm";"col";"adr";"lat";"long"
"202400009116";"2";"06";"2024";"10:30";"1";"60";"60057";"2";"9";"1";"3";"Rue du Faubourg Saint-André";"49,43089000";"2,09062000"
"202400009117";"2";"06";"2024";"20:15";"1";"59";"59650";"2";"1";"1";"6";"Rue Vallon";"50,70426000";"3,22566000"
"202400009118";"18";"10";"2024";"19:54";"5";"64";"64102";"2";"1";"1";"1";"BERNEDE (RUE)";"43,49233000";" -1,47447000"
"202400009119";"2";"06";"2024";"15:59";"1";"57";"57487";"1";"9";"1";"1";"RD157B";"49,09831000";"6,11799000"
"202400009120";"2";"06";"2024";"18:58";"1";"56";"56260";"2";"1";"1";"6";"Parking Bilaire Rue de Strasbourg";"47,66992800";" -2,74819400"
"202400009121";"17";"10";"2024";"15:25";"1";"64";"64102";"2";"6";"3";"3";"JUPITER (GIRATOIRE)";"43,47873000";" -1,45570000"
"202400009122";"2";"06";"2024";"12:10";"1";"44";"44162";"2";"6";"1";"6";"45 Boulevard Marcel Paul";"47,24602000";" -1,61698000"
"202400009123";"18";"10";"2024";"19:57";"3";"63";"63113";"2";"1";"2";"1";"POMPIDOU (BD GEORGES)";"45,80980000";"3,13170000"
"202400009124";"2";"06";"2024";"02:20";"5";"35";"35238";"2";"2";"1";"3";"SERGENT MAGINOT (AVENUE)";"48,10982000";" -1,66558000"
"202400009125";"18";"10";"2024";"20:50";"5";"62";"62193";"2";"1";"1";"3";"Avenue Louis Blériot";"50,95159892";"1,87533867"
"202400009126";"2";"06";"2024";"01:26";"3";"33";"33529";"1";"1";"1";"1";"N/A";"44,64300000";" -1,15410000"
"202400009127";"18";"10";"2024";"14:00";"1";"59";"59599";"2";"7";"1";"6";"HASSEBROUCQ (PLACE VICTOR)";"50,72343000";"3,16051000"
"202400009128";"2";"06";"2024";"04:45";"4";"31";"31555";"2";"9";"1";"6";"BD DES MINIMES";"43,61622230";"1,43987954"
"202400009129";"18";"10";"2024";"12:20";"1";"59";"59328";"2";"1";"2";"5";"HIPPODROME AV DE L N°237 AU389";"50,65416000";"3,01938000"
"202400009130";"2";"06";"2024";"19:10";"1";"25";"25056";"2";"7";"2";"3";"CASSOTTE  RUE DE LA";"47,24555000";"6,02885000"
"202400009131";"17";"10";"2024";"22:05";"5";"58";"58194";"2";"1";"3";"1";"MARZY";"46,98821000";"3,12312000"
"202400009132";"31";"05";"2024";"16:30";"1";"22";"22113";"1";"1";"1";"2";"TREGASTEL (ROUTE DE)";"48,77117000";" -3,48499000"
"202400009133";"1";"06";"2024";"17:00";"1";"18";"18279";"2";"1";"8";"1";"92 Route de Tours";"47,23875000";"2,02757000"
"202400009134";"15";"10";"2024";"14:05";"1";"57";"57757";"2";"3";"1";"3";"GUYNEMER (RUE)";"49,35857880";"6,19824573"
"202400009135";"17";"10";"2024";"17:10";"1";"56";"56121";"2";"6";"1";"3";"Boulevard Eugène Cosmao-Dumanoir";"47,75262000";" -3,37742000"
"202400009136";"2";"06";"2024";"13:30";"1";"13";"13054";"2";"3";"1";"3";"D9 (BRETELLE)";"43,40741000";"5,20795000"
"202400009137";"17";"10";"2024";"08:00";"2";"56";"56121";"2";"6";"8";"3";"Rond-point des Asturies";"47,74122470";" -3,35829200"
"202400009138";"2";"06";"2024";"18:35";"1";"13";"13215";"2";"1";"1";"3";"SAINT ANTOINE (AVENUE DE)";"43,37890000";"5,35698000"
"202400009139";"2";"06";"2024";"17:50";"1";"11";"11069";"1";"1";"1";"6";"N/A";"43,21356000";"2,27621000"
"202400009140";"17";"10";"2024";"16:45";"1";"54";"54547";"2";"1";"1";"2";"Boulevard de l'Europe";"48,65771000";"6,17793000"
"202400009141";"2";"06";"2024";"18:16";"1";"10";"10297";"2";"1";"1";"3";"Rue Roger Salengro";"48,31361000";"4,09802000"
"202400009142";"18";"10";"2024";"19:50";"5";"51";"51454";"2";"1";"2";"2";"HENROT (BOULEVARD HENRI)";"49,24289000";"4,03489000"
"202400009143";"2";"06";"2024";"19:35";"1";"75";"75118";"2";"1";"1";"4";"BD PERIPHERIQUE INTERIEUR";"48,90098400";"2,34803800"
"202400009144";"18";"10";"2024";"11:47";"1";"51";"51454";"2";"6";"8";"3";"NEUFCHATEL (RUE DE) DU N° 123 A FIN (IMP";"49,28711000";"4,02770000"
"202400009145";"2";"06";"2024";"13:45";"1";"75";"75120";"2";"3";"1";"3";"PLACE DE LA PORTE DE MONTREUIL";"48,85421700";"2,41465100"
"202400009146";"16";"10";"2024";"17:15";"1";"51";"51454";"2";"1";"1";"2";"CHAMPAGNE   (  AVENUE DE)";"49,21469000";"4,01662000"
"202400009147";"2";"06";"2024";"03:00";"5";"75";"75120";"2";"2";"1";"2";"RUE DES PYRENEES";"48,86754300";"2,39639700"
"202400009148";"18";"10";"2024";"17:32";"1";"49";"49007";"2";"1";"1";"5";"LAC DE MAINE AVENUE";"47,46356000";" -0,59453000"
"202400009149";"2";"06";"2024";"06:15";"2";"75";"75119";"2";"2";"8";"3";"PLACE AUGUSTE BARON";"48,89976900";"2,38792300"
"202400009150";"17";"10";"2024";"19:50";"5";"46";"46042";"2";"9";"3";"6";"GAMBETTA (BOULEVARD LEON) N° PAIR";"44,44553000";"1,44138000"
"202400009151";"2";"06";"2024";"21:11";"1";"75";"75118";"2";"2";"1";"3";"RUE DU MONT CENIS";"48,89182700";"2,34392600"
"202400009152";"18";"10";"2024";"08:20";"2";"44";"44143";"2";"1";"8";"6";"123 Rue Jean Fraix";"47,18625000";" -1,54212000"
"202400009153";"2";"06";"2024";"20:15";"1";"75";"75117";"2";"2";"1";"6";"AVENUE DE LA PORTE DE CLICHY";"48,89512800";"2,31190700"
"202400009154";"2";"06";"2024";"06:50";"1";"75";"75115";"2";"2";"1";"3";"RUE DE LA CROIX NIVERT";"48,84289900";"2,29507200"
"202400009155";"19";"10";"2024";"00:10";"3";"42";"42184";"2";"9";"1";"1";"Rue Pasteur";"46,04305000";"4,04460000"
"202400009156";"2";"06";"2024";"18:00";"1";"75";"75110";"2";"2";"1";"1";"BOULEVARD DE STRASBOURG";"48,87387300";"2,35838000"
"202400009157";"2";"06";"2024";"06:30";"2";"75";"75107";"2";"1";"1";"6";"AVENUE DE VILLARS";"48,85267700";"2,31317500"
"202400009158";"18";"10";"2024";"05:10";"3";"37";"37233";"1";"1";"1";"6";"LOIRE (LEVEE DE LA)";"47,40071000";"0,74308000"
"202400009159";"2";"06";"2024";"00:01";"5";"75";"75107";"2";"1";"8";"7";"AVENUE DE BRETEUIL";"48,84804400";"2,31132300"
"202400009160";"2";"06";"2024";"16:08";"1";"94";"94081";"2";"1";"2";"2";"Avenue Rouget de Lisle";"48,78026916";"2,39570671"
"202400009161";"18";"10";"2024";"20:50";"5";"35";"35238";"2";"6";"1";"3";"ROUTE DE SAINT-MALO";"48,13243900";" -1,69024400"
"202400009162";"2";"06";"2024";"18:20";"1";"94";"94002";"2";"1";"1";"2";"139 Rue Paul Vaillant Couturier";"48,80775900";"2,41791800"
"202400009163";"18";"10";"2024";"16:20";"1";"35";"35238";"2";"6";"1";"1";"DREZEN (YOUENN)";"48,13104000";" -1,63457000"
"202400009164";"2";"06";"2024";"19:00";"1";"93";"93066";"2";"9";"1";"3";"Rue Danielle Casanova / Avenue Paul Vaillant-Couturier";"48,92971900";"2,36169300"
"202400009165";"18";"10";"2024";"18:55";"1";"34";"34172";"2";"1";"1";"3";"GARRATS (AVENUE DES)";"43,61079200";"3,83896000"
"202400009166";"2";"06";"2024";"13:00";"1";"93";"93031";"2";"9";"2";"3";"Avenue du 18 Juin 1940";"48,95237545";"2,30722278"
"202400009167";"18";"10";"2024";"20:25";"3";"33";"33039";"1";"1";"1";"3";"N/A";"44,81445000";" -0,53532000"
"202400009168";"1";"06";"2024";"19:30";"1";"93";"93001";"2";"1";"1";"3";"Avenue Victor Hugo";"48,91098795";"2,37924724"
"202400009169";"18";"10";"2024";"13:57";"1";"33";"33063";"2";"9";"1";"6";"N/A";"44,84109000";" -0,56947000"
"202400009170";"2";"06";"2024";"20:57";"1";"92";"92078";"2";"9";"1";"3";"VERDUN (AVENUE) (PAIRS 92 ET PLUS)";"48,93482378";"2,32081014"
"202400009171";"18";"10";"2024";"15:25";"1";"31";"31069";"2";"1";"3";"6";"BUCHES (RUE DES)";"43,63589700";"1,39431700"
"202400009172";"2";"06";"2024";"12:35";"1";"92";"92073";"2";"1";"1";"6";"CARNOT (RUE)";"48,87609000";"2,22905000"
"202400009173";"17";"10";"2024";"18:00";"2";"29";"29232";"2";"1";"1";"3";"Rond-Point de Becharles";"48,01583500";" -4,08739000"
"202400009174";"18";"10";"2024";"23:30";"3";"26";"26362";"1";"1";"2";"7";"L.A.C.R.A. (RN532)";"44,90320620";"4,90734816"
"202400009175";"1";"06";"2024";"19:28";"1";"92";"92049";"2";"1";"3";"3";"BRIAND AVENUE ARISTIDE AUTRES N°";"48,81085607";"2,32647550"
"202400009176";"18";"10";"2024";"07:45";"2";"25";"25462";"1";"1";"2";"1";"GRANGES DES";"46,89219000";"6,33913000"
"202400009177";"2";"06";"2024";"17:02";"1";"92";"92026";"2";"1";"1";"1";"SAINT DENIS BD (120 A 174 / 199 A 315)";"48,89906000";"2,26644000"
"202400009178";"18";"10";"2024";"08:13";"2";"19";"19031";"2";"1";"2";"6";"HERRIOT (AVENUE EDOUARD)";"45,15522000";"1,53307000"
"202400009179";"2";"06";"2024";"21:45";"1";"92";"92012";"2";"1";"1";"2";"GENERAL LECLERC (AVENUE DU) 35/FIN - 60/";"48,82988000";"2,23076000"
"202400009180";"18";"10";"2024";"16:41";"1";"17";"17300";"2";"1";"1";"1";"LECLERC   AVENUE DU GENERAL";"46,16239000";" -1,15866000"
"202400009181";"2";"06";"2024";"20:03";"1";"92";"92012";"2";"1";"1";"3";"VIEUX PONT DE SEVRES (RUE DU) 100/170 -";"48,83282407";"2,24577427"
"202400009182";"17";"10";"2024";"07:55";"2";"15";"15014";"2";"3";"1";"6";"Avenue de Tronquières";"44,90504200";"2,42742300"
"202400009183";"3";"06";"2024";"11:55";"1";"95";"95116";"1";"1";"1";"6";"D924";"49,16071612";"2,32922354"
"202400009184";"18";"10";"2024";"10:50";"1";"14";"14220";"2";"2";"1";"6";"89 Avenue de la République";"49,35691000";"0,07240000"
"202400009185";"2";"06";"2024";"14:30";"1";"31";"31282";"1";"1";"1";"1";"Chemin des Sports";"43,66661400";"1,46766200"
"202400009186";"16";"10";"2024";"19:25";"5";"14";"14118";"2";"1";"3";"3";"88 Rue Chemin Vert";"49,19368800";" -0,39424300"
"202400009187";"2";"06";"2024";"00:01";"3";"972";"97227";"1";"1";"2";"6";"RN5";"14,49763600";" -60,97712500"
"202400009188";"10";"10";"2024";"17:35";"1";"13";"13028";"2";"1";"1";"3";"DULAC (AVENUE GUILLAUME)";"43,20072000";"5,62097000"
"202400009189";"18";"10";"2024";"15:50";"1";"13";"13005";"2";"9";"1";"3";"AVELANEDE (CHEMIN DE L')";"43,28761000";"5,58717000"
"202400009190";"3";"06";"2024";"12:20";"1";"83";"83152";"2";"1";"1";"6";"RD559 - Avenue du général Bouvet";"43,16001000";"6,46471500"
"202400009191";"18";"10";"2024";"08:05";"1";"10";"10387";"2";"2";"1";"3";"Avenue des Lombards";"48,26891000";"4,08448000"
"202400009192";"3";"06";"2024";"17:30";"1";"62";"62307";"1";"1";"1";"1";"D940";"50,92322458";"1,71684891"
"202400009193";"17";"10";"2024";"08:16";"1";"10";"10387";"2";"3";"8";"7";"ETIENNE PEDRON (RUE)";"48,31070000";"4,07450000"
"202400009194";"3";"06";"2024";"19:55";"1";"22";"22341";"1";"2";"1";"6";"La Lande du Moulin Oury";"48,39926300";" -2,37903400"
"202400009195";"17";"10";"2024";"15:14";"1";"75";"75118";"2";"3";"2";"3";"RUE MARX DORMOY";"48,89019700";"2,35988000"
"202400009196";"2";"06";"2024";"17:15";"1";"23";"23216";"1";"1";"8";"6";"LE MAS SOUBROT";"45,83070600";"1,81284100"
"202400009197";"17";"10";"2024";"14:25";"1";"75";"75106";"2";"5";"8";"6";"RUE DE L ANCIENNE COMEDIE";"48,85365089";"2,33842868"
"202400009198";"18";"10";"2024";"18:25";"1";"75";"75119";"2";"4";"8";"6";"AVENUE SIMON BOLIVAR";"48,88098600";"2,37386000"
"202400009199";"18";"10";"2024";"00:10";"5";"75";"75119";"2";"2";"8";"6";"BOULEVARD D INDOCHINE";"48,88363500";"2,39696900"
"202400009200";"31";"05";"2024";"12:25";"1";"35";"35024";"2";"1";"1";"7";"Rue d'Helsinki";"48,17690100";" -1,65938200"
"202400009201";"18";"10";"2024";"13:00";"1";"75";"75118";"2";"1";"1";"3";"RUE LOUIS PASTEUR VALERY RADOT";"48,90034800";"2,33222800"
"202400009202";"18";"10";"2024";"18:35";"2";"75";"75117";"2";"2";"1";"3";"RUE BOURSAULT";"48,88448300";"2,31950900"
"202400009203";"18";"10";"2024";"18:45";"1";"75";"75116";"2";"7";"1";"3";"Place de la Porte d'Auteuil";"48,84749300";"2,25843700"
"202400009204";"17";"10";"2024";"11:00";"1";"75";"75115";"2";"3";"2";"6";"AVENUE EMILE ZOLA";"48,84692600";"2,29431900"
"202400009205";"18";"10";"2024";"14:15";"1";"75";"75110";"2";"4";"1";"6";"RUE DE NANCY";"48,87201000";"2,36982000"
"202400009206";"18";"10";"2024";"09:40";"1";"75";"75108";"2";"3";"2";"2";"AVENUE DES CHAMPS ELYSEES";"48,87051800";"2,30526300"
"202400009207";"18";"10";"2024";"03:20";"5";"75";"75109";"2";"2";"3";"2";"BOULEVARD HAUSSMANN";"48,87375400";"2,32706800"
"202400009208";"18";"10";"2024";"01:30";"5";"75";"75108";"2";"3";"2";"7";"AVENUE DES CHAMPS ELYSEES";"48,87148600";"2,30245700"
"202400009209";"18";"10";"2024";"15:10";"1";"75";"75104";"2";"3";"2";"6";"RUE DE LOBAU";"48,85526400";"2,35280700"
"202400009210";"18";"10";"2024";"09:05";"2";"75";"75101";"2";"7";"2";"7";"PLACE VENDOME";"48,86791700";"2,32987200"
"202400009211";"18";"10";"2024";"01:15";"5";"75";"75102";"2";"3";"2";"3";"BOULEVARD DE BONNE NOUVELLE";"48,87041400";"2,34909000"
"202400009212";"17";"10";"2024";"18:35";"5";"75";"75101";"2";"1";"2";"6";"RUE DE MONTPENSIER";"48,86454500";"2,33635000"
"202400009213";"18";"10";"2024";"06:30";"3";"94";"94028";"2";"1";"2";"2";"Rue de l’Echat";"48,79965000";"2,44845000"
"202400009214";"18";"10";"2024";"08:00";"1";"94";"94018";"2";"1";"2";"3";"Quai des Carrieres";"48,81833000";"2,41244000"
"202400009215";"18";"10";"2024";"16:00";"1";"94";"94071";"2";"3";"2";"1";"Rue du Général Leclerc";"48,77631600";"2,51118400"
"202400009216";"17";"10";"2024";"20:00";"2";"93";"93066";"2";"1";"3";"3";"LANDY(RUE):N° 1 AU 43";"48,91530000";"2,35095000"
"202400009217";"18";"10";"2024";"08:00";"1";"93";"93066";"2";"1";"2";"1";"LAMAZE DOCTEUR";"48,93693000";"2,37201000"
"202400009218";"18";"10";"2024";"19:40";"5";"93";"93048";"2";"2";"1";"3";"RESISTANCE (AVENUE DE LA)";"48,86397133";"2,43614674"
"202400009219";"18";"10";"2024";"14:20";"1";"93";"93046";"2";"9";"1";"6";"JEAN MOULIN BOULEVARD";"48,91387000";"2,51552000"
"202400009220";"15";"10";"2024";"09:03";"1";"92";"92073";"2";"3";"1";"6";"FOUILLEUSE (AVENUE DE)";"48,86141423";"2,19981283"
"202400009221";"18";"10";"2024";"10:35";"1";"92";"92064";"2";"1";"2";"7";"CALVAIRE";"48,85052147";"2,21762225"
"202400009222";"21";"10";"2024";"10:35";"1";"92";"92063";"2";"3";"8";"2";"ZURICH (RUE DE)";"48,87056229";"2,18423657"
"202400009223";"18";"10";"2024";"08:10";"1";"92";"92050";"2";"1";"2";"3";"BOUVETS BOULEVARD DES";"48,89648381";"2,22528934"
"202400009224";"18";"10";"2024";"12:25";"1";"92";"92036";"2";"1";"2";"3";"JEAN JAURES (RUE) (35/+)";"48,93008445";"2,29508087"
"202400009225";"18";"10";"2024";"10:30";"1";"92";"92036";"2";"1";"1";"3";"LUCIEN LANTERNIER (AVENUE) (36/70)";"48,93206596";"2,29012191"
"202400009226";"18";"10";"2024";"08:00";"2";"92";"92036";"2";"1";"2";"2";"MARCEL PAUL (AVENUE) (2/50)";"48,93356000";"2,30277000"
"202400009227";"17";"10";"2024";"16:15";"1";"92";"92025";"2";"2";"3";"3";"GABRIEL PERI (RUE)";"48,91453152";"2,22917810"
"202400009228";"18";"10";"2024";"18:50";"5";"92";"92007";"2";"1";"1";"3";"FRANCE (ALLEE ANATOLE)";"48,80160608";"2,31273808"
"202400009229";"18";"10";"2024";"15:00";"1";"39";"39364";"1";"1";"8";"6";"N/A";"46,75672500";"5,85790200"
"202400009230";"18";"10";"2024";"12:25";"1";"21";"21473";"1";"1";"2";"3";"A31";"47,24373800";"5,07363500"
"202400009231";"19";"10";"2024";"00:30";"3";"974";"97422";"1";"1";"1";"6";"Rue Charles Baudelaire";" -21,25321700";"55,49885800"
"202400009232";"19";"10";"2024";"01:30";"5";"974";"97404";"2";"1";"1";"6";"103 Avenue Raymond Barre";" -21,26461000";"55,36497200"
"202400009233";"18";"10";"2024";"18:50";"2";"27";"27306";"1";"1";"1";"6";"Nationale 1013";"49,00237900";"1,18472100"
"202400009234";"18";"10";"2024";"12:46";"1";"80";"80736";"1";"1";"8";"6";"Route de Paris";"50,01846000";"1,89873600"
"202400009235";"19";"10";"2024";"14:22";"1";"12";"12165";"1";"1";"1";"1";"D904";"44,50490400";"2,58064400"
"202400009236";"15";"10";"2024";"15:30";"1";"46";"46080";"1";"3";"1";"3";"D811";"44,52047900";"1,35166400"
"202400009237";"18";"10";"2024";"19:40";"3";"25";"25390";"1";"1";"5";"1";"D437";"46,99711400";"6,47168800"
"202400009238";"17";"10";"2024";"22:00";"3";"44";"44169";"1";"1";"1";"2";"N/A";"47,23182000";" -1,40345000"
"202400009239";"18";"10";"2024";"18:45";"2";"44";"44128";"1";"1";"1";"2";"Béguenette";"47,54254800";" -1,90343800"
"202400009240";"18";"10";"2024";"03:00";"3";"15";"15262";"1";"1";"8";"6";"RD 921";"45,01815400";"3,05660200"
"202400009241";"19";"10";"2024";"02:15";"3";"01";"01036";"1";"1";"1";"6";"D8";"45,88969500";"5,66186400"
"202400009242";"18";"10";"2024";"17:45";"1";"70";"70296";"1";"1";"1";"1";"Rue Charles Vincent";"47,42861000";"6,21950600"
"202400009243";"19";"10";"2024";"14:30";"1";"26";"26056";"1";"3";"1";"2";"Route de Crest";"44,59110500";"5,13190300"
"202400009244";"19";"10";"2024";"19:45";"3";"58";"58266";"2";"1";"1";"6";"Route de Prémery";"47,20759400";"3,49600700"
"202400009245";"18";"10";"2024";"17:15";"1";"14";"14326";"1";"1";"1";"2";"Route de Cormeilles";"49,15462400";"0,26797100"
"202400009246";"18";"10";"2024";"10:30";"1";"64";"64489";"1";"1";"3";"1";"D14";"43,33123400";" -1,18095500"
"202400009247";"18";"10";"2024";"16:20";"1";"87";"87154";"2";"3";"8";"3";"Avenue Corot";"45,89439500";"0,90023000"
"202400009248";"19";"10";"2024";"09:05";"1";"13";"13091";"2";"1";"7";"7";"34 Avenue Paul Lafargue";"43,62016300";"5,30620300"
"202400009249";"18";"10";"2024";"14:45";"1";"13";"13016";"1";"1";"1";"2";"A52, pk 11, sens nord";"43,39333312";"5,58601706"
"202400009250";"19";"10";"2024";"00:49";"3";"06";"06123";"1";"1";"1";"2";"Bretelle Entrée N°49 Saint-Laurent-du-Var - A8 (Direction Vintimille)";"43,66794900";"7,19679100"
"202400009251";"19";"10";"2024";"16:00";"1";"95";"95370";"1";"1";"2";"1";"D28";"49,15211771";"1,97873701"
"202400009252";"5";"10";"2024";"08:36";"1";"91";"91200";"2";"2";"1";"1";"Avenue d'Orléans";"48,52368600";"2,00524600"
"202400009253";"19";"10";"2024";"01:45";"3";"13";"13004";"1";"1";"1";"7";"Route nationale 113";"43,64202300";"4,71124600"
"202400009254";"19";"10";"2024";"12:00";"1";"38";"38468";"1";"1";"1";"3";"N7";"45,33324800";"4,80566000"
"202400009255";"13";"10";"2024";"22:25";"4";"86";"86137";"2";"1";"1";"6";"Place du Portail Chaussee";"47,01233900";"0,08364400"
"202400009256";"19";"10";"2024";"04:20";"3";"33";"33483";"1";"1";"3";"6";"N/A";"44,91361900";" -0,40836600"
"202400009257";"18";"10";"2024";"15:40";"1";"72";"72378";"1";"1";"1";"7";"D134";"47,80391000";" -0,29765000"
"202400009258";"19";"10";"2024";"15:00";"1";"29";"29144";"1";"1";"7";"3";"D764";"48,44302622";" -4,18341180"
"202400009259";"19";"10";"2024";"13:55";"1";"22";"22300";"1";"1";"1";"1";"D700";"48,26668400";" -2,78898200"
"202400009260";"19";"10";"2024";"11:10";"1";"60";"60010";"1";"1";"2";"5";"D105";"49,20432200";"2,15604500"
"202400009261";"17";"10";"2024";"14:15";"1";"13";"13215";"1";"1";"1";"3";"A7-Sens Lyon vers Marseille";"43,39071033";"5,35120523"
"202400009262";"18";"10";"2024";"05:30";"3";"69";"69297";"1";"1";"1";"6";"Autoroute 7";"45,61529872";"4,80999736"
"202400009263";"17";"10";"2024";"00:47";"3";"57";"57474";"1";"1";"1";"1";"Autoroute A31";"49,26082000";"6,17740000"
"202400009264";"18";"10";"2024";"19:45";"5";"33";"33075";"1";"1";"1";"4";"N/A";"44,88992200";" -0,61164400"
"202400009265";"18";"10";"2024";"14:10";"1";"92";"92063";"1";"1";"1";"6";"A86";"48,88653915";"2,16571926"
"202400009266";"18";"10";"2024";"13:40";"1";"78";"78291";"1";"1";"1";"2";"A13";"48,97020100";"1,73475300"
"202400009267";"18";"10";"2024";"08:36";"2";"78";"78362";"1";"1";"2";"3";"A13";"48,97568900";"1,72407800"
"202400009268";"17";"10";"2024";"18:13";"1";"78";"78007";"1";"1";"3";"6";"A13W";"48,90205100";"2,00507600"
"202400009269";"17";"10";"2024";"15:30";"1";"78";"78165";"1";"1";"3";"6";"RN12 INT";"48,79935900";"1,99422400"
"202400009270";"17";"10";"2024";"11:30";"1";"92";"92047";"1";"1";"2";"7";"A13";"48,83459228";"2,17162733"
"202400009271";"16";"10";"2024";"15:01";"1";"78";"78423";"1";"1";"1";"2";"RN12";"48,79661000";"2,02660400"
"202400009272";"18";"10";"2024";"01:00";"3";"95";"95042";"1";"1";"3";"6";"N104";"49,05896463";"2,30346921"
"202400009273";"18";"10";"2024";"02:30";"3";"93";"93063";"1";"1";"3";"2";"AUTOROUTE A3";"48,87927560";"2,44906039"
"202400009274";"18";"10";"2024";"17:45";"1";"94";"94046";"1";"1";"1";"3";"A86";"48,80959275";"2,44911608"
"202400009275";"18";"10";"2024";"16:25";"1";"94";"94017";"1";"1";"1";"2";"A4";"48,82871666";"2,47812084"
"202400009276";"18";"10";"2024";"08:20";"1";"77";"77258";"1";"1";"2";"6";"A4.W";"48,83237602";"2,65440781"
"202400009277";"17";"10";"2024";"03:10";"3";"94";"94073";"1";"1";"2";"2";"A86";"48,77079111";"2,38643311"
"202400009278";"10";"05";"2024";"22:25";"3";"32";"32107";"1";"1";"1";"5";"Tauzin";"43,97280400";"0,40595800"
"202400009279";"19";"08";"2024";"10:55";"1";"29";"29023";"1";"1";"1";"7";"créach herou";"48,65253100";" -3,93870600"
"202400009280";"16";"10";"2024";"18:45";"5";"974";"97416";"2";"1";"1";"2";"RN3 (2)";" -21,31433000";"55,49361000"
"202400009281";"18";"10";"2024";"01:10";"5";"974";"97411";"2";"1";"1";"6";"RAMBAUD (LEOPOLD)";" -20,88528000";"55,46828000"
"202400009282";"17";"10";"2024";"18:31";"3";"974";"97411";"2";"6";"1";"3";"JAURES (BLD 2 JEAN)";" -20,90067000";"55,48763000"
"202400009283";"17";"10";"2024";"06:00";"2";"974";"97411";"1";"1";"1";"6";"QUATRE VOIES GILLOT (ROUTE A)";" -20,89426000";"55,50234000"
"202400009284";"17";"10";"2024";"13:20";"1";"974";"97407";"1";"1";"1";"3";"OWENS JAMES";" -20,93012000";"55,31123000"
"202400009285";"17";"10";"2024";"03:10";"5";"974";"97407";"1";"1";"1";"6";"BOUVET (AVENUE)";" -20,95110000";"55,29889000"
"202400009286";"17";"10";"2024";"08:20";"1";"973";"97302";"1";"6";"1";"3";"MARINGOUINS (ROND-POINT)";"4,90816000";" -52,32249000"
"202400009287";"17";"10";"2024";"08:05";"1";"69";"69386";"2";"1";"3";"6";"Cours Vitton";"45,77026000";"4,86087000"
"202400009288";"16";"10";"2024";"11:40";"1";"69";"69386";"2";"1";"1";"1";"Avenue de Grande-Bretagne";"45,77345000";"4,84143000"
"202400009289";"17";"10";"2024";"09:50";"1";"69";"69389";"2";"2";"3";"6";"Rue de Bourgogne";"45,77864000";"4,80253000"
"202400009290";"17";"10";"2024";"05:55";"5";"95";"95088";"2";"1";"8";"5";"D317";"48,96056093";"2,44895395"
"202400009291";"17";"10";"2024";"19:40";"3";"95";"95388";"1";"1";"3";"5";"C2";"49,02363000";"1,97213000"
"202400009292";"17";"10";"2024";"17:10";"1";"91";"91514";"2";"1";"2";"6";"RUE COMBS LA VILLE";"48,67174000";"2,54034000"
"202400009293";"17";"10";"2024";"08:10";"1";"91";"91657";"2";"1";"8";"1";"RUE DU CHEMIN VERT";"48,69230000";"2,43120000"
"202400009294";"16";"10";"2024";"17:35";"1";"87";"87075";"2";"3";"1";"1";"ARAGON (AVENUE LOUIS)";"45,80994000";"1,22005000"
"202400009295";"16";"10";"2024";"20:45";"5";"81";"81065";"2";"3";"1";"3";"136 Rue Ernest Barthe";"43,60242000";"2,25630000"
"202400009296";"17";"10";"2024";"04:50";"5";"78";"78440";"2";"1";"1";"2";"PAUL RAOULT (AVENUE)";"48,98202000";"1,91238000"
"202400009297";"17";"10";"2024";"15:00";"1";"78";"78123";"2";"1";"2";"2";"REINE BLANCHE RUE";"48,93908000";"2,03411000"
"202400009298";"19";"03";"2024";"09:00";"1";"91";"91339";"1";"1";"1";"7";"RN 104";"48,63101776";"2,24926829"
"202400009299";"19";"03";"2024";"00:08";"3";"91";"91161";"1";"1";"1";"2";"AUTOROUTE A6";"48,69795000";"2,31443000"
"202400009300";"18";"03";"2024";"12:19";"1";"92";"92036";"1";"1";"1";"2";"A86";"48,93484397";"2,26726483"
"202400009301";"18";"03";"2024";"09:20";"1";"92";"92062";"1";"1";"1";"3";"RN1014 W";"48,89074658";"2,24044138"
"202400009302";"19";"03";"2024";"17:40";"1";"93";"93006";"1";"1";"1";"3";"A3";"48,86611228";"2,41541368"
"202400009303";"19";"03";"2024";"18:05";"1";"93";"93008";"1";"1";"1";"3";"A86";"48,90667489";"2,45703757"
"202400009304";"19";"03";"2024";"07:55";"1";"95";"95018";"1";"1";"1";"3";"A15";"48,95621389";"2,27718895"
"202400009305";"18";"03";"2024";"17:45";"1";"95";"95527";"1";"1";"1";"5";"A1";"48,99716140";"2,51864020"
"202400009306";"18";"03";"2024";"15:45";"1";"95";"95527";"1";"1";"1";"2";"A1";"49,00052596";"2,52228228"
"202400009307";"18";"03";"2024";"13:50";"1";"95";"95277";"1";"1";"1";"2";"A3";"48,97380183";"2,48838243"
"202400009308";"18";"03";"2024";"08:40";"1";"93";"93008";"1";"1";"1";"3";"A86";"48,91273457";"2,43680722"
"202400009309";"18";"03";"2024";"07:00";"1";"987";"98735";"1";"2";"1";"1";"POMARE V (AVENUE)";" -17,52992000";" -149,56072000"