"Num_Acc";"jour";"mois";"an";"hrmn";"lum";"dep";"com";"agg";"int";"atm";"col";"adr";"lat";"long"
"202400009499";"15";"03";"2024";"11:43";"1";"59";"59507";"1";"1";"8";"7";"AUTOROUTE A1";"50,61266000";"3,08760000"
"202400009500";"5";"07";"2024";"18:20";"1";"45";"45276";"2";"1";"1";"5";"D951 PR 15 + 842";"47,62549600";"2,73252800"
"202400009501";"15";"03";"2024";"13:05";"1";"95";"95154";"1";"1";"2";"6";"A1";"49,03391905";"2,54025840"
"202400009502";"16";"03";"2024";"15:00";"1";"988";"98818";"2";"3";"1";"3";"ROUTE DE LA BAIE DES DAMES";" -22,23993000";"166,44752000"
"202400009503";"5";"07";"2024";"21:00";"2";"73";"73110";"1";"2";"1";"6";"D66 Route de la plaine";"45,62785600";"6,43441600"
"202400009504";"16";"03";"2024";"10:42";"1";"988";"98818";"2";"1";"8";"6";"IMPASSE BALARD";" -22,24441000";"166,44950000"
"202400009505";"5";"07";"2024";"15:00";"1";"18";"18169";"1";"1";"1";"3";"N/A";"46,72636900";"2,43514300"
"202400009506";"17";"03";"2024";"18:00";"1";"974";"97409";"2";"1";"1";"2";"EMILE THOMAS (rue)";" -20,93703000";"55,64868000"
"202400009507";"5";"07";"2024";"17:45";"1";"10";"10087";"2";"1";"1";"3";"Rue de Galiche";"47,95663300";"4,06675500"
"202400009508";"5";"07";"2024";"21:45";"2";"36";"36001";"1";"1";"1";"6";"La Bouzanne";"46,44821802";"1,80390917"
"202400009509";"17";"03";"2024";"11:35";"1";"69";"69388";"2";"3";"8";"3";"Route de Vienne";"45,73580000";"4,85314000"
"202400009510";"16";"03";"2024";"20:50";"5";"972";"97213";"1";"9";"1";"6";"ROUTE DEPARTEMENTALE 3";"14,64561552";" -60,99070887"
"202400009511";"6";"07";"2024";"14:40";"1";"07";"07291";"1";"1";"1";"1";"RD 290";"44,34682008";"4,50129950"
"202400009512";"17";"03";"2024";"16:30";"1";"972";"97209";"1";"1";"1";"2";"REDOUTE (ROUTE DE LA)";"14,62217000";" -61,06046000"
"202400009513";"5";"07";"2024";"20:05";"1";"07";"07110";"2";"4";"1";"7";"La Grand Font";"44,48080000";"4,23928000"
"202400009514";"17";"03";"2024";"12:25";"1";"972";"97209";"2";"1";"1";"2";"ABBE LAVIGNE (AVENUE)";"14,61349000";" -61,07211000"
"202400009515";"5";"07";"2024";"18:15";"1";"07";"07260";"2";"3";"1";"3";"D 22 B";"44,71243700";"4,71240500"
"202400009516";"16";"03";"2024";"05:20";"5";"972";"97209";"1";"1";"2";"6";"RD 41 (ROCADE)";"14,61135000";" -61,08008000"
"202400009517";"6";"07";"2024";"10:40";"1";"53";"53245";"1";"2";"1";"2";"N12";"48,30585200";" -0,99894600"
"202400009518";"17";"03";"2024";"17:00";"2";"69";"69142";"2";"1";"2";"3";"30 Quai Pierre Sémard";"45,71906000";"4,81832000"
"202400009519";"17";"03";"2024";"19:10";"5";"69";"69034";"2";"1";"2";"7";"90 Avenue Général de Gaulle";"45,81055000";"4,85793000"
"202400009520";"5";"07";"2024";"18:15";"1";"21";"21089";"1";"1";"1";"7";"D12 A";"47,10303500";"5,12171000"
"202400009521";"6";"07";"2024";"19:15";"2";"21";"21616";"1";"1";"1";"6";"D18";"46,95529400";"4,81666800"
"202400009522";"16";"03";"2024";"15:00";"1";"76";"76476";"2";"1";"1";"1";"DUFY  RAOUL (RUE)";"49,48211000";"0,58491000"
"202400009523";"16";"03";"2024";"15:40";"1";"70";"70513";"1";"1";"1";"7";"Route de Pusey";"47,64547000";"6,10032000"
"202400009524";"5";"07";"2024";"20:15";"1";"40";"40218";"2";"2";"1";"3";"Intersection D36 - D37";"43,94885000";"0,01134700"
"202400009525";"6";"07";"2024";"00:30";"3";"04";"04167";"1";"1";"1";"6";"D900a";"44,16770700";"6,24751900"
"202400009526";"17";"03";"2024";"16:55";"1";"69";"69256";"2";"3";"8";"1";"Avenue Georges Dimitrov";"45,77716000";"4,92480000"
"202400009527";"6";"07";"2024";"08:40";"1";"85";"85295";"1";"1";"1";"6";"RD93";"47,00326700";" -1,27315000"
"202400009528";"17";"03";"2024";"16:52";"1";"64";"64373";"2";"1";"1";"1";"YSER DE L'";"43,28661000";" -0,35971000"
"202400009529";"6";"07";"2024";"00:05";"3";"68";"68066";"1";"1";"1";"1";"autoute A 35";"48,09461826";"7,38249484"
"202400009530";"16";"03";"2024";"23:00";"3";"62";"62126";"2";"1";"1";"6";"D937";"50,52293819";"2,67037426"
"202400009531";"6";"07";"2024";"08:15";"1";"10";"10380";"1";"1";"1";"7";"A26";"48,52824200";"4,18108200"
"202400009532";"16";"03";"2024";"15:00";"1";"62";"62108";"2";"1";"1";"3";"Rue de l’Impératrice";"50,40816000";"1,59094000"
"202400009533";"6";"07";"2024";"10:15";"1";"06";"06085";"2";"1";"1";"3";"1110 Avenue Saint Martin";"43,61135500";"6,97787900"
"202400009534";"16";"03";"2024";"05:55";"4";"61";"61169";"2";"2";"2";"3";"D462";"48,74647600";" -0,56970300"
"202400009535";"5";"07";"2024";"19:00";"1";"69";"69039";"2";"3";"1";"3";"Rue Louis Bréchard";"45,98045800";"4,50765600"
"202400009536";"15";"03";"2024";"20:50";"5";"60";"60175";"2";"1";"2";"6";"Rue Henri Bergson";"49,25309000";"2,48698000"
"202400009537";"5";"07";"2024";"17:40";"1";"13";"13001";"1";"1";"1";"2";"A8, pk 20.000, sens nord";"43,51195759";"5,45536187"
"202400009538";"17";"03";"2024";"22:20";"4";"59";"59512";"2";"2";"1";"3";"Avenue Alfred Motte";"50,67375000";"3,19329000"
"202400009539";"5";"07";"2024";"09:40";"1";"17";"17146";"1";"3";"1";"2";"D238e1";"45,90549000";" -0,94775900"
"202400009540";"17";"03";"2024";"22:05";"5";"59";"59512";"2";"3";"2";"6";"Rue de l'Alma";"50,69785000";"3,16671000"
"202400009541";"6";"07";"2024";"15:25";"1";"59";"59244";"1";"1";"1";"2";"Autoroute A2";"50,15371105";"3,14976832"
"202400009542";"17";"03";"2024";"16:51";"1";"56";"56260";"2";"1";"1";"7";"Liziec";"47,66733000";" -2,72519000"
"202400009543";"17";"03";"2024";"07:45";"2";"42";"42170";"1";"1";"1";"6";"Route du Gros Chêne";"46,01835000";"4,12560000"
"202400009544";"3";"07";"2024";"17:00";"1";"13";"13051";"1";"1";"1";"2";"Autoroute A7, pk 244.000 sens 2";"43,57665915";"5,21143920"
"202400009545";"5";"07";"2024";"08:40";"1";"987";"98748";"1";"1";"1";"2";"PK 4.800 TOAHOTU";" -17,77288200";" -149,30934900"
"202400009546";"16";"03";"2024";"15:30";"1";"38";"38185";"2";"9";"1";"2";"AVENUE MARIE REYNOARD";"45,16852000";"5,73049000"
"202400009547";"5";"07";"2024";"18:00";"1";"971";"97115";"1";"1";"1";"6";"Route de Routa";"16,25788700";" -61,63671300"
"202400009548";"16";"03";"2024";"05:17";"5";"38";"38053";"1";"1";"1";"6";"GRENOBLE (ROUTE DE)";"45,58419000";"5,28876000"
"202400009549";"2";"03";"2024";"20:30";"2";"36";"36044";"2";"1";"2";"6";"Rue Pierre Gaultier";"46,80768727";"1,69784367"
"202400009550";"6";"07";"2024";"00:45";"3";"77";"77257";"1";"1";"1";"3";"D401";"49,03276800";"3,00450300"
"202400009551";"4";"07";"2024";"23:25";"3";"95";"95535";"1";"1";"1";"6";"D28";"49,06665389";"1,96151718"
"202400009552";"16";"03";"2024";"23:45";"3";"36";"36063";"1";"9";"8";"3";"N/A";"46,83926000";"1,67546000"
"202400009553";"5";"07";"2024";"19:00";"1";"34";"34090";"2";"1";"7";"6";"Rn 113";"43,64228700";"3,94261900"
"202400009554";"17";"03";"2024";"17:25";"1";"34";"34172";"2";"1";"1";"7";"STRASBOURG (BOULEVARD DE)";"43,60369500";"3,88984000"
"202400009555";"6";"07";"2024";"13:05";"1";"83";"83065";"2";"3";"1";"3";"Route Departementale 98a";"43,26411300";"6,62196600"
"202400009556";"17";"03";"2024";"03:10";"5";"28";"28404";"2";"9";"2";"7";"DUPONT (RUE ARMAND)";"48,72049900";"1,35923400"
"202400009557";"5";"07";"2024";"16:42";"1";"13";"13081";"1";"1";"1";"3";"N Rd 113";"43,49689200";"5,21501900"
"202400009558";"6";"07";"2024";"13:50";"1";"58";"58160";"2";"1";"2";"3";"Route de Tazieres";"46,99967200";"3,09076800"
"202400009559";"17";"03";"2024";"10:40";"1";"25";"25462";"2";"6";"1";"3";"ROCADE G.POMPIDOU (DU 25 A LA FIN)";"46,90236000";"6,34631000"
"202400009560";"2";"07";"2024";"02:30";"3";"73";"73290";"1";"1";"1";"6";"D1006";"45,21513500";"6,96700600"
"202400009561";"17";"03";"2024";"03:50";"5";"25";"25056";"2";"1";"1";"6";"MAZAGRAN CHEMIN DE";"47,22979300";"6,02413000"
"202400009562";"5";"07";"2024";"19:50";"2";"38";"38087";"2";"1";"1";"2";"D4";"45,58707000";"4,78611000"
"202400009563";"17";"03";"2024";"19:35";"5";"22";"22113";"2";"1";"1";"6";"TREBEURDEN (ROUTE DE)";"48,74800000";" -3,48412000"
"202400009564";"20";"06";"2024";"14:50";"1";"07";"07322";"1";"1";"3";"6";"1165 la Teyre";"44,67585900";"4,24724700"
"202400009565";"15";"03";"2024";"16:08";"1";"14";"14118";"2";"1";"2";"3";"16 Avenue de Verdun";"49,17862900";" -0,35902760"
"202400009566";"6";"07";"2024";"16:32";"1";"01";"01043";"2";"2";"2";"3";"Route de Genève";"45,83523200";"4,99951400"
"202400009567";"17";"03";"2024";"18:30";"2";"13";"13117";"2";"3";"1";"3";"BARRE (ALLEE DE LA)";"43,43553000";"5,26386000"
"202400009568";"4";"07";"2024";"17:20";"1";"01";"01160";"2";"1";"1";"6";"27 Avenue du Jura";"46,25821100";"6,11305500"
"202400009569";"5";"07";"2024";"18:50";"2";"81";"81219";"1";"1";"1";"3";"lieu dit en roussel";"43,57878060";"1,99845780"
"202400009570";"17";"03";"2024";"22:30";"4";"13";"13208";"2";"1";"1";"4";"MENDES FRANCE (AVENUE)";"43,25521944";"5,37628953"
"202400009571";"30";"06";"2024";"18:50";"1";"31";"31263";"1";"1";"1";"1";"Route de Saverdun";"43,40268200";"1,39754400"
"202400009572";"6";"07";"2024";"17:45";"1";"17";"17452";"1";"1";"1";"7";"D25";"45,72053300";" -1,22954600"
"202400009573";"17";"03";"2024";"13:45";"1";"13";"13213";"2";"4";"1";"3";"ALPHONSE DAUDET (RUE)";"43,32014070";"5,40945768"
"202400009574";"6";"07";"2024";"16:21";"1";"16";"16078";"1";"1";"1";"6";"N/A";"45,74127200";"0,18826960"
"202400009575";"3";"07";"2024";"11:30";"1";"85";"85113";"2";"1";"1";"7";"Quai de la chapelle";"46,72802200";" -2,34908900"
"202400009576";"5";"07";"2024";"19:40";"1";"53";"53119";"1";"1";"1";"7";"D112";"48,03650000";" -0,77719600"
"202400009577";"17";"03";"2024";"00:30";"5";"13";"13201";"2";"2";"1";"3";"FLAMMARION (BOULEVARD)     1 A 65";"43,30349000";"5,38597000"
"202400009578";"6";"07";"2024";"16:20";"1";"22";"22178";"1";"1";"1";"3";"pk 7 D21";"48,69593200";" -3,02500600"
"202400009579";"17";"03";"2024";"14:20";"1";"06";"06004";"2";"2";"1";"3";"POINCARE BD RAYMOND";"43,57220910";"7,10441540"
"202400009580";"6";"07";"2024";"13:35";"1";"22";"22162";"1";"1";"2";"1";"D786";"48,76278000";" -3,01679800"
"202400009581";"17";"03";"2024";"14:10";"1";"75";"75112";"2";"1";"2";"3";"PORTE DOREE";"48,83134400";"2,40407800"
"202400009582";"16";"03";"2024";"13:35";"1";"75";"75117";"2";"1";"1";"7";"ECHANGEUR MAILLOT";"48,88260497";"2,28311026"
"202400009583";"6";"07";"2024";"11:05";"1";"60";"60575";"2";"1";"1";"6";"93 Route Nationale 1";"49,29002000";"2,20053000"
"202400009584";"6";"07";"2024";"20:13";"1";"60";"60542";"1";"1";"7";"1";"D513";"49,41220200";"2,18872500"
"202400009585";"5";"07";"2024";"22:00";"2";"80";"80212";"2";"1";"1";"6";"Boulevard Blais Mousseron";"49,91167500";"2,50263000"
"202400009586";"15";"03";"2024";"13:20";"1";"75";"75113";"2";"1";"1";"3";"BD PERIPHERIQUE EXTERIEUR";"48,82523700";"2,38552900"
"202400009587";"5";"07";"2024";"19:40";"1";"80";"80307";"1";"1";"1";"2";"A1";"49,94350800";"2,85237900"
"202400009588";"17";"03";"2024";"19:35";"5";"75";"75115";"2";"2";"1";"6";"RUE DE VAUGIRARD";"48,84286900";"2,31238800"
"202400009589";"4";"07";"2024";"18:20";"1";"13";"13215";"1";"1";"1";"2";"A7-Sens Marseille vers Lyon";"43,34667000";"5,37269000"
"202400009590";"16";"03";"2024";"21:10";"5";"94";"94018";"2";"1";"1";"3";"Quai de Bercy";"48,82588000";"2,39263000"
"202400009591";"30";"06";"2024";"18:42";"1";"13";"13033";"1";"1";"1";"3";"A55-Sens Martigues vers Marseille";"43,37409000";"5,19657000"
"202400009592";"16";"03";"2024";"23:15";"5";"93";"93039";"2";"1";"1";"1";"Avenue Jean Jaurès";"48,93469300";"2,33902300"
"202400009593";"5";"07";"2024";"03:20";"3";"13";"13056";"1";"1";"1";"2";"A55-Sens Marseille vers Martigues";"43,39834000";"5,04607000"
"202400009594";"3";"07";"2024";"00:01";"5";"13";"13210";"1";"1";"1";"6";"Tunnel Prado Carénage";"43,28259000";"5,39401000"
"202400009595";"4";"07";"2024";"15:35";"1";"83";"83144";"2";"1";"1";"4";"A57";"43,13525855";"5,99079429"
"202400009596";"5";"07";"2024";"03:55";"3";"33";"33039";"1";"1";"1";"2";"N/A";"44,78868000";" -0,54106000"
"202400009597";"17";"03";"2024";"12:40";"1";"93";"93046";"2";"2";"2";"6";"Allée Carnot / Avenue Firmin Didot";"48,91042000";"2,52458000"
"202400009598";"5";"07";"2024";"06:30";"1";"91";"91689";"1";"1";"1";"3";"AUTOROUTE A6B";"48,74173508";"2,32163161"
"202400009599";"17";"03";"2024";"18:35";"1";"92";"92024";"2";"2";"1";"3";"MARTRE (RUE) DE (1 A 41)";"48,90088757";"2,30804157"
"202400009600";"4";"07";"2024";"17:30";"1";"78";"78640";"1";"1";"1";"3";"A86 EXT";"48,77804500";"2,21365900"
"202400009601";"16";"03";"2024";"14:10";"1";"92";"92012";"2";"3";"1";"6";"MARCEL DASSAULT (RUE) - COTE IMPAIR - 26";"48,83499664";"2,25167871"
"202400009602";"4";"07";"2024";"07:55";"1";"78";"78423";"1";"1";"1";"2";"N12W";"48,79796400";"2,00850900"
"202400009603";"16";"03";"2024";"15:50";"1";"92";"92002";"2";"1";"1";"4";"RAYMON ARON (AVENUE)";"48,76693000";"2,31031000"
"202400009604";"3";"07";"2024";"16:25";"1";"78";"78646";"1";"1";"8";"2";"RN12";"48,79337600";"2,08082800"
"202400009605";"5";"07";"2024";"15:30";"1";"93";"93008";"1";"1";"1";"2";"A86";"48,90624472";"2,45978415"
"202400009606";"17";"03";"2024";"17:00";"1";"60";"60149";"1";"1";"1";"7";"D155";"49,32777900";"2,68652200"
"202400009607";"5";"07";"2024";"15:15";"1";"93";"93007";"1";"1";"1";"2";"A3";"48,93347428";"2,48088336"
"202400009608";"18";"03";"2024";"17:15";"1";"59";"59511";"1";"1";"1";"3";"RD 953";"50,44649200";"3,34812600"
"202400009609";"5";"07";"2024";"14:00";"1";"95";"95563";"1";"1";"1";"6";"A115";"49,01010159";"2,23152626"
"202400009610";"16";"03";"2024";"15:15";"1";"80";"80155";"1";"1";"1";"3";"D12";"50,11482000";"2,01285300"
"202400009611";"5";"07";"2024";"12:00";"1";"95";"95306";"1";"1";"1";"7";"A15";"48,99605104";"2,18116920"
"202400009612";"17";"03";"2024";"12:00";"1";"82";"82097";"1";"1";"1";"6";"D3";"43,93127060";"0,93438312"
"202400009613";"7";"02";"2024";"10:00";"1";"82";"82044";"2";"1";"1";"6";"12 Rue Jean Jaures";"43,94501100";"1,36726700"
"202400009614";"17";"03";"2024";"05:00";"3";"41";"41080";"1";"9";"2";"6";"Route de l?Audronniere";"47,33281400";"1,16527700"
"202400009615";"3";"07";"2024";"07:25";"1";"976";"97611";"2";"7";"1";"3";"kaweni-SPPM ( rue de la )";" -12,77100000";"45,22400000"
"202400009616";"15";"03";"2024";"15:30";"1";"22";"22025";"2";"6";"1";"7";"ZA de Kerguiniou";"48,40793300";" -3,40562500"
"202400009617";"3";"07";"2024";"06:50";"1";"976";"97611";"2";"1";"1";"2";"kaweni-Centrale EDM (rue de la )";" -12,75932000";"45,22990000"
"202400009618";"4";"07";"2024";"17:40";"5";"974";"97416";"2";"1";"1";"3";"HUBERT DE LISLE(BOULEVARD)";" -21,34367000";"55,46963000"
"202400009619";"18";"03";"2024";"17:45";"2";"31";"31280";"1";"1";"1";"1";"D40";"43,26001900";"1,32123500"
"202400009620";"4";"07";"2024";"11:30";"1";"974";"97411";"2";"1";"1";"2";"JAURES (BOULEVARD JEAN)";" -20,89780000";"55,47600000"
"202400009621";"4";"07";"2024";"19:15";"3";"973";"97302";"1";"1";"1";"2";"GIRATOIRE MARINGOUINS";"4,90716000";" -52,32267000"
"202400009622";"27";"06";"2024";"18:33";"2";"973";"97302";"2";"1";"3";"3";"MANDELA  (BOULEVARD)";"4,93687000";" -52,32600000"
"202400009623";"4";"07";"2024";"17:01";"1";"973";"97302";"2";"1";"1";"3";"MONTABO (ROUTE DE) 2";"4,94420000";" -52,30948000"
"202400009624";"3";"07";"2024";"23:30";"5";"973";"97302";"2";"1";"1";"3";"MONTABO (ROUTE DE) 1";"4,94220000";" -52,30480000"
"202400009625";"3";"07";"2024";"01:55";"5";"973";"97302";"2";"1";"1";"7";"rd24";"4,90425000";" -52,31770000"
"202400009626";"4";"07";"2024";"01:00";"5";"69";"69388";"2";"2";"1";"3";"Rue des Serpollières";"45,73240700";"4,86400338"
"202400009627";"3";"07";"2024";"20:15";"3";"972";"97213";"2";"6";"1";"3";"ROUTE NATIONALE 1";"14,61850000";" -61,00457000"
"202400009628";"3";"07";"2024";"13:00";"1";"972";"97209";"2";"1";"1";"3";"MORNE PICHEVIN (AVENUE)";"14,60440000";" -61,05940000"
"202400009629";"3";"07";"2024";"10:15";"1";"69";"69149";"2";"2";"1";"3";"Boulevard de l'Europe";"45,69769000";"4,82468000"
"202400009630";"4";"07";"2024";"15:50";"1";"2B";"2B120";"2";"1";"1";"2";"LAGUNE (Route de la) D107";"42,38120000";"9,27400000"
"202400009631";"2";"07";"2024";"22:15";"4";"971";"97101";"1";"1";"1";"6";"PATRICK SAINT ELOI ( AVENUE )";"16,25078000";" -61,52779000"
"202400009632";"4";"07";"2024";"13:05";"1";"2A";"2A004";"2";"6";"1";"3";"ROUTE DU STILETTO";"41,94617000";"8,77221000"
"202400009633";"4";"07";"2024";"21:00";"1";"95";"95288";"2";"2";"1";"3";"CARRIERES (RUE DES)";"48,99076997";"2,35024810"
"202400009634";"4";"07";"2024";"13:20";"1";"95";"95555";"2";"1";"1";"3";"D14";"48,96323737";"2,29105766"
"202400009635";"3";"07";"2024";"19:35";"1";"91";"91549";"2";"1";"1";"2";"CORBEIL (ROUTE DE)";"48,64639000";"2,33520000"
"202400009636";"3";"07";"2024";"17:50";"1";"91";"91421";"2";"1";"8";"2";"CHARLES DE GAULLE (AVENUE)";"48,69539300";"2,45302200"
"202400009637";"4";"07";"2024";"22:05";"3";"88";"88463";"1";"1";"1";"7";"RD 31";"48,24098000";"6,89396000"
"202400009638";"3";"07";"2024";"19:30";"1";"87";"87085";"1";"1";"1";"6";"AUTOROUTE A20";"45,87960550";"1,28845306"
"202400009639";"3";"07";"2024";"16:55";"1";"84";"84007";"2";"1";"1";"1";"DOCTEUR PONS (Route touristique)";"43,95347600";"4,82043000"
"202400009640";"4";"07";"2024";"15:05";"1";"83";"83137";"2";"1";"1";"6";"ORTOLAN (AVE DE 512 A  FIN";"43,13078000";"5,96070000"
"202400009641";"4";"07";"2024";"07:10";"1";"83";"83061";"1";"4";"1";"3";"CD8";"43,42417000";"6,71266000"
"202400009642";"29";"06";"2024";"23:17";"3";"83";"83061";"2";"1";"1";"1";"AVENUE DE LA CORNICHE D'AZUR";"43,37283000";"6,71450000"
"202400009643";"3";"07";"2024";"10:35";"1";"81";"81163";"2";"2";"2";"3";"REPUBLIQUE";"43,49172923";"2,37282978"
"202400009644";"4";"07";"2024";"21:15";"2";"81";"81004";"1";"1";"1";"2";"ROCADE RN88 SUD";"43,91621000";"2,16209000"
"202400009645";"4";"07";"2024";"12:50";"1";"79";"79329";"2";"2";"1";"3";"N/A";"46,98483000";" -0,21863000"
"202400009646";"21";"06";"2024";"18:45";"1";"77";"77014";"2";"1";"1";"4";"BEZOUT (RUE)";"48,41871000";"2,73701000"
"202400009647";"4";"07";"2024";"18:25";"1";"76";"76216";"2";"1";"1";"3";"Route de Dieppe";"49,46001774";"1,05481155"
"202400009648";"4";"07";"2024";"03:25";"5";"76";"76540";"2";"2";"2";"6";"Rue Jeanne d'Arc";"49,43995000";"1,08920000"
"202400009649";"3";"07";"2024";"11:22";"1";"74";"74012";"2";"1";"1";"6";"REPUBLIQUE (RUE DE LA)";"46,19890000";"6,24000000"
"202400009650";"3";"07";"2024";"19:00";"1";"74";"74305";"1";"9";"1";"3";"VOIRONS (RUE DES)";"46,20038000";"6,27546000"
"202400009651";"3";"07";"2024";"15:15";"1";"72";"72181";"2";"1";"1";"3";"SAVORGNAN DE BRAZZA (AV) N° IMP";"48,01308000";"0,22272100"
"202400009652";"4";"07";"2024";"07:15";"1";"71";"71499";"2";"1";"1";"1";"JEAN ZAY (RUE)";"46,65270000";"4,30780000"
"202400009653";"3";"07";"2024";"10:45";"1";"69";"69266";"2";"2";"8";"3";"Boulevard de la Bataille de Stalingrad";"45,77923607";"4,85954242"
"202400009654";"4";"07";"2024";"18:40";"1";"69";"69264";"2";"1";"1";"2";"239 Avenue Theodore Braun";"45,98214000";"4,74163000"
"202400009655";"4";"07";"2024";"00:24";"5";"68";"68297";"2";"9";"1";"3";"SEVILLE ( RUE DE )";"47,60546000";"7,54291000"
"202400009656";"3";"07";"2024";"17:10";"1";"65";"65286";"2";"1";"1";"3";"SAINT-JOSEPH (AVENUE)";"43,09975000";" -0,03992000"
"202400009657";"3";"07";"2024";"16:30";"1";"64";"64545";"2";"3";"1";"6";"BERNARD DE CORAL (RUE)";"43,36252000";" -1,69804000"
"202400009658";"4";"07";"2024";"14:25";"1";"64";"64132";"2";"1";"8";"3";"GEORGES CLEMENCEAU";"43,28924000";" -0,35448000"
"202400009659";"4";"07";"2024";"10:20";"1";"64";"64132";"2";"6";"1";"3";"COMMANDANT RENE MOUCHOTTE DU";"43,30548000";" -0,32899000"
"202400009660";"4";"07";"2024";"09:05";"1";"63";"63113";"1";"3";"1";"3";"SAINT JEAN (BD)";"45,78298046";"3,11842740"
"202400009661";"3";"07";"2024";"09:55";"1";"62";"62250";"2";"1";"1";"6";"D919";"50,44789000";"2,94404000"
"202400009662";"4";"07";"2024";"15:55";"1";"62";"62193";"2";"2";"1";"3";"Boulevard Victor Hugo";"50,94505000";"1,86774000"
"202400009663";"4";"07";"2024";"10:40";"1";"62";"62457";"2";"1";"1";"7";"D341";"50,45874852";"2,52241802"
"202400009664";"28";"06";"2024";"19:50";"1";"59";"59431";"1";"2";"1";"3";"HOUCKE (AVENUE JULES)";"50,68331000";"2,84068000"
"202400009665";"4";"07";"2024";"18:00";"1";"56";"56260";"2";"1";"1";"4";"Ménimur";"47,66891800";" -2,76717100"
"202400009666";"3";"07";"2024";"17:00";"1";"56";"56260";"2";"9";"1";"3";"Avenue de la Marne";"47,66011000";" -2,78794000"
"202400009667";"3";"07";"2024";"15:17";"1";"56";"56260";"2";"1";"2";"7";"Rue Winston Churchill";"47,63900000";" -2,76800000"
"202400009668";"4";"07";"2024";"10:30";"1";"51";"51454";"2";"1";"1";"3";"VASNIER (BOULEVARD HENRI) COTE IMPAIR";"49,24408000";"4,04971000"
"202400009669";"4";"07";"2024";"04:20";"5";"51";"51454";"2";"2";"2";"3";"LAON (AVENUE) DU N° 51 A 217 ET DU N° 62";"49,26999000";"4,02221000"
"202400009670";"3";"07";"2024";"18:07";"1";"51";"51454";"2";"1";"1";"4";"CHAMPAGNE  (  AVENUE)";"49,23766000";"4,04455000"
"202400009671";"3";"07";"2024";"16:55";"1";"50";"50218";"2";"1";"1";"3";"VILLEDIEU (ROUTE DE)";"48,83767000";" -1,53946000"
"202400009672";"3";"07";"2024";"11:15";"1";"50";"50129";"2";"7";"1";"3";"JAURES (PLACE JEAN)";"49,63385000";" -1,62239000"
"202400009673";"12";"06";"2024";"09:15";"1";"49";"49099";"2";"2";"1";"3";"FLECHE (RUE DE LA)";"47,07375000";" -0,86762000"
"202400009674";"4";"07";"2024";"14:35";"1";"47";"47031";"2";"1";"1";"1";"Avenue de Bigorre";"44,18450000";"0,63234000"
"202400009675";"3";"07";"2024";"17:10";"1";"47";"47001";"2";"1";"1";"2";"BRU (AV. DU DR JEAN)";"44,19407000";"0,62427000"
"202400009676";"4";"07";"2024";"17:40";"1";"45";"45302";"2";"1";"1";"6";"D2060 PR 98 + 824";"47,94514100";"1,89524400"
"202400009677";"3";"07";"2024";"21:46";"2";"45";"45338";"1";"9";"1";"6";"D2060 PR 28 + 2734";"47,98110000";"2,70850000"
"202400009678";"3";"07";"2024";"02:28";"3";"45";"45338";"2";"1";"1";"6";"Rue de l'Etang Collier";"47,98275600";"2,70656900"
"202400009679";"4";"07";"2024";"21:00";"1";"44";"44162";"2";"6";"1";"6";"25 Place Pierre Mendès France";"47,20862263";" -1,61206752"
"202400009680";"26";"11";"2024";"17:00";"2";"95";"95572";"1";"1";"1";"3";"N184";"49,04477365";"2,12970186"
"202400009681";"25";"11";"2024";"14:50";"1";"93";"93048";"1";"1";"2";"2";"AUTOROUTE A3";"48,87128596";"2,43253383"
"202400009682";"25";"11";"2024";"08:35";"1";"93";"93053";"1";"1";"2";"3";"AUTOROUTE A86";"48,89906682";"2,46975562"
"202400009683";"25";"11";"2024";"07:25";"5";"95";"95018";"1";"1";"2";"3";"A15";"48,95083853";"2,27990658"
"202400009684";"23";"11";"2024";"18:30";"3";"95";"95218";"1";"1";"1";"4";"A15";"49,03585049";"2,09574401"
"202400009685";"26";"11";"2024";"18:15";"3";"94";"94028";"1";"1";"1";"2";"A86";"48,79871719";"2,44499982"
"202400009686";"23";"09";"2024";"11:37";"1";"82";"82033";"1";"3";"8";"6";"Chemin de Peyrat";"44,03414427";"1,17438868"
"202400009687";"15";"09";"2024";"16:50";"1";"84";"84125";"1";"1";"1";"6";"D40";"44,18243900";"5,37203800"
"202400009688";"15";"09";"2024";"04:15";"4";"84";"84081";"1";"1";"6";"6";"PK 195 - AIRE DE MORIERES LES AVIGNON - A7";"43,92453989";"4,91334991"
"202400009689";"14";"09";"2024";"10:00";"1";"84";"84007";"1";"1";"1";"2";"MARSEILLE (Route de )";"43,90880000";"4,88647000"
"202400009690";"13";"09";"2024";"17:40";"1";"84";"84089";"2";"1";"1";"7";"Route de la Bastidonne";"43,69665700";"5,51962100"
"202400009691";"12";"09";"2024";"19:30";"1";"84";"84007";"2";"1";"1";"1";"BAIGNE PIEDS (CHEMIN DE)";"43,92368000";"4,79971000"
"202400009692";"30";"04";"2024";"18:30";"1";"93";"93029";"2";"6";"1";"6";"Rue de Stalingrad / Rue Raymond Barker";"48,91501000";"2,43139000"
"202400009693";"9";"09";"2024";"11:00";"1";"74";"74010";"1";"1";"2";"1";"Avenue d'aix-les-bains";"45,83806100";"6,05946400"