"Num_Acc";"jour";"mois";"an";"hrmn";"lum";"dep";"com";"agg";"int";"atm";"col";"adr";"lat";"long"
"202400009694";"27";"04";"2024";"18:00";"1";"93";"93029";"2";"6";"2";"2";"Rue Diderot / Rue de la Station";"48,91725547";"2,42966661"
"202400009695";"23";"04";"2024";"16:18";"1";"93";"93029";"2";"2";"1";"3";"Rue Sadi Carnot / Rue Anatole France";"48,92346400";"2,44578500"
"202400009696";"19";"03";"2024";"17:22";"1";"93";"93029";"2";"1";"1";"2";"Rue Charles De Gaulle";"48,92297500";"2,44584100"
"202400009697";"13";"03";"2024";"06:15";"5";"93";"93027";"2";"3";"2";"3";"Rue de Stalingrad / Rue Maurice Lachâtre";"48,91941000";"2,41360000"
"202400009698";"7";"03";"2024";"08:55";"1";"93";"93029";"2";"1";"1";"3";"Rue Victor Bize";"48,91774747";"2,43018869"
"202400009699";"5";"03";"2024";"08:25";"1";"93";"93029";"2";"1";"2";"6";"Rue Lucien Delaquerriere";"48,91744203";"2,44792879"
"202400009700";"4";"03";"2024";"08:10";"1";"93";"93029";"2";"2";"1";"3";"Rue Faidherbes / Rue Victor Bize / Rue Ducouedic";"48,91773458";"2,43112273"
"202400009701";"29";"03";"2024";"15:00";"1";"93";"93029";"2";"1";"1";"3";"Avenue Henri Barbusse";"48,92351000";"2,46052000"
"202400009702";"21";"02";"2024";"12:10";"1";"93";"93029";"2";"3";"8";"3";"Avenue Henri Barbusse /Rue Gabriel Puech";"48,91862000";"2,44886000"
"202400009703";"12";"09";"2024";"22:22";"3";"56";"56098";"2";"8";"1";"3";"19 Rue Marcel Sembat";"47,75952000";" -3,34634000"
"202400009704";"11";"02";"2024";"14:40";"1";"93";"93029";"2";"2";"8";"6";"Avenue Henri Barbusse / Avenue Jean Jaures";"48,91983911";"2,45138884"
"202400009705";"13";"09";"2024";"15:10";"1";"54";"54547";"2";"3";"1";"3";"Rue Aristide Briand";"48,67176835";"6,18084624"
"202400009706";"10";"02";"2024";"17:08";"1";"93";"93029";"2";"1";"3";"1";"Rue Marcelin Berthelot";"48,91955035";"2,44609550"
"202400009707";"13";"09";"2024";"13:45";"1";"54";"54323";"2";"1";"7";"6";"Avenue de la République";"49,51828000";"5,76339000"
"202400009708";"9";"02";"2024";"22:45";"5";"93";"93029";"2";"1";"1";"6";"Boulevard Paul Vaillant Couturier";"48,92310000";"2,44664000"
"202400009709";"12";"09";"2024";"23:00";"3";"51";"51454";"2";"4";"2";"3";"AULAN (RUE JEAN)";"49,22527000";"4,02600000"
"202400009710";"2";"02";"2024";"12:45";"1";"93";"93029";"2";"2";"1";"3";"Rue des Travailleurs / Avenue de la Concorde";"48,91620000";"2,46504000"
"202400009711";"12";"09";"2024";"18:17";"1";"51";"51108";"2";"1";"1";"6";"ZOLA (BD EMILE)";"48,96042000";"4,37296000"
"202400009712";"24";"01";"2024";"18:00";"5";"93";"93029";"2";"1";"1";"6";"Rue Anatole France";"48,93202000";"2,45542000"
"202400009713";"13";"09";"2024";"11:10";"1";"50";"50147";"2";"1";"1";"6";"SAINT NICOLAS";"49,04995000";" -1,44406000"
"202400009714";"16";"01";"2024";"11:30";"1";"93";"93029";"2";"2";"1";"6";"Rue du 8 Mai 1945";"48,91756635";"2,45016289"
"202400009715";"14";"09";"2024";"00:25";"5";"49";"49007";"2";"1";"1";"6";"SAUMUROISE IMPASSE ET RUE";"47,45812000";" -0,53395000"
"202400009716";"2";"01";"2024";"13:40";"1";"93";"93029";"2";"6";"2";"6";"REPIQUET (ROND-POINT)";"48,91491968";"2,43158072"
"202400009717";"13";"09";"2024";"12:35";"1";"49";"49007";"2";"1";"1";"3";"ARENES";"47,46777000";" -0,54829000"
"202400009718";"6";"01";"2024";"19:35";"5";"93";"93029";"2";"1";"2";"3";"HENRI BARBUSSE (AVE) N°2-124";"48,91552544";"2,44231127"
"202400009719";"13";"09";"2024";"14:15";"1";"45";"45147";"2";"3";"1";"3";"Rue Marcellin Berthelot";"47,93528000";"1,91752000"
"202400009720";"13";"09";"2024";"19:56";"1";"44";"44162";"2";"6";"1";"3";"63 Boulevard Charles Gautier";"47,22324000";" -1,61242000"
"202400009721";"16";"11";"2024";"05:10";"2";"988";"98818";"2";"1";"1";"1";"AVENUE JAMES COOK";" -22,26808000";"166,42998000"
"202400009722";"13";"09";"2024";"04:15";"4";"42";"42184";"2";"1";"1";"6";"Rue Pierre Semard";"46,05324000";"4,05451000"
"202400009723";"25";"04";"2024";"17:05";"1";"78";"78117";"1";"1";"1";"2";"RN12";"48,78739755";"2,14639485"
"202400009724";"12";"11";"2024";"17:13";"1";"987";"98735";"2";"3";"1";"3";"PRINCE HINOI (AVENUE)";" -17,53400000";" -149,56000000"
"202400009725";"13";"09";"2024";"12:50";"1";"37";"37261";"2";"1";"1";"7";"CHEVALLIER (RUE AUGUSTE)";"47,37476000";"0,67891000"
"202400009726";"13";"09";"2024";"09:20";"1";"37";"37261";"2";"6";"1";"2";"DANEMARK (AVENUE DU)";"47,43206000";"0,69702000"
"202400009727";"24";"04";"2024";"07:35";"1";"92";"92063";"1";"1";"1";"2";"A86";"48,87144806";"2,15681022"
"202400009728";"25";"11";"2024";"08:25";"1";"974";"97416";"2";"3";"1";"3";"PRESIDENT MITTERAND(AVENUE)";" -21,34331000";"55,48213000"
"202400009729";"25";"04";"2024";"07:50";"1";"93";"93005";"1";"1";"1";"2";"A3";"48,93850214";"2,47965223"
"202400009730";"25";"11";"2024";"21:10";"5";"974";"97411";"2";"3";"2";"3";"NOTRE DAME DE LA TRINITE (BOULEVARD)";" -20,89268000";"55,46392000"
"202400009731";"13";"09";"2024";"21:25";"5";"35";"35238";"2";"2";"1";"3";"DESGREES (BD PAUL HUTIN)";"48,09527000";" -1,63761000"
"202400009732";"24";"04";"2024";"17:20";"1";"93";"93066";"1";"1";"1";"2";"A1";"48,90752236";"2,35821845"
"202400009733";"24";"11";"2024";"20:15";"5";"974";"97411";"2";"2";"2";"3";"GUYON (FELIX)";" -20,87985000";"55,45451000"
"202400009734";"13";"09";"2024";"17:45";"1";"35";"35115";"1";"1";"1";"4";"RN12";"48,33918000";" -1,21285000"
"202400009735";"25";"04";"2024";"14:30";"1";"94";"94044";"1";"1";"1";"2";"N406";"48,75735007";"2,47768368"
"202400009736";"24";"11";"2024";"01:07";"5";"974";"97411";"1";"1";"1";"6";"VINH-SAN (BLD 1 DU PRINCE)";" -20,88735000";"55,44095000"
"202400009737";"13";"09";"2024";"20:25";"5";"34";"34172";"2";"1";"1";"2";"MERMOZ (AVENUE JEAN)";"43,61370000";"3,88620000"
"202400009738";"25";"04";"2024";"09:00";"1";"94";"94081";"1";"1";"1";"7";"A86";"48,77482657";"2,41105832"
"202400009739";"25";"11";"2024";"09:18";"1";"973";"97302";"2";"1";"1";"3";"BADUEL (ROUTE DE)";"4,93266000";" -52,30823000"
"202400009740";"13";"09";"2024";"14:20";"1";"34";"34172";"2";"1";"1";"3";"CARTIER (AVENUE JACQUES)";"43,60686000";"3,89313000"
"202400009741";"24";"11";"2024";"23:13";"5";"973";"97302";"2";"3";"1";"3";"14 ET 22 JUIN 1962 ";"4,93389474";" -52,32710284"
"202400009742";"13";"09";"2024";"21:30";"5";"33";"33318";"2";"1";"1";"1";"N/A";"44,81188000";" -0,62110000"
"202400009743";"18";"02";"2024";"18:45";"5";"62";"62033";"1";"2";"2";"2";"D917";"50,45304000";"2,87632000"
"202400009744";"13";"09";"2024";"20:30";"5";"33";"33522";"2";"3";"1";"1";"N/A";"44,79622000";" -0,59236000"
"202400009745";"25";"11";"2024";"19:40";"5";"69";"69152";"2";"2";"8";"3";"Boulevard de l'Europe";"45,69765000";"4,82477000"
"202400009746";"24";"04";"2024";"18:00";"5";"974";"97411";"2";"1";"1";"1";"DOMENJOD (ROUTE DE)";" -20,90808000";"55,50394000"
"202400009747";"23";"11";"2024";"05:30";"3";"971";"97113";"1";"1";"1";"6";"PETIT HAVRE (SECTEUR)";"16,21374000";" -61,42463000"
"202400009748";"24";"04";"2024";"02:10";"4";"974";"97411";"2";"1";"1";"6";"RIVIERE DES PLUIES (ROUTE DE LA)";" -20,90229000";"55,50310000"
"202400009749";"13";"09";"2024";"12:30";"1";"33";"33281";"2";"3";"1";"3";"N/A";"44,83205000";" -0,62675000"
"202400009750";"25";"11";"2024";"21:05";"5";"95";"95427";"2";"1";"2";"1";"D311";"48,97700752";"2,34837999"
"202400009751";"13";"09";"2024";"12:00";"1";"33";"33281";"2";"4";"1";"3";"N/A";"44,83849500";" -0,61885100"
"202400009752";"24";"04";"2024";"22:50";"5";"69";"69388";"2";"3";"1";"3";"Rue Paul Cazeneuve";"45,73188000";"4,86051000"
"202400009753";"25";"11";"2024";"08:15";"2";"95";"95288";"2";"1";"3";"6";"D311";"48,98521190";"2,35666741"
"202400009754";"13";"09";"2024";"08:25";"1";"33";"33281";"2";"6";"1";"6";"N/A";"44,82374000";" -0,65033000"
"202400009755";"24";"04";"2024";"10:35";"1";"69";"69388";"2";"8";"1";"6";"67 Boulevard des Etats-Unis";"45,73409000";"4,86402000"
"202400009756";"25";"11";"2024";"08:00";"2";"91";"91477";"2";"1";"2";"6";"EMILE BAUDOT (RUE)";"48,72101000";"2,26127000"
"202400009757";"13";"09";"2024";"08:10";"2";"33";"33318";"2";"2";"1";"1";"N/A";"44,80078000";" -0,60851000"
"202400009758";"24";"04";"2024";"17:08";"1";"972";"97213";"1";"1";"1";"3";"BASSE GONDEAU (CHEMIN RURAL N°4 DE) ";"14,62891000";" -61,02826000"
"202400009759";"24";"11";"2024";"14:35";"1";"91";"91201";"2";"3";"1";"6";"BD HENRI BARBUSSE";"48,69028700";"2,41112100"
"202400009760";"13";"09";"2024";"04:30";"5";"33";"33063";"2";"1";"2";"6";"N/A";"44,87481000";" -0,55063000"
"202400009761";"22";"04";"2024";"08:55";"1";"972";"97209";"2";"4";"1";"5";"MOUTTE (ROUTE DE)";"14,62480000";" -61,05089000"
"202400009762";"23";"11";"2024";"16:30";"1";"91";"91691";"2";"1";"1";"6";"PARC";"48,72072000";"2,51169000"
"202400009763";"22";"11";"2024";"18:24";"5";"87";"87085";"2";"1";"1";"6";"FOURNIER (PLACE)";"45,83138000";"1,26099000"
"202400009764";"13";"09";"2024";"17:50";"1";"31";"31555";"2";"1";"1";"6";"CHE D AUDIBERT";"43,63671834";"1,44244641"
"202400009765";"24";"04";"2024";"11:45";"1";"69";"69034";"2";"6";"1";"2";"Avenue Général Leclerc";"45,80368000";"4,86082000"
"202400009766";"24";"11";"2024";"05:20";"3";"87";"87085";"2";"1";"1";"6";"NEXON (RUE DE)";"45,80378000";"1,25453000"
"202400009767";"24";"04";"2024";"21:50";"5";"2A";"2A004";"2";"1";"1";"1";"PIETRI NICOLAS AVENUE";"41,91766155";"8,72456610"
"202400009768";"13";"09";"2024";"04:20";"3";"31";"31555";"2";"1";"1";"5";"VA007440 LES MINIMES A620 Sortie 31";"43,62112000";"1,41807000"
"202400009769";"22";"11";"2024";"10:13";"1";"87";"87085";"2";"2";"1";"3";"FOUGERAS (RUE DE)";"45,86874000";"1,29646000"
"202400009770";"23";"04";"2024";"17:00";"1";"88";"88160";"1";"3";"1";"3";"7EME ARMEE (RUE DE LA)";"48,15007000";"6,45521000"
"202400009771";"13";"09";"2024";"07:00";"5";"28";"28134";"2";"1";"1";"1";"KENNEDY (AVENUE DU PRESIDENT)";"48,73016000";"1,37963000"
"202400009772";"22";"04";"2024";"16:32";"1";"87";"87085";"2";"1";"1";"2";"REFORME (RUE DE LA)";"45,83522000";"1,26221000"
"202400009773";"13";"09";"2024";"20:25";"4";"26";"26362";"1";"1";"1";"2";"L.A.C.R.A. (RN532)";"44,95329880";"4,93509293"
"202400009774";"24";"04";"2024";"10:15";"1";"85";"85194";"2";"1";"1";"6";"Rue des Ajoncs";"46,51366000";" -1,77569000"
"202400009775";"13";"09";"2024";"16:15";"1";"17";"17306";"2";"1";"1";"3";"BOUCHET LOUIS (AVENUE)";"45,62727000";" -0,99741000"
"202400009776";"25";"11";"2024";"07:30";"2";"84";"84031";"2";"7";"1";"3";"MONT VENTOUX AVENUE DU";"44,05588000";"5,05225000"
"202400009777";"19";"04";"2024";"13:55";"1";"85";"85194";"2";"3";"1";"6";"GUYNEMER (RUE GEORGES)";"46,49542000";" -1,77747000"
"202400009778";"21";"11";"2024";"11:35";"1";"83";"83069";"2";"1";"8";"7";"CLOTIS (AVENUE JOSEPH)";"43,11995000";"6,12909000"
"202400009779";"24";"04";"2024";"09:55";"1";"85";"85191";"2";"2";"1";"3";"RD88";"46,66381000";" -1,41110000"
"202400009780";"13";"09";"2024";"15:20";"1";"17";"17306";"2";"6";"1";"3";"CHEVREUILS (DES)";"45,64303000";" -1,04779000"
"202400009781";"25";"11";"2024";"18:20";"3";"78";"78621";"2";"3";"2";"3";"CHARTRES (ROUTE DE)";"48,77314900";"1,99224200"
"202400009782";"24";"04";"2024";"22:15";"5";"84";"84007";"2";"2";"1";"3";"LIBERTE ( Rue de la)";"43,94340800";"4,81901000"
"202400009783";"13";"09";"2024";"16:25";"1";"14";"14118";"2";"3";"1";"3";"17 Avenue du 6 Juin";"49,18224700";" -0,35725900"
"202400009784";"11";"09";"2024";"15:50";"1";"13";"13102";"2";"1";"1";"1";"RENE CAILLOUX (BD )";"43,42244000";"5,23344000"
"202400009785";"24";"04";"2024";"07:20";"1";"83";"83103";"1";"1";"1";"3";"DE GAULLE (ROUTE GENERAL)";"43,16873241";"5,92073143"
"202400009786";"24";"11";"2024";"20:35";"5";"77";"77373";"2";"2";"1";"6";"CHE D 21";"48,78158000";"2,61832000"
"202400009787";"12";"09";"2024";"15:10";"1";"13";"13201";"2";"1";"1";"6";"HOTEL DES POSTES (PLACE DE L')";"43,29886000";"5,37413000"
"202400009788";"25";"11";"2024";"20:00";"3";"77";"77495";"1";"9";"8";"6";"D.346";"48,55411490";"2,62785827"
"202400009789";"24";"04";"2024";"18:40";"1";"83";"83126";"2";"9";"7";"3";"GHIBAUDO (CHEMIN JEAN )";"43,09180000";"5,87821000"
"202400009790";"21";"04";"2024";"18:05";"1";"83";"83050";"2";"1";"1";"6";"AZEMAR(RUE DES ALLEES D')";"43,53598646";"6,46058485"
"202400009791";"24";"11";"2024";"05:00";"5";"76";"76351";"2";"3";"1";"3";"FLEURUS (DE)";"49,49154000";"0,13830000"
"202400009792";"13";"09";"2024";"11:20";"1";"11";"11069";"1";"1";"1";"5";"N/A";"43,22570800";"2,33023600"
"202400009793";"23";"04";"2024";"13:20";"1";"82";"82033";"1";"1";"1";"6";"Route de Saint-Aignan";"44,03232900";"1,09912100"
"202400009794";"25";"11";"2024";"18:35";"5";"74";"74010";"2";"3";"1";"3";"ST-BERNARD DE MENTHON(BOULEVARD/PASSAGE)";"45,90443000";"6,13426000"
"202400009795";"13";"09";"2024";"15:42";"1";"10";"10387";"2";"2";"1";"6";"Avenue Pierre Brossolette";"48,28660000";"4,07740000"
"202400009796";"25";"11";"2024";"18:20";"5";"67";"67482";"2";"1";"6";"6";"OBERHAUSBERGEN (ROUTE D )";"48,59727000";"7,70461000"
"202400009797";"12";"09";"2024";"19:14";"1";"10";"10387";"2";"3";"1";"1";"Boulevard Gambetta";"48,29929000";"4,07182000"
"202400009798";"22";"04";"2024";"08:10";"1";"77";"77269";"2";"1";"1";"4";"NANGIS - D408 (ROUTE)";"48,54178330";"2,68518801"
"202400009799";"25";"11";"2024";"07:25";"4";"62";"62510";"2";"9";"2";"6";"Rue Jules Ferry";"50,42907000";"2,74951000"
"202400009800";"25";"11";"2024";"11:20";"1";"59";"59599";"2";"2";"2";"6";"GRAMME (CHAUSSEE)";"50,73799900";"3,16231400"
"202400009801";"13";"09";"2024";"13:00";"1";"09";"09122";"2";"1";"1";"4";"LECLERC (AVENUE DU GENERAL)";"42,97511200";"1,60821000"
"202400009802";"25";"11";"2024";"20:15";"5";"59";"59650";"2";"2";"1";"3";"DELECOURT (RUE ALFRED)";"50,70841000";"3,18628000"
"202400009803";"12";"09";"2024";"07:55";"1";"07";"07102";"2";"1";"1";"3";"DUNANT (RUE HENRI)";"44,93912000";"4,87387000"
"202400009804";"24";"04";"2024";"06:50";"1";"72";"72181";"2";"2";"1";"3";"HEUZE OLIVIER AV N° PAIRS 200 ET >";"47,99278415";"0,17406464"
"202400009805";"13";"09";"2024";"08:40";"1";"06";"06069";"2";"1";"1";"6";"46 Avenue Victoria";"43,66369700";"6,93173600"
"202400009806";"23";"04";"2024";"16:12";"1";"72";"72181";"2";"9";"1";"2";"JAURES JEAN (AV) N° PAIRS 60 ET >";"47,98951000";"0,20581000"
"202400009807";"13";"09";"2024";"09:05";"1";"75";"75119";"2";"1";"1";"7";"BOULEVARD PERIPHERIQUE EXTERIEUR NORD  ";"48,90058100";"2,38612900"
"202400009808";"25";"11";"2024";"07:20";"3";"59";"59560";"1";"1";"2";"2";"BOUVRY ROGER RUE";"50,53843000";"3,01842000"
"202400009809";"24";"04";"2024";"19:13";"1";"71";"71076";"2";"3";"1";"3";"BLERIOT (RUE LOUIS)";"46,80148000";"4,85910000"
"202400009810";"12";"09";"2024";"18:45";"1";"75";"75115";"2";"1";"2";"3";"BOULEVARD PERIPHERIQUE EXTERIEUR SUD";"48,82896600";"2,28856200"
"202400009811";"22";"11";"2024";"10:10";"1";"58";"58194";"2";"1";"1";"6";"PAUL VAILLANT COUTURIER";"46,99303000";"3,15710000"
"202400009812";"24";"04";"2024";"14:02";"1";"71";"71076";"2";"1";"2";"3";"CASSIN (RUE RENE)";"46,77445000";"4,86470000"
"202400009813";"12";"09";"2024";"17:40";"1";"75";"75117";"2";"1";"1";"2";"BOULEVARD PERIPHERIQUE EXTERIEUR NORD  ";"48,89944700";"2,31828400"
"202400009814";"25";"11";"2024";"08:20";"1";"56";"56260";"2";"6";"1";"3";"Rue François-René de Chateaubriand";"47,66292000";" -2,76217000"
"202400009815";"24";"04";"2024";"17:00";"1";"66";"66136";"2";"1";"1";"6";"Chemin de Château-Roussillon (VC 210)";"42,70385000";"2,94310000"
"202400009816";"23";"11";"2024";"04:15";"3";"56";"56098";"2";"1";"1";"6";"Rue Marie Le Franc";"47,77624000";" -3,35807000"
"202400009817";"13";"09";"2024";"14:50";"1";"75";"75117";"2";"2";"1";"3";"BOULEVARD BESSIERES";"48,89446700";"2,31344300"
"202400009818";"24";"04";"2024";"07:45";"1";"64";"64335";"2";"1";"1";"2";"EUROPE DE L'";"43,32926000";" -0,44607000"
"202400009819";"25";"11";"2024";"18:47";"5";"47";"47001";"2";"2";"2";"6";"BRU (AVENUE DU DOCTEUR JEAN)";"44,19413000";"0,62824000"
"202400009820";"24";"04";"2024";"03:30";"5";"64";"64024";"2";"1";"1";"7";"LOUILLOT (RUE DE)";"43,48150000";" -1,52083000"
"202400009821";"12";"09";"2024";"08:50";"1";"75";"75116";"2";"2";"1";"3";"RUE CLAUDE TERRASSE";"48,83955900";"2,26332100"
"202400009822";"25";"11";"2024";"22:10";"5";"44";"44109";"2";"6";"8";"2";"Boulevard Jean Philippot";"47,21285000";" -1,55367000"
"202400009823";"24";"04";"2024";"14:45";"1";"63";"63113";"2";"1";"1";"6";"RASSAT (RUE DU)";"45,76919000";"3,11889000"
"202400009824";"12";"09";"2024";"10:20";"1";"75";"75114";"2";"2";"1";"6";"RUE ALPHONSE DAUDET";"48,82613900";"2,32891800"
"202400009825";"14";"04";"2024";"01:00";"4";"62";"62570";"2";"1";"1";"6";"Rue Charles Lecocq";"50,40240000";"2,87876000"
"202400009826";"25";"11";"2024";"08:25";"1";"38";"38169";"2";"2";"1";"3";"BOULEVARD JOLIOT-CURIE";"45,19993000";"5,69123000"
"202400009827";"13";"09";"2024";"21:19";"5";"75";"75113";"2";"2";"1";"3";"RUE NEUVE TOLBIAC";"48,83223200";"2,37976900"
"202400009828";"24";"04";"2024";"18:30";"1";"56";"56260";"1";"1";"2";"4";"Liziec";"47,66700300";" -2,72965700"
"202400009829";"25";"11";"2024";"08:35";"2";"37";"37122";"2";"3";"3";"2";"BRETONNIERES (BOULEVARD DES)";"47,34372998";"0,62750727"
"202400009830";"13";"09";"2024";"12:30";"1";"75";"75113";"2";"2";"1";"3";"RUE DU CHEVALERET";"48,83263400";"2,37100200"
"202400009831";"23";"04";"2024";"12:15";"1";"56";"56121";"2";"1";"1";"3";"Rue Jean Le Coutaller";"47,74805000";" -3,37012000"
"202400009832";"25";"11";"2024";"18:15";"3";"36";"36202";"1";"1";"8";"4";"N/A";"46,77048773";"1,66333437"
"202400009833";"23";"04";"2024";"15:20";"1";"51";"51454";"2";"2";"1";"6";"PONSARDIN (RUE)";"49,24682000";"4,04390000"
"202400009834";"12";"09";"2024";"08:35";"1";"75";"75112";"2";"3";"1";"2";"RUE MOUSSET ROBERT";"48,84293400";"2,40525500"
"202400009835";"25";"11";"2024";"19:20";"5";"35";"35238";"2";"3";"1";"3";"NANTAISE";"48,11027404";" -1,68510586"
"202400009836";"23";"04";"2024";"20:00";"2";"49";"49007";"2";"1";"1";"3";"JONCHERES SQUARE";"47,44879000";" -0,56287000"
"202400009837";"13";"09";"2024";"10:41";"1";"75";"75108";"2";"1";"1";"6";"RUE DE ROME";"48,87612200";"2,32363900"
"202400009838";"25";"11";"2024";"19:15";"5";"31";"31555";"1";"1";"2";"4";"VA001490 A621";"43,62449000";"1,41615000"
"202400009839";"23";"04";"2024";"11:10";"1";"45";"45208";"2";"2";"1";"3";"53 Rue de la Pontonnerie";"48,00156579";"2,72276683"
"202400009840";"13";"09";"2024";"03:10";"5";"75";"75107";"2";"3";"1";"2";"AVENUE RAPP";"48,85983900";"2,30066900"
"202400009841";"24";"11";"2024";"14:50";"1";"22";"22278";"2";"1";"1";"3";"DOUVENANT (DE)";"48,50160000";" -2,73703000"
"202400009842";"24";"04";"2024";"15:20";"1";"42";"42044";"2";"2";"1";"6";"Rue de la République";"45,39572000";"4,31793000"
"202400009843";"13";"09";"2024";"16:20";"1";"75";"75101";"2";"2";"1";"6";"PONT AU CHANGE";"48,85723759";"2,34709918"
"202400009844";"25";"11";"2024";"07:25";"3";"17";"17415";"2";"1";"1";"6";"ALLENDE AVENUE DU PRESIDENT SALVADOR";"45,73507700";" -0,64495800"
"202400009845";"24";"04";"2024";"19:35";"2";"37";"37261";"2";"6";"8";"3";"CHAUTEMPS (AVENUE CAMILLE)";"47,37470000";"0,71630000"
"202400009846";"13";"09";"2024";"10:20";"1";"75";"75104";"2";"2";"1";"3";"QUAI HENRI IV";"48,85082534";"2,36144632"
"202400009847";"24";"04";"2024";"08:45";"1";"35";"35238";"2";"1";"1";"3";"LORIENT (DE)";"48,10821000";" -1,70017000"
"202400009848";"13";"09";"2024";"10:10";"1";"75";"75102";"2";"2";"1";"3";"RUE DE LA PAIX";"48,86831100";"2,33031600"
"202400009849";"24";"04";"2024";"16:50";"1";"34";"34301";"2";"1";"1";"6";"CLERVILLE CHEVALIER DE (BOULEVARD)";"43,40723000";"3,67837000"
"202400009850";"16";"11";"2024";"14:10";"1";"13";"13039";"1";"1";"2";"5";"RN 568";"43,47019000";"4,94536000"
"202400009851";"13";"09";"2024";"08:15";"1";"94";"94067";"2";"2";"7";"3";"Rue Fays";"48,84749141";"2,41863003"
"202400009852";"24";"04";"2024";"20:30";"1";"34";"34198";"2";"1";"1";"3";"FOIRE (ROUTE DE LA)";"43,57300000";"3,94500000"
"202400009853";"25";"11";"2024";"20:30";"5";"13";"13214";"2";"1";"1";"3";"PLOMBIERES (BOULEVARD DES)";"43,31646000";"5,38337000"
"202400009854";"13";"09";"2024";"09:00";"1";"94";"94044";"2";"1";"1";"6";"13 Rue Roger Salengro";"48,75143100";"2,49006000"
"202400009855";"21";"04";"2024";"17:10";"1";"34";"34172";"2";"1";"1";"1";"PEYRE (RUE ARNAULT)";"43,64080000";"3,81865000"
"202400009856";"13";"09";"2024";"17:10";"1";"94";"94058";"2";"1";"8";"3";"Rue de Tannebourg";"48,83720000";"2,49600000"
"202400009857";"25";"11";"2024";"08:30";"1";"13";"13203";"2";"4";"8";"3";"STRASBOURG (BOULEVARD)";"43,30713000";"5,37520000"
"202400009858";"24";"04";"2024";"09:36";"1";"34";"34172";"2";"3";"1";"3";"TOULOUSE (AVENUE DE";"43,59737000";"3,86428000"
"202400009859";"13";"09";"2024";"12:10";"1";"94";"94058";"2";"2";"1";"5";"Avenue du Général de Gaulle";"48,83901430";"2,50867546"
"202400009860";"25";"11";"2024";"09:30";"1";"75";"75117";"2";"2";"2";"3";"RUE DE ROME";"48,88326900";"2,31915300"
"202400009861";"24";"04";"2024";"22:00";"5";"33";"33281";"2";"1";"1";"2";"N/A";"44,82645000";" -0,62403000"
"202400009862";"25";"11";"2024";"09:30";"1";"75";"75116";"2";"1";"2";"6";"AVENUE VICTOR HUGO";"48,87205200";"2,29090600"
"202400009863";"12";"09";"2024";"20:45";"3";"94";"94028";"1";"1";"2";"6";"D1";"48,79159315";"2,44820479"
"202400009864";"24";"11";"2024";"17:30";"5";"75";"75116";"2";"1";"1";"6";"AVENUE HENRI MARTIN";"48,86436600";"2,27383800"
"202400009865";"13";"09";"2024";"19:25";"1";"94";"94060";"2";"1";"1";"3";"Rue du Four";"48,78424102";"2,57863140"
"202400009866";"24";"04";"2024";"20:05";"1";"31";"31555";"2";"3";"2";"3";"RUE RAYMOND LIZOP";"43,56753000";"1,39741000"
"202400009867";"24";"11";"2024";"14:15";"1";"75";"75116";"2";"1";"1";"6";"ROUTE DE LA MUETTE A NEUILLY";"48,87802100";"2,25960400"
"202400009868";"24";"04";"2024";"08:00";"1";"31";"31555";"2";"1";"1";"3";"RTE DE LAUNAGUET";"43,64957000";"1,43878000"
"202400009869";"25";"11";"2024";"20:45";"3";"75";"75115";"2";"3";"1";"2";"AVENUE DE LOWENDAL";"48,84860900";"2,30237100"
"202400009870";"13";"09";"2024";"09:00";"1";"93";"93064";"2";"1";"1";"2";"MAUNOURY (RUE DU MARECHAL)";"48,87141691";"2,48316217"
"202400009871";"24";"04";"2024";"09:05";"1";"27";"27229";"2";"1";"1";"6";"TILLEULS (ALLEE DES)";"49,02000200";"1,14616300"
"202400009872";"25";"11";"2024";"15:10";"1";"75";"75114";"2";"3";"8";"3";"AVENUE DU MAINE";"48,83753900";"2,32305000"
"202400009873";"24";"04";"2024";"16:05";"1";"25";"25056";"1";"1";"1";"6";"RN 1057 (BD CHURCHIL-ROUTE DE GRAY)";"47,26526000";"6,00534000"
"202400009874";"23";"11";"2024";"17:00";"2";"75";"75114";"2";"2";"1";"6";"RUE VERCINGETORIX";"48,83276000";"2,31155200"
"202400009875";"13";"09";"2024";"17:20";"1";"93";"93077";"2";"1";"2";"2";"ROSNY (AVENUE DE)";"48,88201385";"2,49681973"
"202400009876";"23";"03";"2024";"17:30";"1";"13";"13056";"2";"1";"1";"1";"QUATORZE JUILLET";"43,40871000";"5,05626000"
"202400009877";"25";"11";"2024";"08:20";"1";"75";"75111";"2";"2";"3";"3";"BOULEVARD VOLTAIRE";"48,85872700";"2,37859800"
"202400009878";"13";"09";"2024";"16:00";"1";"93";"93046";"2";"2";"1";"3";"PACHOT LAINE RUE";"48,92401000";"2,53910000"
"202400009879";"24";"04";"2024";"11:05";"1";"13";"13212";"2";"1";"1";"3";"TREVARESSE (TRAV DE LA) ";"43,29657000";"5,41325000"
"202400009880";"25";"11";"2024";"09:00";"1";"75";"75110";"2";"1";"2";"7";"RUE DES RECOLLETS";"48,87446900";"2,36173000"
"202400009881";"13";"09";"2024";"07:15";"2";"93";"93055";"2";"1";"1";"6";"JEAN NICOT";"48,89160764";"2,41490562"
"202400009882";"13";"09";"2024";"08:45";"1";"93";"93051";"2";"1";"1";"6";"SOUCHET (BOULEVARD)";"48,84840612";"2,54270554"
"202400009883";"25";"11";"2024";"18:35";"5";"75";"75108";"2";"7";"8";"3";"PLACE CHARLES DE GAULLE";"48,87348800";"2,29610100"