"Num_Acc";"jour";"mois";"an";"hrmn";"lum";"dep";"com";"agg";"int";"atm";"col";"adr";"lat";"long"
"202400009884";"24";"04";"2024";"11:15";"1";"13";"13213";"2";"1";"1";"7";"PAUL LANGEVIN (RUE)";"43,34357644";"5,43139960"
"202400009885";"13";"09";"2024";"16:00";"1";"93";"93063";"2";"6";"1";"6";"DOUMER PAUL AV.";"48,88329815";"2,42448263"
"202400009886";"25";"11";"2024";"13:00";"1";"75";"75108";"2";"3";"3";"3";"RUE DU GENERAL FOY";"48,87788600";"2,31815800"
"202400009887";"23";"04";"2024";"21:05";"1";"11";"11262";"2";"2";"6";"3";"N/A";"43,18278000";"2,97927000"
"202400009888";"13";"09";"2024";"01:00";"5";"93";"93014";"2";"9";"1";"6";"FOSSE MAUSSOIN (ALLEE DE LA)";"48,90660940";"2,53207602"
"202400009889";"25";"11";"2024";"11:40";"1";"75";"75108";"2";"4";"3";"3";"RUE DE MONCEAU";"48,87503800";"2,30605500"
"202400009890";"25";"11";"2024";"07:00";"5";"75";"75103";"2";"2";"2";"7";"RUE DE TURBIGO";"48,86445000";"2,35165700"
"202400009891";"13";"09";"2024";"15:00";"1";"93";"93008";"1";"1";"1";"5";"PLACE SAINT JUSTE";"48,90566293";"2,46954069"
"202400009892";"22";"04";"2024";"09:40";"1";"11";"11069";"1";"1";"1";"4";"N/A";"43,22056000";"2,37983000"
"202400009893";"25";"11";"2024";"16:10";"1";"94";"94042";"2";"2";"2";"3";"Place de Verdun";"48,82004000";"2,47345000"
"202400009894";"13";"09";"2024";"04:50";"5";"93";"93008";"2";"8";"1";"3";"VAILLANT COUTURIER (AVENUE PAUL)";"48,90845287";"2,45143670"
"202400009895";"25";"11";"2024";"16:10";"2";"94";"94034";"2";"1";"2";"6";"Avenue de la Rèpublique";"48,75576000";"2,32212000"
"202400009896";"21";"04";"2024";"19:50";"1";"04";"04112";"2";"1";"1";"2";"SAINT LAZARE (AV.)";"43,83333000";"5,78333000"
"202400009897";"13";"09";"2024";"18:00";"1";"93";"93005";"2";"2";"1";"2";"PIMODAN (RUE DE)";"48,92588065";"2,49079227"
"202400009898";"25";"11";"2024";"08:50";"1";"94";"94022";"2";"9";"2";"3";"Avenue Victor Hugo";"48,76686800";"2,41453900"
"202400009899";"24";"04";"2024";"15:35";"1";"75";"75120";"2";"7";"1";"6";"RUE BELGRAND";"48,86490400";"2,39885800"
"202400009900";"12";"09";"2024";"21:50";"5";"93";"93071";"2";"1";"1";"3";"JOHN F. KENNEDY (AVENUE)";"48,93866365";"2,51308863"
"202400009901";"24";"11";"2024";"00:10";"5";"94";"94019";"2";"1";"1";"6";"Rue du Général de Gaulle";"48,79289000";"2,52935000"
"202400009902";"24";"04";"2024";"12:48";"1";"75";"75119";"2";"3";"1";"7";"RUE DE MOUZAIA";"48,88005100";"2,39843700"
"202400009903";"10";"09";"2024";"17:30";"1";"92";"92073";"2";"1";"8";"2";"SELLIER (BOULEVARD HENRI)";"48,86527224";"2,21943030"
"202400009904";"25";"11";"2024";"08:35";"1";"93";"93078";"2";"1";"2";"6";"PEPINIERE (AVENUE DE LA)";"48,95547000";"2,53292000"
"202400009905";"13";"09";"2024";"10:00";"1";"92";"92050";"2";"1";"1";"1";"ONZE NOVEMBRE RUE DU";"48,90781509";"2,21369751"
"202400009906";"24";"04";"2024";"14:00";"1";"75";"75116";"2";"3";"1";"3";"BOULEVARD DE BEAUSEJOUR";"48,85658900";"2,26633300"
"202400009907";"13";"09";"2024";"07:45";"2";"92";"92050";"2";"9";"1";"3";"LE CORBUSIER ALLEE";"48,89435248";"2,22335100"
"202400009908";"25";"11";"2024";"14:38";"1";"93";"93051";"2";"2";"2";"3";"ARISTIDE BRIAND (AVENUE)";"48,84778247";"2,55276918"
"202400009909";"24";"04";"2024";"14:50";"1";"75";"75115";"2";"3";"2";"6";"RUE DE LA CONVENTION";"48,83907600";"2,29234400"
"202400009910";"25";"11";"2024";"19:30";"5";"93";"93074";"2";"3";"1";"2";"MEAUX RUE DE";"48,93505000";"2,56965000"
"202400009911";"13";"09";"2024";"01:45";"5";"92";"92044";"2";"2";"1";"3";"ARISTIDE BRIAND(RUE)51A83  54A96";"48,89172000";"2,28679000"
"202400009912";"24";"04";"2024";"18:00";"1";"75";"75114";"2";"3";"8";"3";"RUE FROIDEVAUX";"48,83536300";"2,32926200"
"202400009913";"25";"11";"2024";"08:20";"1";"93";"93057";"2";"4";"2";"6";"BARBUSSE ( AL. HENRI)";"48,89956698";"2,49898911"
"202400009914";"13";"09";"2024";"09:30";"1";"92";"92026";"2";"1";"1";"6";"GAULTIER";"48,89787184";"2,24041298"
"202400009915";"18";"11";"2024";"17:48";"5";"93";"93005";"2";"1";"2";"6";"GEORGES BRAQUE (BOULEVARD)";"48,95888667";"2,47695006"
"202400009916";"13";"09";"2024";"18:05";"1";"92";"92023";"2";"6";"1";"1";"ANEMOMETRE (CARREFOUR DE L')";"48,80030195";"2,24897772"
"202400009917";"24";"04";"2024";"08:23";"1";"75";"75113";"2";"3";"1";"3";"RUE NEUVE TOLBIAC";"48,83183800";"2,37911800"
"202400009918";"18";"11";"2024";"16:40";"2";"92";"92064";"2";"3";"2";"6";"BEARN";"48,84889077";"2,22087823"
"202400009919";"13";"09";"2024";"16:55";"1";"92";"92012";"2";"1";"1";"3";"JEAN JAURES (BOULEVARD) 217/FIN - 210/FI";"48,83535000";"2,24252000"
"202400009920";"24";"04";"2024";"12:55";"1";"75";"75111";"2";"3";"1";"3";"RUE DE LA ROQUETTE";"48,85477100";"2,37276700"
"202400009921";"25";"11";"2024";"20:13";"5";"92";"92051";"2";"3";"1";"3";"RICHARD WALLACE (BOULEVARD)";"48,87589241";"2,24787220"
"202400009922";"13";"09";"2024";"12:12";"1";"92";"92012";"2";"1";"1";"6";"JEAN JAURES (BOULEVARD) 2/68 - COTE PAIR";"48,83573000";"2,24232000"
"202400009923";"17";"04";"2024";"19:30";"2";"75";"75117";"2";"3";"1";"7";"BOULEVARD DES BATIGNOLLES";"48,88258100";"2,32206000"
"202400009924";"25";"11";"2024";"11:29";"1";"92";"92020";"2";"9";"3";"6";"VANVES BOULEVARD DE N° PAIRS";"48,80414000";"2,28847000"
"202400009925";"13";"09";"2024";"08:27";"1";"92";"92004";"2";"1";"1";"3";"ARGENTEUIL AV D'";"48,91986892";"2,27985229"
"202400009926";"25";"11";"2024";"08:55";"1";"92";"92040";"2";"1";"2";"6";"RODIN (BOULEVARD)";"48,81887541";"2,25817144"
"202400009927";"24";"04";"2024";"06:50";"1";"94";"94078";"2";"4";"1";"3";"Avenue du 8 Mai 1945 / Rue Gervais";"48,72560904";"2,44472153"
"202400009928";"13";"09";"2024";"07:55";"1";"92";"92009";"2";"1";"1";"3";"ADOLPHE GUYOT ( RUE )";"48,91974324";"2,27538298"
"202400009929";"24";"11";"2024";"14:00";"1";"92";"92025";"2";"2";"1";"6";"FRANKENTHAL (RUE DE)";"48,92471752";"2,24010676"
"202400009930";"29";"04";"2024";"12:30";"1";"94";"94042";"2";"2";"1";"3";"Avenue du President Kennedy / Boulevard de l'Europe";"48,81491509";"2,46328229"
"202400009931";"31";"07";"2024";"17:00";"1";"34";"34202";"1";"1";"1";"1";"M5";"43,58536500";"3,78556300"
"202400009932";"25";"11";"2024";"05:50";"2";"92";"92023";"2";"9";"2";"7";"GENERAL EISENHOWER (AVENUE)";"48,77702958";"2,22972035"
"202400009933";"3";"04";"2024";"09:45";"1";"94";"94058";"2";"1";"1";"6";"Avenue Pierre Brossolette";"48,83486100";"2,50475700"
"202400009934";"25";"11";"2024";"12:10";"1";"92";"92071";"2";"9";"2";"2";"HOUDAN (RUE)";"48,77890000";"2,28866000"
"202400009935";"14";"09";"2024";"18:55";"2";"01";"01089";"1";"4";"1";"1";"D5";"45,96866500";"5,31806400"
"202400009936";"25";"11";"2024";"07:39";"5";"92";"92071";"2";"7";"2";"6";"GENERAL DE GAULLE (PLACE)";"48,77817867";"2,29068215"
"202400009937";"24";"04";"2024";"06:40";"1";"94";"94038";"2";"6";"1";"3";"Avenue du 8 Mai 1945 / Rue de Bicêtre";"48,77118000";"2,34986000"
"202400009938";"13";"09";"2024";"10:36";"1";"40";"40304";"2";"1";"7";"3";"Boulevard Notre - Dame";"43,65670700";" -1,44203100"
"202400009939";"24";"04";"2024";"18:00";"1";"94";"94071";"2";"1";"1";"6";"Rue Lamartine";"48,77883600";"2,51933000"
"202400009940";"26";"11";"2024";"12:49";"1";"02";"02017";"1";"1";"1";"2";"Autoroute A26";"49,70328600";"3,43611100"
"202400009941";"24";"04";"2024";"16:20";"1";"93";"93073";"2";"1";"1";"6";"Rue Leon Tolstoi";"48,94554087";"2,56750301"
"202400009942";"24";"11";"2024";"21:20";"3";"95";"95504";"1";"1";"2";"6";"DOMAINE DES VANNEAUX";"49,12099350";"2,26356626"
"202400009943";"13";"09";"2024";"19:45";"5";"972";"97204";"2";"1";"2";"1";"Godinot";"14,70910900";" -61,16658900"
"202400009944";"26";"11";"2024";"01:50";"3";"81";"81096";"1";"1";"1";"6";"d999";"43,89321500";"2,42340800"
"202400009945";"24";"04";"2024";"12:10";"1";"93";"93066";"2";"1";"1";"3";"Rue Max Jacob";"48,94374500";"2,35286800"
"202400009946";"14";"09";"2024";"04:00";"3";"11";"11353";"1";"1";"1";"6";"Route départementale 1118";"43,25213400";"2,93059800"
"202400009947";"31";"10";"2024";"06:00";"1";"974";"97405";"1";"2";"1";"3";"Rue Maxime Payet";" -21,37013500";"55,58077800"
"202400009948";"23";"04";"2024";"20:10";"2";"93";"93033";"2";"2";"1";"3";"Boulevard de la Résistance / Rue des Pres de Noisy";"48,85816000";"2,57152000"
"202400009949";"24";"11";"2024";"17:35";"5";"83";"83004";"2";"4";"1";"3";"Avenue de la Gare";"43,45617400";"6,48308200"
"202400009950";"16";"08";"2024";"22:15";"5";"88";"88349";"2";"3";"1";"3";"Rue de Gérardmer";"48,17098000";"7,01399800"
"202400009951";"23";"04";"2024";"23:22";"5";"93";"93046";"2";"1";"1";"2";"Avenue du Maréchal Leclerc";"48,92043000";"2,53984000"
"202400009952";"14";"09";"2024";"11:05";"1";"30";"30151";"1";"3";"6";"3";"Départementale D406";"44,15011900";"4,36869600"
"202400009953";"24";"11";"2024";"10:10";"1";"22";"22020";"1";"1";"1";"2";"Nationale 12 - PR 11+800";"48,32538400";" -2,25777600"
"202400009954";"23";"04";"2024";"22:05";"5";"92";"92064";"2";"3";"1";"3";"CALVAIRE";"48,84852000";"2,21845000"
"202400009955";"25";"11";"2024";"12:03";"1";"18";"18279";"1";"1";"2";"2";"N/A";"47,24393000";"2,06259700"
"202400009956";"14";"09";"2024";"17:00";"1";"56";"56032";"1";"2";"1";"7";"La Motte";"47,96197200";" -2,26518500"
"202400009957";"24";"04";"2024";"19:45";"2";"92";"92040";"2";"1";"1";"2";"GALLIENI (BOULEVARD)";"48,83047983";"2,26728127"
"202400009958";"26";"11";"2024";"12:25";"1";"62";"62285";"1";"1";"1";"1";"D36E2";"50,16184300";"2,88025100"
"202400009959";"14";"09";"2024";"09:55";"1";"56";"56034";"2";"9";"1";"3";"Avenue du Rahic";"47,58404500";" -3,07509400"
"202400009960";"23";"04";"2024";"05:00";"5";"92";"92036";"2";"1";"1";"6";"GENERAL DE GAULLE (AVENUE) (PAIRS)";"48,93358799";"2,31097471"
"202400009961";"25";"11";"2024";"16:50";"5";"51";"51492";"2";"2";"2";"2";"50 Rue Marx Dormoy";"48,54742800";"3,76722700"
"202400009962";"14";"09";"2024";"03:50";"3";"56";"56067";"1";"1";"1";"6";"Moulin de Kerbervet";"47,78582600";" -2,89664600"
"202400009963";"23";"04";"2024";"20:10";"1";"92";"92036";"2";"1";"1";"6";"LUCIEN LANTERNIER (AVENUE) (1/17)";"48,93291481";"2,29321253"
"202400009964";"26";"12";"2024";"06:15";"3";"19";"19025";"1";"1";"2";"7";"D 7";"45,41020100";"1,30994800"
"202400009965";"22";"04";"2024";"19:20";"1";"92";"92025";"2";"1";"1";"6";"ILE MARANTE(PARC LAGRAVERE) (PARC)";"48,92605925";"2,23261679"
"202400009966";"26";"11";"2024";"08:45";"1";"79";"79170";"1";"1";"1";"7";"N/A";"46,18249700";" -0,63236800"
"202400009967";"14";"09";"2024";"17:29";"1";"76";"76400";"1";"1";"1";"2";"D27";"49,83066800";"0,91392300"
"202400009968";"24";"11";"2024";"02:20";"4";"80";"80253";"2";"1";"2";"6";"Rue de Routequeue";"50,15395700";"2,34841300"
"202400009969";"23";"04";"2024";"19:50";"1";"92";"92012";"2";"1";"1";"2";"PONT DE SEVRES (ROND POINT DU)";"48,82886912";"2,22995692"
"202400009970";"13";"09";"2024";"17:30";"1";"31";"31541";"2";"1";"1";"1";"Route de Toulouse";"43,67743200";"1,36408600"
"202400009971";"14";"09";"2024";"01:25";"3";"80";"80199";"1";"1";"1";"1";"D938";"49,94867200";"2,90270800"
"202400009972";"25";"04";"2024";"12:30";"1";"66";"66024";"1";"1";"1";"4";"A9 PK 270+500 sens Espagne - France";"42,53459411";"2,83176899"
"202400009973";"25";"11";"2024";"11:23";"1";"81";"81063";"1";"1";"1";"7";"D600";"43,95736000";"2,11081300"
"202400009974";"23";"11";"2024";"09:50";"1";"34";"34114";"2";"1";"1";"7";"Boulevard Pasteur";"43,65503400";"3,55444700"
"202400009975";"24";"04";"2024";"19:55";"5";"974";"97422";"2";"1";"1";"1";"86 Chemin Isautier";" -21,26492300";"55,51683900"
"202400009976";"14";"09";"2024";"18:25";"1";"76";"76711";"2";"3";"1";"3";"RUE LUCIEN LAVACRY";"50,05738700";"1,38636900"
"202400009977";"24";"11";"2024";"00:01";"3";"34";"34021";"1";"1";"1";"7";"D612";"43,44329200";"2,91631200"
"202400009978";"13";"09";"2024";"22:05";"3";"61";"61007";"1";"1";"1";"7";"RD20";"48,81635900";" -0,53781500"
"202400009979";"24";"04";"2024";"16:30";"1";"974";"97401";"2";"1";"1";"3";"Avenue du Général de Gaulle";" -21,23836535";"55,33189210"
"202400009980";"14";"09";"2024";"12:30";"1";"55";"55200";"1";"1";"1";"7";"D115";"49,17350400";"5,30549500"
"202400009981";"20";"04";"2024";"15:15";"1";"62";"62155";"1";"1";"1";"7";"D225";"50,77486800";"2,03274300"
"202400009982";"26";"11";"2024";"11:05";"1";"39";"39462";"1";"1";"1";"1";"N/A";"47,13420600";"5,56904800"
"202400009983";"24";"04";"2024";"19:50";"1";"91";"91666";"1";"1";"1";"7";"D59";"48,68630000";"2,22760500"
"202400009984";"29";"08";"2024";"16:46";"1";"46";"46144";"1";"1";"1";"7";"pont de louysse";"44,84244000";"1,54967162"
"202400009985";"22";"11";"2024";"10:55";"1";"44";"44087";"2";"1";"1";"3";"Rue de la vieille cohue";"46,99161100";" -1,81908500"
"202400009986";"14";"09";"2024";"00:17";"3";"34";"34313";"1";"1";"1";"6";"RD 32";"43,56311900";"3,48476900"
"202400009987";"23";"04";"2024";"15:34";"1";"971";"97109";"2";"1";"1";"5";"Avenue du General de Gaulle";"15,99694400";" -61,69427300"
"202400009988";"13";"09";"2024";"22:45";"5";"25";"25453";"2";"1";"1";"6";"8 Rue des Tilleuls";"47,21636200";"6,54552800"
"202400009989";"22";"11";"2024";"19:20";"3";"35";"35010";"1";"1";"8";"6";"Lieu Dit la Croix de Launay";"48,56186200";" -1,70635700"
"202400009990";"14";"09";"2024";"09:40";"1";"06";"06062";"2";"1";"1";"6";"10 Avenue Theophile Bottone";"44,00278200";"7,55368000"
"202400009991";"24";"11";"2024";"18:00";"3";"01";"01338";"1";"2";"1";"3";"route départemental";"45,66798000";"5,60987800"
"202400009992";"24";"04";"2024";"17:55";"1";"62";"62171";"1";"1";"1";"1";"D70";"50,46372842";"2,31539139"
"202400009993";"14";"09";"2024";"11:00";"1";"14";"14570";"1";"2";"1";"3";"2282 Route d'Orbec (La Chapelle-Yvon)";"49,06954300";"0,33010500"
"202400009994";"21";"11";"2024";"17:40";"3";"70";"70292";"1";"1";"4";"4";"D3";"47,81252000";"5,91759700"
"202400009995";"25";"04";"2024";"16:20";"1";"67";"67420";"1";"1";"1";"5";"Russ";"48,49259000";"7,24891100"
"202400009996";"25";"04";"2024";"00:05";"3";"81";"81101";"1";"1";"2";"6";"N88";"43,99179330";"2,17447770"
"202400009997";"18";"11";"2024";"17:38";"5";"45";"45098";"2";"3";"2";"3";"597 Route d'Orléans";"47,83022000";"1,76866500"
"202400009998";"24";"04";"2024";"18:40";"1";"89";"89013";"2";"9";"1";"6";"Route d’Auxerre";"47,87628900";"3,53126000"
"202400009999";"27";"10";"2024";"09:50";"1";"18";"18114";"1";"1";"1";"7";"Route du Fond Romain";"46,74813200";"2,26218600"
"202400010000";"24";"04";"2024";"21:00";"5";"63";"63178";"2";"9";"1";"3";"Avenue Marie Curie / parking GIFI";"45,55117300";"3,25643200"
"202400010001";"14";"09";"2024";"02:25";"3";"43";"43190";"1";"1";"2";"7";"7 Route des 3 Fontaines";"45,03533900";"3,99395400"
"202400010002";"25";"11";"2024";"09:00";"1";"43";"43223";"1";"1";"6";"6";"D23";"45,25463180";"4,34232667"
"202400010003";"25";"04";"2024";"16:01";"1";"61";"61432";"1";"1";"1";"6";"D666";"48,74679100";"0,66909500"
"202400010004";"13";"09";"2024";"22:30";"5";"10";"10064";"2";"1";"1";"7";"Rue henri barbusse";"48,39161900";"4,52990200"
"202400010005";"25";"04";"2024";"16:20";"1";"55";"55106";"1";"1";"1";"1";"pk 27 D38";"49,21017012";"5,25149810"
"202400010006";"25";"11";"2024";"17:55";"3";"21";"21037";"1";"2";"2";"5";"D973";"46,98733000";"4,73657700"
"202400010007";"14";"09";"2024";"11:45";"1";"10";"10034";"1";"3";"1";"3";"D671";"48,08840000";"4,38030000"
"202400010008";"24";"04";"2024";"21:50";"3";"68";"68060";"1";"1";"1";"2";"RD83";"47,74425100";"7,15073700"
"202400010009";"26";"11";"2024";"12:15";"1";"40";"40284";"2";"1";"1";"6";"115 Avenue Nationale";"43,65963300";" -1,30783400"
"202400010010";"14";"09";"2024";"14:30";"1";"40";"40217";"1";"1";"1";"1";"Chemin Forrestier";"44,34495200";" -1,05031000"
"202400010011";"26";"11";"2024";"15:38";"1";"17";"17340";"1";"1";"1";"7";"D 911";"46,07011200";" -0,78940600"
"202400010012";"13";"09";"2024";"13:18";"1";"85";"85050";"1";"1";"1";"7";"la briandière";"46,51630600";" -1,32945300"
"202400010013";"25";"04";"2024";"07:12";"2";"39";"39470";"1";"3";"1";"4";"N/A";"46,46684700";"6,07358900"
"202400010014";"14";"09";"2024";"11:20";"1";"34";"34337";"1";"9";"1";"3";"N/A";"43,53895500";"3,87739100"
"202400010015";"22";"11";"2024";"16:15";"1";"37";"37050";"2";"1";"1";"1";"1 Rue Jean Perrin";"47,34129689";"0,72329718"
"202400010016";"24";"04";"2024";"20:45";"2";"44";"44085";"1";"1";"1";"7";"La Treslais";"47,68084400";" -1,40608900"
"202400010017";"24";"04";"2024";"16:05";"1";"14";"14543";"1";"1";"1";"6";"Rue de Neuf Mer";"49,22922900";" -0,48263700"
"202400010018";"14";"09";"2024";"12:15";"1";"973";"97309";"2";"1";"1";"3";"Route de Rémire";"4,89720600";" -52,27405400"
"202400010019";"26";"11";"2024";"19:08";"3";"42";"42279";"1";"1";"1";"6";"Route de Bonson";"45,51212100";"4,23488600"
"202400010020";"24";"04";"2024";"19:50";"2";"50";"50238";"1";"9";"1";"7";"Hameau Carpentier";"49,56970300";" -1,80856000"
"202400010021";"14";"09";"2024";"17:10";"1";"30";"30060";"1";"1";"1";"7";"Aire de repos";"43,78543300";"4,40003000"
"202400010022";"25";"04";"2024";"08:00";"1";"73";"73128";"2";"6";"1";"6";"D1201";"45,72628390";"5,92046589"
"202400010023";"25";"11";"2024";"08:00";"2";"17";"17308";"2";"1";"3";"6";"Avenue de Villeneuve";"45,87131300";" -0,95999500"
"202400010024";"13";"09";"2024";"23:20";"3";"91";"91180";"1";"1";"1";"7";"D372";"48,44796300";"2,49612800"
"202400010025";"24";"04";"2024";"22:55";"5";"10";"10033";"2";"1";"1";"6";"11 Route d'Arrentières";"48,24060900";"4,71702900"
"202400010026";"25";"11";"2024";"18:45";"3";"40";"40224";"1";"1";"3";"1";"A 641 - PK 4.600";"43,54528200";" -1,12373800"
"202400010027";"24";"04";"2024";"08:15";"1";"53";"53137";"1";"6";"1";"7";"route des laurencières";"48,07137600";" -0,89407100"
"202400010028";"13";"09";"2024";"19:25";"2";"66";"66065";"1";"1";"1";"1";"D11";"42,61897307";"2,97723055"
"202400010029";"26";"11";"2024";"07:15";"3";"25";"25110";"1";"1";"1";"1";"RD 471";"46,90627200";"6,26037200"
"202400010030";"23";"04";"2024";"23:25";"3";"21";"21459";"1";"1";"1";"6";"D959";"47,44144100";"5,29015300"
"202400010031";"25";"04";"2024";"19:00";"1";"85";"85047";"2";"1";"1";"6";"36 Chemin de la solitude";"46,84446400";" -1,86146900"
"202400010032";"13";"09";"2024";"16:00";"1";"13";"13030";"1";"1";"6";"1";"d8n";"43,26588600";"5,74840800"
"202400010033";"25";"04";"2024";"07:10";"1";"85";"85102";"1";"1";"1";"1";"RD 81";"46,85358000";" -1,62907800"
"202400010034";"26";"11";"2024";"07:35";"3";"77";"77065";"1";"1";"1";"2";"N37 PR 1+100";"48,47155600";"2,52265000"
"202400010035";"24";"04";"2024";"17:00";"1";"85";"85047";"2";"1";"1";"6";"64 Rue des sables";"46,83704800";" -1,87403300"
"202400010036";"23";"08";"2024";"13:30";"1";"13";"13004";"1";"1";"1";"1";"d570";"43,62017100";"4,49958800"
"202400010037";"24";"04";"2024";"18:15";"5";"988";"98805";"2";"1";"2";"6";"Parking du supermarché Auchan";" -22,21194000";"166,47945000"
"202400010038";"25";"11";"2024";"13:30";"1";"974";"97406";"2";"1";"2";"1";"impasse des marjolaines";" -21,14128700";"55,62662000"
"202400010039";"1";"04";"2024";"13:00";"1";"49";"49007";"2";"2";"1";"1";"Boulevard Victor Beaussier";"47,47317400";" -0,59991400"
"202400010040";"26";"11";"2024";"12:18";"1";"66";"66175";"1";"1";"1";"6";"Route du Boulou";"42,54297500";"2,91225700"
"202400010041";"14";"09";"2024";"10:40";"1";"42";"42228";"1";"1";"1";"1";"D5";"45,53502000";"4,08530700"
"202400010042";"24";"04";"2024";"11:41";"1";"11";"11170";"2";"6";"1";"3";"2 Avenue des Cormorans";"43,09839000";"3,10809000"
"202400010043";"25";"11";"2024";"20:30";"3";"06";"06031";"1";"1";"1";"6";"D2204b";"43,76511700";"7,32202800"
"202400010044";"9";"08";"2024";"06:49";"2";"62";"62487";"2";"1";"2";"1";"D231";"50,84064621";"1,77556718"
"202400010045";"13";"09";"2024";"18:40";"1";"38";"38076";"1";"1";"1";"1";"Chemin des Fontaines";"45,59007400";"5,47310100"
"202400010046";"25";"11";"2024";"20:15";"5";"71";"71372";"2";"1";"2";"1";"D466b";"46,18521200";"4,75395300"
"202400010047";"24";"04";"2024";"15:30";"1";"33";"33005";"2";"9";"1";"3";"N/A";"44,74449100";" -1,09496600"
"202400010048";"8";"08";"2024";"15:10";"1";"13";"13211";"1";"1";"1";"3";"A507 sens Aubagne- Marseille";"43,29332000";"5,47488000"
"202400010049";"13";"09";"2024";"17:00";"1";"69";"69039";"1";"1";"1";"6";"260 Route de la Blancherie";"45,97847928";"4,50744152"
"202400010050";"25";"11";"2024";"18:00";"5";"57";"57160";"2";"1";"2";"6";"Rue de la Gare";"49,19963200";"6,69058800"
"202400010051";"6";"08";"2024";"20:05";"1";"83";"83137";"1";"1";"1";"2";"A50 TUNNEL TUBE SUD";"43,12541571";"5,93689702"
"202400010052";"14";"09";"2024";"11:00";"1";"69";"69269";"2";"1";"1";"3";"Route de la Rivière";"45,70888400";"4,58369100"
"202400010053";"24";"04";"2024";"12:13";"1";"78";"78564";"1";"1";"1";"4";"A10, PK 29+500, Direction Province";"48,51490000";"1,90787000"
"202400010054";"8";"08";"2024";"16:30";"1";"92";"92025";"1";"1";"1";"2";"A86";"48,92444761";"2,23134581"
"202400010055";"12";"09";"2024";"11:18";"1";"85";"85113";"2";"2";"1";"3";"24 Rue de ker pierre borny";"46,72577500";" -2,35735600"
"202400010056";"26";"11";"2024";"07:15";"3";"38";"38494";"1";"4";"5";"1";"D517";"45,68959500";"5,38318500"
"202400010057";"8";"08";"2024";"02:00";"3";"93";"93064";"1";"1";"1";"6";"AUTOROUTE A103";"48,88665911";"2,48118004"
"202400010058";"25";"04";"2024";"12:30";"1";"974";"97415";"1";"1";"1";"5";"Route Nationale 1a";" -21,02203100";"55,23237500"
"202400010059";"26";"11";"2024";"07:00";"3";"44";"44047";"2";"1";"1";"3";"Route de Saint Etienne de Montluc";"47,24257500";" -1,67001600"
"202400010060";"7";"08";"2024";"05:00";"3";"77";"77058";"1";"1";"1";"6";"A4";"48,83005655";"2,70502617"
"202400010061";"13";"09";"2024";"18:15";"1";"14";"14228";"2";"6";"1";"3";"1 Rue Jean Perrin";"49,28827100";" -0,37861500"
"202400010062";"14";"09";"2024";"10:00";"1";"22";"22067";"1";"1";"8";"6";"Kerbost";"48,53834700";" -3,16865400"
"202400010063";"6";"05";"2024";"08:30";"1";"91";"91326";"2";"2";"1";"6";"GENERAL DE GAULLE (AVENUE DU)";"48,69167000";"2,37849000"
"202400010064";"26";"11";"2024";"16:20";"1";"60";"60157";"2";"3";"1";"3";"Rue de Paris";"49,37160800";"2,41617700"
"202400010065";"24";"04";"2024";"17:20";"1";"973";"97305";"1";"3";"1";"3";"Route Nationale 1";"5,06157200";" -52,56179400"
"202400010066";"14";"09";"2024";"17:10";"1";"35";"35228";"2";"1";"1";"6";"29 Rue de Dinard";"48,58076400";" -2,05882900"
"202400010067";"9";"05";"2024";"13:10";"1";"91";"91479";"2";"1";"1";"6";"AV JEAN JAURES";"48,70992000";"2,36360000"
"202400010068";"25";"04";"2024";"08:30";"1";"13";"13104";"1";"1";"1";"7";"D9";"43,34186200";"5,13104400"
"202400010069";"23";"11";"2024";"22:45";"3";"59";"59610";"1";"1";"6";"7";"D88";"50,27660800";"3,43679200"
"202400010070";"12";"04";"2024";"08:05";"1";"91";"91103";"2";"1";"1";"6";"AV CHARLES DE GAULLE";"48,60533000";"2,31429000"
"202400010071";"25";"04";"2024";"07:55";"1";"66";"66037";"2";"3";"1";"3";"Avenue de l?Esparrou";"42,69516600";"3,02524700"
"202400010072";"25";"11";"2024";"13:20";"1";"59";"59019";"2";"1";"3";"2";"Rue de la Libération";"50,29232000";"3,53565200"
"202400010073";"13";"09";"2024";"15:30";"1";"59";"59497";"1";"1";"2";"1";"Route de Cassel";"50,73847425";"2,35938072"
"202400010074";"25";"07";"2024";"16:20";"1";"44";"44109";"2";"2";"1";"3";"18 Boulevard Gabriel Guist'Hau";"47,21619587";" -1,56573393"
"202400010075";"25";"11";"2024";"19:26";"3";"83";"83090";"1";"1";"1";"7";"A50";"43,12580000";"5,88005240"
"202400010076";"25";"08";"2024";"18:00";"1";"13";"13117";"1";"1";"1";"2";"A7-Sens Lyon vers Marseille";"43,42153273";"5,26887776"
"202400010077";"7";"08";"2024";"18:10";"1";"75";"75118";"2";"1";"1";"2";"BD PERIPHERIQUE EXTERIEUR";"48,90065400";"2,36979800"