"Num_Acc";"jour";"mois";"an";"hrmn";"lum";"dep";"com";"agg";"int";"atm";"col";"adr";"lat";"long"
"202400010078";"24";"04";"2024";"17:05";"1";"83";"83071";"1";"3";"1";"1";"Ancien Chemin de Hyeres";"43,12624900";"6,19862800"
"202400010079";"25";"11";"2024";"11:23";"1";"33";"33013";"1";"1";"3";"2";"N/A";"44,86600000";" -0,50392000"
"202400010080";"12";"09";"2024";"18:10";"1";"83";"83137";"1";"1";"1";"3";"A50";"43,12529939";"5,90724511"
"202400010081";"24";"04";"2024";"09:15";"2";"05";"05053";"2";"1";"1";"6";"D 1075";"44,34403100";"5,77439900"
"202400010082";"5";"08";"2024";"21:25";"5";"75";"75120";"2";"1";"1";"2";"BD PERIPHERIQUE INTERIEUR";"48,86425700";"2,41327900"
"202400010083";"24";"11";"2024";"05:50";"3";"33";"33281";"1";"1";"1";"6";"N/A";"44,85110000";" -0,66719000"
"202400010084";"8";"09";"2024";"06:00";"3";"69";"69259";"1";"1";"2";"6";"Route Départementale 301";"45,68662550";"4,87290859"
"202400010085";"24";"04";"2024";"12:55";"1";"73";"73285";"2";"1";"1";"1";"Rue des glières";"45,62274500";"6,79143800"
"202400010086";"18";"11";"2024";"18:00";"3";"33";"33550";"1";"1";"1";"2";"N/A";"44,78130400";" -0,58146000"
"202400010087";"5";"08";"2024";"19:40";"1";"75";"75116";"2";"1";"1";"4";"BD PERIPHERIQUE EXTERIEUR";"48,85780700";"2,25954600"
"202400010088";"13";"09";"2024";"07:25";"1";"33";"33550";"1";"1";"1";"2";"N/A";"44,77433000";" -0,55632000"
"202400010089";"25";"04";"2024";"16:40";"1";"73";"73064";"2";"4";"1";"1";"D5 Route Royale";"45,54374600";"5,98380200"
"202400010090";"13";"09";"2024";"07:45";"1";"33";"33096";"1";"1";"1";"2";"N/A";"44,90097950";" -0,49427748"
"202400010091";"25";"04";"2024";"15:15";"2";"07";"07245";"2";"1";"1";"1";"128 Route du Grand Pont";"45,06743800";"4,78250700"
"202400010092";"7";"08";"2024";"13:55";"1";"75";"75119";"2";"3";"1";"3";"AVENUE JEAN JAURES";"48,88695400";"2,38642000"
"202400010093";"24";"11";"2024";"06:35";"3";"59";"59581";"1";"1";"1";"6";"AUTOROUTE A25";"50,69411374";"2,80816349"
"202400010094";"25";"04";"2024";"07:48";"1";"72";"72244";"1";"1";"1";"1";"D134";"47,73887600";" -0,32245500"
"202400010095";"7";"08";"2024";"14:50";"1";"75";"75115";"2";"1";"1";"1";"BOULEVARD VICTOR";"48,83486600";"2,28251700"
"202400010096";"11";"09";"2024";"17:30";"1";"62";"62351";"1";"1";"1";"2";"A21";"50,43262923";"2,91822230"
"202400010097";"7";"08";"2024";"06:45";"1";"75";"75115";"2";"2";"2";"3";"BOULEVARD LEFEBVRE";"48,82863200";"2,30141700"
"202400010098";"25";"11";"2024";"11:25";"1";"91";"91659";"1";"1";"2";"6";"AUTOROUTE A6";"48,57800200";"2,46352375"
"202400010099";"8";"09";"2024";"22:15";"3";"59";"59160";"1";"1";"1";"2";"AUTOROUTE A2";"50,42719046";"3,64352421"
"202400010100";"25";"04";"2024";"14:10";"1";"14";"14040";"1";"1";"1";"5";"Route du Molay-Littry";"49,26523219";" -0,75483732"
"202400010101";"5";"08";"2024";"20:00";"1";"75";"75114";"2";"1";"1";"6";"RUE VERCINGETORIX";"48,83763200";"2,32244800"
"202400010102";"13";"09";"2024";"18:40";"1";"94";"94065";"1";"1";"1";"2";"A106";"48,74810007";"2,35808257"
"202400010103";"25";"11";"2024";"10:55";"1";"94";"94003";"1";"1";"3";"3";"A6B";"48,80197950";"2,34359623"
"202400010104";"13";"09";"2024";"13:30";"1";"91";"91339";"1";"1";"1";"7";"RN 104";"48,63066000";"2,24974000"
"202400010105";"25";"11";"2024";"18:20";"5";"92";"92036";"1";"1";"1";"7";"A86";"48,93540166";"2,26544968"
"202400010106";"24";"04";"2024";"10:40";"1";"27";"27165";"2";"3";"1";"3";"Rue Eugène Pottier";"48,95383200";"0,94952300"
"202400010107";"7";"08";"2024";"01:35";"5";"75";"75113";"2";"4";"1";"2";"RUE DE L ESPERANCE";"48,82757100";"2,34901900"
"202400010108";"11";"09";"2024";"19:21";"1";"78";"78640";"1";"1";"1";"2";"N118";"48,78035500";"2,22265700"
"202400010109";"23";"04";"2024";"13:10";"1";"33";"33550";"1";"1";"1";"2";"N/A";"44,77901000";" -0,55286000"
"202400010110";"7";"08";"2024";"09:06";"1";"75";"75108";"2";"1";"1";"3";"AVENUE PIERRE 1ER DE SERBIE";"48,86801700";"2,30032700"
"202400010111";"13";"09";"2024";"10:20";"1";"95";"95582";"1";"1";"1";"6";"A15";"48,97279909";"2,24708506"
"202400010112";"24";"11";"2024";"17:51";"3";"92";"92025";"1";"1";"1";"4";"A86";"48,93400494";"2,25573622"
"202400010113";"13";"09";"2024";"07:15";"2";"93";"93010";"1";"1";"1";"6";"AUTOROUTE A3";"48,91857885";"2,47854047"
"202400010114";"4";"08";"2024";"13:03";"1";"75";"75108";"2";"1";"1";"6";"RUE SAINT LAZARE";"48,87541400";"2,32540500"
"202400010115";"24";"04";"2024";"18:15";"1";"91";"91689";"1";"1";"1";"3";"AUTOROUTE A6A";"48,74929500";"2,32840300"
"202400010116";"12";"09";"2024";"16:55";"1";"93";"93010";"1";"1";"1";"3";"AUTOROUTE A3";"48,90299746";"2,47090403"
"202400010117";"24";"11";"2024";"16:25";"2";"92";"92047";"1";"1";"1";"4";"A13";"48,83251548";"2,15568071"
"202400010118";"24";"04";"2024";"11:20";"1";"91";"91174";"1";"1";"1";"2";"RN 104";"48,62157000";"2,46280000"
"202400010119";"6";"08";"2024";"23:07";"5";"75";"75108";"2";"2";"1";"3";"PONT DES INVALIDES";"48,86460700";"2,31036800"
"202400010120";"12";"09";"2024";"06:20";"2";"95";"95018";"1";"1";"1";"3";"A15";"48,94967230";"2,28022080"
"202400010121";"24";"04";"2024";"09:10";"1";"94";"94034";"1";"1";"1";"4";"A6A";"48,75418164";"2,33255408"
"202400010122";"23";"11";"2024";"16:24";"1";"78";"78362";"1";"1";"8";"6";"A13";"48,97230000";"1,73104000"
"202400010123";"11";"09";"2024";"16:45";"1";"95";"95500";"1";"1";"1";"2";"A15";"49,04180063";"2,08026946"
"202400010124";"7";"07";"2024";"05:54";"3";"42";"42110";"1";"1";"1";"6";"A47";"45,49422000";"4,54310000"
"202400010125";"4";"08";"2024";"19:58";"2";"94";"94068";"2";"1";"1";"3";"Boulevard de Champigny";"48,80823000";"2,50923000"
"202400010126";"24";"04";"2024";"06:50";"1";"94";"94037";"1";"1";"1";"3";"A6A";"48,81567897";"2,33682579"
"202400010127";"23";"04";"2024";"18:25";"1";"92";"92063";"1";"1";"1";"7";"A86";"48,87275388";"2,15724373"
"202400010128";"18";"08";"2024";"13:40";"1";"84";"84081";"2";"3";"1";"3";"Rue Henri Manguin";"43,95325100";"4,89613700"
"202400010129";"11";"09";"2024";"18:23";"1";"92";"92078";"1";"1";"1";"2";"AUTOROUTE A86";"48,92769932";"2,33288884"
"202400010130";"7";"08";"2024";"18:15";"1";"93";"93073";"2";"1";"1";"2";"Avenue des Nations";"48,97752941";"2,51692838"
"202400010131";"24";"04";"2024";"15:40";"1";"93";"93053";"1";"1";"1";"2";"A86";"48,90248612";"2,46764973"
"202400010132";"26";"09";"2024";"18:20";"2";"74";"74081";"1";"2";"3";"6";"Avenue des glières";"46,07384500";"6,56538800"
"202400010133";"11";"09";"2024";"13:00";"1";"93";"93013";"1";"1";"1";"3";"AUTOROUTE A1";"48,94159134";"2,42933219"
"202400010134";"24";"04";"2024";"08:15";"1";"93";"93006";"1";"1";"1";"5";"A3";"48,86966029";"2,42972435"
"202400010135";"11";"09";"2024";"07:30";"1";"95";"95582";"1";"1";"2";"3";"A15";"48,97580684";"2,23902181"
"202400010136";"24";"09";"2024";"18:00";"1";"74";"74158";"1";"1";"2";"4";"D1206";"46,26210000";"6,31928200"
"202400010137";"7";"08";"2024";"07:30";"1";"93";"93055";"2";"5";"1";"4";"Avenue du Général Leclerc / Rue Delizy";"48,89864000";"2,40711000"
"202400010138";"26";"09";"2024";"16:50";"1";"74";"74267";"2";"3";"3";"3";"4054 Route d'albertville";"45,84727700";"6,14664100"
"202400010139";"7";"08";"2024";"17:30";"1";"93";"93005";"2";"1";"1";"2";"Boulevard Georges Braque";"48,95811063";"2,47794508"
"202400010140";"23";"04";"2024";"22:30";"3";"93";"93010";"1";"9";"1";"5";"A3";"48,91077692";"2,47549241"
"202400010141";"26";"09";"2024";"10:20";"1";"74";"74094";"2";"9";"3";"6";"Rue du clos des mésanges";"46,18545600";"6,29013700"
"202400010142";"24";"04";"2024";"22:25";"3";"77";"77373";"1";"9";"1";"7";"RN104";"48,77837500";"2,61481300"
"202400010143";"7";"08";"2024";"14:00";"1";"93";"93005";"2";"1";"1";"3";"Rue Paul Cézanne";"48,95300163";"2,49575702"
"202400010144";"11";"09";"2024";"06:30";"3";"92";"92036";"1";"1";"2";"2";"AUTOROUTE A15";"48,94355783";"2,28738079"
"202400010145";"24";"04";"2024";"08:00";"1";"94";"94018";"1";"1";"8";"3";"A4";"48,82253799";"2,39690691"
"202400010146";"22";"09";"2024";"20:45";"3";"74";"74112";"1";"1";"2";"3";"D3508";"45,92297200";"6,08475700"
"202400010147";"17";"09";"2024";"19:30";"2";"74";"74021";"1";"1";"1";"7";"route nationale";"46,16611500";"6,27310800"
"202400010148";"11";"09";"2024";"01:50";"3";"92";"92036";"1";"1";"3";"6";"AUTOROUTE A15";"48,93775248";"2,29462802"
"202400010149";"24";"04";"2024";"05:55";"2";"77";"77083";"1";"1";"1";"4";"A4.W";"48,83322000";"2,59434000"
"202400010150";"7";"08";"2024";"11:20";"1";"92";"92012";"2";"2";"1";"3";"CHATEAU (RUE DU) 1/125 - 2/136";"48,84451065";"2,25143981"
"202400010151";"12";"09";"2024";"07:48";"1";"987";"98735";"2";"1";"2";"7";"POILUS TAHITIENS (BLOC HOTEL DE POLICE)";" -17,54372600";" -149,57087900"
"202400010152";"20";"01";"2024";"18:40";"3";"19";"19275";"1";"9";"1";"3";"PONTY (ROUTE DE)";"45,54234000";"2,29784000"
"202400010153";"8";"08";"2024";"15:30";"1";"01";"01443";"2";"1";"1";"2";"78 Rue du Commerce";"46,00224700";"5,02814100"
"202400010154";"15";"09";"2024";"11:05";"1";"74";"74166";"1";"1";"1";"1";"route de thonon";"46,38128800";"6,51288600"
"202400010155";"19";"02";"2024";"07:40";"1";"13";"13005";"2";"1";"1";"3";"EOURES (ROUTE D')";"43,30844945";"5,54246657"
"202400010156";"4";"08";"2024";"08:55";"1";"22";"22094";"2";"1";"7";"4";"Rue Nationale";"48,60688700";" -2,15026300"
"202400010157";"3";"09";"2024";"10:30";"1";"74";"74280";"2";"3";"1";"3";"D909";"45,89898000";"6,28927600"
"202400010158";"7";"08";"2024";"08:00";"1";"974";"97412";"1";"1";"1";"1";"Route de Grand Galet";" -21,31644300";"55,64113900"
"202400010159";"12";"09";"2024";"22:35";"3";"974";"97411";"1";"1";"1";"2";"LITTORAL (ROUTE 1 DU)";" -20,87422000";"55,41892000"
"202400010160";"27";"06";"2024";"14:30";"1";"74";"74272";"1";"3";"1";"1";"route de clermont";"45,94311120";"6,02793500"
"202400010161";"23";"04";"2024";"11:30";"1";"988";"98818";"2";"1";"2";"4";"RUE JACQUES IEKAWE";" -22,24725000";"166,46161000"
"202400010162";"8";"08";"2024";"07:00";"3";"35";"35098";"1";"1";"1";"6";"RN137 dir RENNES PK008.800";"47,78372800";" -1,69809600"
"202400010163";"23";"04";"2024";"18:35";"5";"976";"97611";"2";"1";"1";"6";"cavani-Cavani Massimoni rue de";" -12,78399000";"45,21897000"
"202400010164";"11";"09";"2024";"16:40";"1";"973";"97302";"1";"1";"1";"4";"ROUTE NATIONALE 3";"4,90553000";" -52,32033000"
"202400010165";"7";"08";"2024";"15:06";"1";"01";"01033";"1";"1";"1";"5";"Route de Lyon";"46,12157400";"5,81887000"
"202400010166";"11";"09";"2024";"12:20";"1";"973";"97302";"2";"1";"1";"7";"ZEPHIR (ROCADE)";"4,94011000";" -52,30510000"
"202400010167";"23";"04";"2024";"12:35";"1";"976";"97611";"2";"1";"1";"5";"tsoundzou-KOUALE ( rue de )";" -12,81130000";"45,20281000"
"202400010168";"7";"08";"2024";"08:05";"1";"74";"74020";"1";"4";"2";"3";"D26";"46,34633500";"6,52375500"
"202400010169";"23";"04";"2024";"07:15";"1";"974";"97411";"2";"1";"1";"6";"FOURCADE (GEORGES)";" -20,89589000";"55,41324000"
"202400010170";"7";"08";"2024";"18:30";"1";"59";"59260";"2";"1";"7";"7";"4 Rue Nationale (Ghyvelde)";"51,06152800";"2,52215200"
"202400010171";"24";"11";"2024";"12:10";"1";"974";"97416";"2";"1";"1";"3";"DELISLES (ROUTE HUBERT) CD3";" -21,34359000";"55,47768000"
"202400010172";"8";"08";"2024";"19:00";"3";"974";"97413";"2";"1";"1";"6";"Rue du Musee";" -21,19816600";"55,29325100"
"202400010173";"23";"04";"2024";"05:35";"5";"974";"97411";"2";"2";"1";"3";"MONTAGNE (ROUTE DE LA)";" -20,87952000";"55,44383000"
"202400010174";"24";"11";"2024";"05:00";"2";"974";"97411";"2";"3";"1";"6";"MACE (BOULEVARD GABRIEL)";" -20,87247000";"55,44971000"
"202400010175";"11";"09";"2024";"07:25";"1";"973";"97302";"2";"1";"1";"3";"NEGRES MARONS (RUE DES) CITE BONHOMME";"4,92220577";" -52,31940445"
"202400010176";"8";"08";"2024";"10:30";"1";"65";"65149";"2";"1";"1";"7";"Route des 4 Villages";"43,22039200";"0,24032100"
"202400010177";"22";"04";"2024";"18:10";"1";"973";"97302";"2";"6";"2";"3";"MADELEINE (ROUTE DE LA)";"4,92437000";" -52,32425000"
"202400010178";"24";"11";"2024";"19:05";"5";"2B";"2B120";"2";"1";"1";"1";"11 - RT";"42,65312000";"9,44083000"
"202400010179";"3";"08";"2024";"00:30";"3";"50";"50251";"1";"1";"1";"7";"N13";"49,49804700";" -1,43819000"
"202400010180";"23";"04";"2024";"18:45";"1";"69";"69387";"2";"3";"1";"3";"Avenue Jean Jaurès";"45,73417000";"4,83541000"
"202400010181";"24";"11";"2024";"13:15";"1";"2A";"2A004";"2";"1";"1";"2";"#Boulevard Louis Campi#";"41,94333000";"8,75362000"
"202400010182";"2";"08";"2024";"17:15";"1";"62";"62767";"2";"1";"1";"6";"Rue des Carmes";"50,38178900";"2,33618700"
"202400010183";"23";"04";"2024";"12:00";"1";"69";"69388";"2";"2";"1";"1";"Avenue des Frères Lumière";"45,74338000";"4,87425000"
"202400010184";"24";"11";"2024";"04:46";"5";"95";"95268";"2";"1";"1";"7";"ANDRE LE NOTRE (RUE)";"48,97183919";"2,39801466"
"202400010185";"3";"08";"2024";"21:05";"2";"83";"83116";"1";"1";"1";"7";"D70";"43,47772400";"5,86505800"
"202400010186";"22";"04";"2024";"16:50";"1";"972";"97209";"2";"1";"1";"2";"AUTOROUTE (A1)";"14,61475000";" -61,04816000"
"202400010187";"12";"09";"2024";"22:25";"5";"69";"69386";"2";"1";"1";"1";"Avenue de Grande-Bretagne";"45,77330661";"4,84137118"
"202400010188";"28";"06";"2024";"19:30";"1";"56";"56017";"1";"1";"1";"7";"Kerjulien";"47,88826600";" -2,81561000"
"202400010189";"23";"11";"2024";"18:20";"5";"83";"83137";"2";"5";"1";"3";"MICHELETC (BD JULES)";"43,11462878";"5,94523197"
"202400010190";"23";"04";"2024";"17:45";"1";"69";"69389";"2";"4";"8";"3";"Rue Pierre Termier";"45,80388000";"4,83873000"
"202400010191";"8";"08";"2024";"15:45";"1";"56";"56240";"1";"1";"1";"6";"60 Route de Saint Martin";"47,54130400";" -2,78344700"
"202400010192";"22";"11";"2024";"17:00";"1";"83";"83129";"2";"1";"1";"2";"DE GAULLE (PROMENADE CHARLES)";"43,11503000";"5,80933000"
"202400010193";"6";"08";"2024";"22:20";"3";"56";"56240";"1";"1";"1";"6";"Belle-croix";"47,54134600";" -2,69282000"
"202400010194";"22";"04";"2024";"10:56";"1";"2B";"2B033";"2";"1";"8";"6";"TOUTES RUES";"42,69728000";"9,45088000"
"202400010195";"23";"04";"2024";"06:50";"1";"971";"97101";"1";"1";"1";"6";"GRAND CAMP(SECTION)";"16,24911000";" -61,53470000"
"202400010196";"24";"11";"2024";"17:57";"5";"78";"78423";"2";"2";"8";"3";"PAS DU LAC (AVENUE DU)";"48,78686000";"2,03937000"
"202400010197";"7";"08";"2024";"18:05";"1";"82";"82119";"1";"1";"1";"6";"Route de Montpezat";"44,21864700";"1,50529900"
"202400010198";"12";"09";"2024";"12:14";"1";"972";"97213";"2";"1";"1";"6";"SCHOELCHER (RUE)";"14,61477000";" -61,00216000"
"202400010199";"23";"04";"2024";"17:20";"1";"971";"97105";"2";"1";"1";"2";"GASTON FEUILLARD(AVENUE)";"16,00180000";" -61,72565000"
"202400010200";"7";"08";"2024";"12:45";"1";"65";"65235";"1";"1";"1";"6";"N21";"43,19853740";"0,00659079"
"202400010201";"23";"04";"2024";"07:40";"1";"971";"97105";"2";"9";"1";"6";"COURS NOLIVOS ( RUE DU)";"15,99621000";" -61,73131000"
"202400010202";"5";"08";"2024";"09:50";"1";"81";"81084";"2";"1";"1";"2";"9 Rue de la Fontaine";"43,50145700";"2,21350900"
"202400010203";"23";"04";"2024";"17:40";"1";"95";"95252";"2";"1";"1";"6";"D14";"48,98626799";"2,22226585"
"202400010204";"24";"11";"2024";"13:00";"1";"77";"77373";"2";"1";"1";"1";"Rue des Petites Friches";"48,77474200";"2,60135100"
"202400010205";"8";"08";"2024";"15:00";"1";"71";"71469";"1";"1";"1";"1";"route de la montagne";"46,28365900";"4,52987600"
"202400010206";"23";"04";"2024";"18:55";"1";"95";"95219";"2";"6";"1";"3";"D140";"48,98218179";"2,24602735"
"202400010207";"24";"11";"2024";"14:10";"1";"76";"76216";"2";"1";"1";"3";"Route de Dieppe";"49,45947000";"1,05520000"
"202400010208";"11";"09";"2024";"16:15";"1";"972";"97209";"2";"1";"1";"2";"PROFESSEUR RAYMOND GARCIN (RUE DU)";"14,62233000";" -61,07812000"
"202400010209";"7";"08";"2024";"17:15";"1";"63";"63236";"1";"1";"1";"7";"col de la crois saint robert";"45,56376700";"2,83086800"
"202400010210";"23";"04";"2024";"16:00";"1";"95";"95252";"2";"2";"1";"3";"ORME SAINT-EDME (RUE DE L')";"48,98620496";"2,23679265"
"202400010211";"24";"11";"2024";"16:00";"1";"64";"64189";"2";"1";"6";"2";"BENOIT PIERRE (BOULEVARD)";"43,38826068";" -1,67316198"
"202400010212";"23";"04";"2024";"07:35";"2";"91";"91687";"2";"1";"1";"3";"GENERAL DE GAULLE (AVENUE DU)";"48,67573000";"2,38570000"
"202400010213";"24";"11";"2024";"19:20";"5";"64";"64445";"2";"2";"1";"6";"CARREROT";"43,29826000";" -0,36246000"
"202400010214";"7";"08";"2024";"17:00";"1";"42";"42150";"1";"1";"1";"6";"Route de Boën";"45,72582100";"4,04189600"
"202400010215";"23";"04";"2024";"16:50";"1";"84";"84007";"2";"3";"1";"6";"REINE JEANNE( Avenue de la )";"43,93144000";"4,81712000"
"202400010216";"24";"11";"2024";"09:45";"1";"64";"64373";"2";"1";"1";"2";"GENERAL DE GAULLE DU";"43,27644000";" -0,35142000"
"202400010217";"7";"08";"2024";"17:50";"1";"46";"46038";"1";"1";"1";"2";"Avenue Charles de Gaulle";"44,92259500";"1,82785600"
"202400010218";"22";"04";"2024";"08:40";"1";"82";"82121";"2";"3";"1";"2";"avenue chamier";"44,01276000";"1,34599000"
"202400010219";"24";"11";"2024";"19:00";"5";"62";"62570";"2";"1";"1";"1";"Rue Camille Desmoulins";"50,39794761";"2,88216752"
"202400010220";"3";"08";"2024";"22:34";"3";"44";"44088";"1";"1";"1";"7";"le Pâtis";"47,11217400";" -1,40320300"
"202400010221";"12";"09";"2024";"08:05";"1";"69";"69382";"2";"1";"1";"3";"42 Quai Docteur Gailleton";"45,75036413";"4,83175278"
"202400010222";"10";"04";"2024";"17:50";"1";"78";"78545";"1";"1";"1";"6";"CD 7";"48,81476000";"2,07838000"
"202400010223";"24";"11";"2024";"11:20";"1";"59";"59152";"1";"1";"6";"2";"LYS ( BOULEVARD DE LA )";"50,76606300";"3,03018000"
"202400010224";"22";"11";"2024";"14:50";"1";"50";"50165";"2";"1";"1";"1";"MOULIN (RUE DU)";"48,84755000";" -1,57789000"
"202400010225";"23";"04";"2024";"14:35";"1";"78";"78029";"2";"9";"1";"3";"PIERRE LEFAUCHEUX";"48,97628500";"1,85132500"
"202400010226";"12";"09";"2024";"12:40";"1";"2A";"2A004";"2";"1";"2";"6";"20 Avenue du Docteur Noel Franchini";"41,93854000";"8,75461000"
"202400010227";"8";"08";"2024";"00:45";"3";"44";"44131";"2";"1";"1";"6";"42 Rue du Général de Gaulle";"47,11416700";" -2,09443000"
"202400010228";"11";"09";"2024";"19:30";"1";"95";"95428";"2";"9";"1";"6";"D144";"48,98106685";"2,32042492"
"202400010229";"24";"11";"2024";"16:35";"1";"49";"49007";"2";"1";"1";"6";"BASSE CHAINE PONT";"47,47100000";" -0,56480000"
"202400010230";"11";"09";"2024";"17:00";"1";"95";"95288";"1";"1";"1";"6";"ParcREPUBLIQUE (AVENUE DE LA)";"48,98467600";"2,35883500"
"202400010231";"24";"11";"2024";"06:35";"2";"49";"49007";"2";"1";"1";"1";"PASTEUR AVENUE";"47,47500000";" -0,53540000"
"202400010232";"6";"08";"2024";"17:55";"1";"38";"38479";"1";"1";"1";"2";"D518";"45,44155500";"5,20344300"
"202400010233";"23";"04";"2024";"17:50";"1";"76";"76540";"2";"3";"1";"2";"Quai Cavelier de la Salle";"49,43810000";"1,08296000"
"202400010234";"12";"09";"2024";"16:10";"1";"91";"91549";"2";"1";"1";"6";"BRETIGNY (AVENUE DE)";"48,63641000";"2,33234000"
"202400010235";"7";"08";"2024";"23:45";"3";"70";"70111";"1";"1";"1";"6";"RD 100";"47,64376800";"6,28614300"
"202400010236";"23";"04";"2024";"16:10";"1";"76";"76157";"1";"1";"1";"7";"Cote de Canteleu";"49,44163000";"1,03053000"
"202400010237";"12";"09";"2024";"08:25";"1";"91";"91339";"1";"1";"1";"2";"RTE NATIONALE 20";"48,62316000";"2,26067000"
"202400010238";"24";"11";"2024";"20:40";"5";"34";"34172";"2";"2";"2";"1";"CROIX CAPITAINE (AVENUE DE LA)";"43,60284000";"3,86366400"
"202400010239";"23";"04";"2024";"09:00";"1";"76";"76681";"2";"2";"7";"3";"Rue Francisco Ferrer";"49,41753000";"1,09545000"
"202400010240";"12";"09";"2024";"18:10";"1";"91";"91477";"2";"1";"8";"6";"CROIX MARTRE (RUE DE LA)";"48,71984000";"2,25965000"
"202400010241";"7";"08";"2024";"17:19";"1";"26";"26191";"1";"4";"1";"2";"Route de Dieulefit";"44,54771100";"4,82124400"
"202400010242";"23";"04";"2024";"02:00";"5";"76";"76351";"2";"1";"2";"6";"LAMBLARDIE (QUAI)";"49,48964489";"0,11393234"
"202400010243";"5";"02";"2024";"06:40";"5";"92";"92012";"2";"1";"1";"1";"MARCEL SEMBAT (PLACE)";"48,83374158";"2,24331433"
"202400010244";"24";"11";"2024";"21:28";"5";"34";"34172";"2";"1";"2";"2";"TOULOUSE (AVENUE DE";"43,59127500";"3,85748100"
"202400010245";"12";"09";"2024";"14:46";"1";"91";"91377";"2";"1";"1";"3";"RUE DU PEROU";"48,71946000";"2,29940000"
"202400010246";"4";"02";"2024";"12:50";"1";"37";"37226";"1";"1";"1";"7";"Les Roberdieres";"47,09355900";"0,62356000"
"202400010247";"8";"08";"2024";"01:15";"3";"72";"72360";"1";"4";"1";"1";"intersection D245 - C6";"48,02921200";"0,11705200"
"202400010248";"23";"04";"2024";"13:30";"1";"73";"73031";"2";"4";"1";"3";"MONTS DESSUS (CHEMIN DES)";"45,57672104";"5,93208209"
"202400010249";"12";"09";"2024";"08:05";"1";"91";"91174";"2";"1";"1";"3";"RUE DE LA PECHERIE";"48,61369000";"2,48551000"
"202400010250";"5";"02";"2024";"16:40";"1";"37";"37077";"2";"1";"1";"6";"50 Chemin de Racault";"47,35520000";"0,45126500"
"202400010251";"24";"11";"2024";"01:20";"3";"34";"34198";"1";"1";"2";"6";"D62  VOIE RAPIDE";"43,55184000";"3,97014000"
"202400010252";"7";"08";"2024";"18:36";"1";"64";"64427";"2";"4";"1";"3";"Route d?Orthez";"43,41426000";" -0,85213800"
"202400010253";"5";"02";"2024";"19:30";"4";"49";"49092";"2";"1";"1";"6";"Rue Nationale (Chemillé)";"47,22547700";" -0,72469000"
"202400010254";"22";"04";"2024";"07:50";"1";"70";"70550";"2";"3";"8";"3";"Rue André Maginot";"47,61940000";"6,14806000"
"202400010255";"3";"08";"2024";"15:53";"1";"64";"64403";"1";"1";"1";"7";"D936";"43,37159900";" -0,84463800"
"202400010256";"11";"09";"2024";"22:59";"5";"87";"87085";"2";"2";"1";"3";"SAINT MARTIAL (QUAI)";"45,82603000";"1,26793000"
"202400010257";"23";"04";"2024";"13:30";"1";"66";"66136";"2";"1";"1";"3";"JOTGLARS (DES)";"42,69480000";"2,88982000"
"202400010258";"5";"02";"2024";"17:14";"1";"34";"34088";"1";"1";"1";"2";"Avenue de la Gare du Midi";"43,55019700";"3,73079200"
"202400010259";"11";"09";"2024";"17:19";"1";"87";"87085";"2";"1";"2";"6";"AUTOROUTE A20";"45,83895000";"1,28109000"
"202400010260";"8";"08";"2024";"08:50";"1";"18";"18103";"2";"2";"1";"3";"Chemin de Saint Phalier";"47,13955200";"1,84298300"
"202400010261";"23";"04";"2024";"18:22";"1";"64";"64445";"2";"1";"1";"7";"RICHELIEU";"43,30262000";" -0,35669000"
"202400010262";"11";"09";"2024";"07:40";"1";"81";"81065";"2";"1";"8";"6";"SIZAIRE (BD.HENRI)";"43,60220000";"2,24312000"
"202400010263";"8";"08";"2024";"00:45";"3";"16";"16103";"1";"1";"1";"7";"N/A";"45,52284900";"0,39093700"
"202400010264";"31";"01";"2024";"21:45";"5";"69";"69046";"2";"2";"1";"2";"Route du Bas Privas";"45,64910500";"4,79346400"
"202400010265";"22";"04";"2024";"11:30";"1";"64";"64284";"1";"1";"1";"7";"LAS HIES DE";"43,24992552";" -0,42699963"
"202400010266";"12";"09";"2024";"16:15";"1";"81";"81004";"2";"6";"1";"6";"LUDE (BD ET ALLEE DU)";"43,92212770";"2,14894600"
"202400010267";"20";"01";"2024";"11:40";"1";"51";"51443";"1";"1";"1";"7";"D48";"48,58468800";"3,63873800"
"202400010268";"6";"08";"2024";"21:45";"2";"53";"53111";"1";"1";"1";"3";"la Raverie";"48,35858000";" -0,61123300"
"202400010269";"23";"04";"2024";"17:50";"1";"63";"63075";"2";"1";"1";"6";"THERMES (AVENUE DES)";"45,77233002";"3,06384444"
"202400010270";"5";"02";"2024";"16:45";"1";"71";"71522";"1";"1";"1";"6";"1737 Route de Cuisery";"46,61028953";"4,98708901"
"202400010271";"12";"09";"2024";"08:00";"1";"77";"77079";"1";"6";"7";"3";"AV DES ACACIAS";"48,40965000";"2,79740000"
"202400010272";"23";"04";"2024";"20:10";"1";"62";"62160";"2";"1";"2";"2";"Boulevard de l’Europe";"50,71560000";"1,60183000"