"Num_Acc";"jour";"mois";"an";"hrmn";"lum";"dep";"com";"agg";"int";"atm";"col";"adr";"lat";"long"
"202400010273";"8";"08";"2024";"07:45";"1";"85";"85095";"1";"1";"1";"1";"la briardiere";"46,91726000";" -1,76726700"
"202400010274";"6";"02";"2024";"10:30";"1";"86";"86263";"1";"3";"8";"1";"D741";"46,53209800";"0,35344000"
"202400010275";"22";"04";"2024";"11:35";"1";"62";"62643";"2";"1";"1";"6";"D119";"50,70456570";"1,59655305"
"202400010276";"7";"08";"2024";"17:20";"1";"87";"87126";"1";"2";"1";"2";"Route de Lascaux";"45,86165700";"0,81882500"
"202400010277";"6";"02";"2024";"17:50";"2";"34";"34076";"1";"3";"1";"3";"Rabieux";"43,66273800";"3,44796900"
"202400010278";"11";"09";"2024";"14:10";"1";"76";"76447";"2";"2";"1";"7";"PRESIDENT WILSON";"49,53972000";"0,17848000"
"202400010279";"5";"08";"2024";"11:00";"1";"52";"52300";"1";"1";"1";"7";"départementale 2";"48,52051500";"5,03067600"
"202400010280";"12";"09";"2024";"16:25";"1";"76";"76414";"2";"1";"1";"6";"LOUIS BLERIOT (RUE )";"49,92374000";"1,11959000"
"202400010281";"5";"02";"2024";"18:40";"3";"44";"44171";"2";"1";"1";"1";"29 Rue de Pornic";"47,13632300";" -1,73740100"
"202400010282";"22";"04";"2024";"14:10";"1";"59";"59122";"2";"3";"7";"6";"SAINT LADRE (RUE)";"50,16201000";"3,24829000"
"202400010283";"8";"08";"2024";"16:00";"1";"52";"52265";"1";"1";"1";"1";"N67";"48,56882700";"5,03495700"
"202400010284";"11";"09";"2024";"17:10";"1";"72";"72181";"2";"1";"1";"2";"ARCHE (RUE DE L')";"48,00239000";"0,21103000"
"202400010285";"6";"02";"2024";"17:44";"1";"02";"02461";"2";"2";"1";"6";"1 Avenue de la Gare";"49,59157800";"3,13716800"
"202400010286";"12";"09";"2024";"15:50";"1";"66";"66136";"2";"1";"1";"6";"Avenue Maréchal Leclerc";"42,70094214";"2,88944453"
"202400010287";"21";"04";"2024";"14:40";"1";"57";"57672";"2";"6";"1";"3";"Route des Romains";"49,35325000";"6,13433000"
"202400010288";"11";"09";"2024";"13:00";"1";"66";"66136";"2";"2";"1";"6";"Avenue Jean Mermoz";"42,69606134";"2,90564507"
"202400010289";"22";"04";"2024";"15:50";"1";"56";"56083";"2";"1";"1";"6";"VAILLANT ( AV. EDOUARD )";"47,82019000";" -3,25238000"
"202400010290";"5";"02";"2024";"15:00";"1";"84";"84051";"1";"2";"1";"6";"Chemin de la Bounotte";"43,86480100";"5,24266300"
"202400010291";"12";"09";"2024";"21:30";"5";"64";"64129";"2";"1";"1";"7";"LALANNE";"43,30729000";" -0,39034000"
"202400010292";"6";"02";"2024";"18:20";"4";"60";"60006";"1";"6";"1";"6";"D200";"49,32446934";"2,60275126"
"202400010293";"22";"04";"2024";"14:30";"1";"56";"56121";"2";"6";"1";"3";"Rond-point de Kervaric";"47,74789000";" -3,38913000"
"202400010294";"8";"08";"2024";"16:25";"1";"06";"06018";"1";"1";"1";"6";"2004 Route des Lucioles";"43,61647300";"7,06816800"
"202400010295";"11";"09";"2024";"17:13";"1";"63";"63245";"2";"1";"3";"2";"LAGRANGE LEO (AVENUE)";"45,89164846";"3,09215248"
"202400010296";"22";"04";"2024";"17:30";"1";"54";"54300";"2";"3";"1";"3";"Rue Gustave Flaubert";"48,65694962";"6,21699974"
"202400010297";"8";"08";"2024";"14:29";"1";"06";"06079";"1";"1";"7";"3";"A8 PR 157 + 235";"43,54462214";"6,94008045"
"202400010298";"5";"02";"2024";"17:20";"2";"64";"64147";"1";"1";"1";"3";"D936";"43,46674200";" -1,28896200"
"202400010299";"23";"04";"2024";"08:15";"1";"51";"51454";"2";"7";"1";"3";"FRANCHET D'ESPEREY (BOULEVARD)";"49,24175000";"4,01732000"
"202400010300";"11";"09";"2024";"16:45";"1";"63";"63113";"2";"1";"2";"3";"SABLON (COURS)";"45,77326000";"3,09001000"
"202400010301";"6";"02";"2024";"09:37";"1";"18";"18165";"1";"1";"1";"1";"N/A";"47,32686900";"2,25379600"
"202400010302";"7";"08";"2024";"17:15";"1";"07";"07134";"2";"1";"1";"3";"210 Route de Rosieres";"44,50635300";"4,28835100"
"202400010303";"23";"04";"2024";"14:25";"1";"45";"45232";"2";"1";"1";"3";"Rue de la Bergeresse";"47,84623000";"1,91634000"
"202400010304";"11";"09";"2024";"18:50";"1";"62";"62498";"2";"1";"1";"6";"Avenue du 4 Septembre";"50,43227000";"2,82946000"
"202400010305";"12";"09";"2024";"07:45";"1";"62";"62193";"2";"9";"1";"3";"D119";"50,93982475";"1,87786031"
"202400010306";"4";"02";"2024";"07:00";"3";"40";"40333";"1";"1";"5";"3";"D38";"43,96611800";" -0,72396000"
"202400010307";"23";"04";"2024";"16:51";"1";"37";"37261";"2";"1";"1";"6";"BERGEONNERIE (RUE DE LA)";"47,35971000";"0,69144000"
"202400010308";"8";"08";"2024";"00:48";"3";"37";"37173";"1";"1";"1";"6";"D 775";"47,17115319";"1,31794685"
"202400010309";"5";"02";"2024";"22:15";"3";"27";"27384";"1";"1";"1";"6";"Rue du Lion";"49,36191800";"0,33986300"
"202400010310";"22";"04";"2024";"08:20";"1";"37";"37261";"2";"1";"1";"3";"EIFFEL (AVENUE GUSTAVE)";"47,43573000";"0,69832000"
"202400010311";"12";"09";"2024";"11:50";"1";"62";"62041";"2";"3";"1";"6";"Rue de l’Abbe Pierre";"50,29545983";"2,77116841"
"202400010312";"22";"04";"2024";"12:05";"1";"34";"34301";"2";"1";"1";"6";"QUILLES (CHEMIN DES)";"43,39413000";"3,66493000"
"202400010313";"12";"09";"2024";"09:00";"1";"59";"59599";"2";"1";"1";"6";"FROISSART (RUE JEAN)";"50,72446000";"3,14605000"
"202400010314";"4";"02";"2024";"17:45";"1";"30";"30352";"2";"1";"1";"5";"Avenue du Mas de Guiraud";"43,79115600";"4,09549700"
"202400010315";"7";"08";"2024";"04:05";"3";"30";"30123";"1";"1";"1";"7";"Autoroute A9 - PK 74+900 sens Montpellier vers Nîmes";"43,72377700";"4,15455900"
"202400010316";"11";"09";"2024";"13:20";"1";"59";"59068";"1";"9";"1";"6";"LOUIS DUBOC (RUE)";"50,21209000";"3,81792000"
"202400010317";"23";"04";"2024";"08:00";"1";"34";"34172";"2";"1";"1";"3";"SABATIER D'ESPEYRAN (AVENUE FREDERIC)";"43,62624000";"3,86609000"
"202400010318";"5";"02";"2024";"11:35";"1";"987";"98738";"2";"1";"2";"2";"Pk 10 mairie de Punaauia";" -17,59340500";" -149,61175200"
"202400010319";"7";"08";"2024";"08:30";"1";"73";"73257";"1";"1";"1";"3";"D96";"45,45708300";"6,51987100"
"202400010320";"19";"04";"2024";"20:50";"5";"34";"34032";"2";"9";"1";"1";"SAINT SAENS CAMILLE (AV)";"43,34183000";"3,21842000"
"202400010321";"12";"09";"2024";"19:50";"1";"59";"59350";"2";"3";"1";"3";"N° 2/74B Boulevard Montebello";"50,62391000";"3,04325000"
"202400010322";"31";"01";"2024";"15:50";"1";"65";"65417";"1";"1";"1";"4";"A64";"43,21610800";"0,10544300"
"202400010323";"12";"09";"2024";"20:00";"2";"59";"59350";"2";"1";"1";"6";"Boulevard Vauban";"50,63730000";"3,05167000"
"202400010324";"17";"04";"2024";"07:30";"1";"31";"31555";"2";"1";"1";"3";"ETATS UNIS (AV DES) DU 1AU 281";"43,63104000";"1,43222000"
"202400010325";"8";"08";"2024";"17:25";"1";"69";"69252";"1";"1";"1";"3";"Route de la Cote";"45,54296217";"4,66705517"
"202400010326";"5";"02";"2024";"06:50";"3";"53";"53146";"1";"1";"1";"7";"D12";"48,21198800";" -0,70404000"
"202400010327";"23";"04";"2024";"04:35";"3";"31";"31555";"1";"1";"1";"6";"VA007440 LES MINIMES A620 Sortie 31";"43,62455000";"1,41798000"
"202400010328";"12";"09";"2024";"12:55";"1";"57";"57463";"2";"1";"1";"6";"LAFAYETTE (RUE )";"49,10832000";"6,17357000"
"202400010329";"2";"02";"2024";"23:15";"3";"988";"98811";"1";"1";"8";"6";"RT1 avenue LAPITA";" -21,05840000";"164,85250400"
"202400010330";"7";"08";"2024";"16:30";"1";"973";"97357";"1";"1";"1";"6";"Gaan Siton";"4,28078200";" -54,38772100"
"202400010331";"23";"04";"2024";"18:05";"1";"29";"29232";"2";"1";"1";"2";"Avenue de la Gare";"47,99400500";" -4,09217000"
"202400010332";"5";"02";"2024";"07:50";"1";"34";"34183";"1";"1";"1";"1";"d162";"43,29726900";"3,13121100"
"202400010333";"12";"09";"2024";"14:44";"1";"56";"56260";"2";"2";"1";"3";"Boulevard de la Paix";"47,66129000";" -2,75529000"
"202400010334";"7";"08";"2024";"15:00";"1";"971";"97129";"2";"1";"2";"6";"Route de Belle Riviere";"16,27464065";" -61,67202115"
"202400010335";"23";"04";"2024";"09:30";"1";"27";"27562";"2";"1";"1";"6";"PRES (RUE DES)";"49,10513000";"1,45648000"
"202400010336";"11";"09";"2024";"14:20";"1";"56";"56121";"2";"9";"1";"3";"Boulevard Léon Blum";"47,74516000";" -3,38122000"
"202400010337";"23";"04";"2024";"17:49";"1";"27";"27229";"2";"1";"1";"7";"BRIAND (AVENUE ARISTIDE)";"49,01855900";"1,12661400"
"202400010338";"5";"02";"2024";"15:50";"1";"34";"34344";"2";"2";"1";"4";"Avenue de Melgueil";"43,56353500";"4,08591100"
"202400010339";"26";"04";"2024";"14:45";"1";"78";"78389";"2";"1";"1";"3";"Avenue de l?Arbre a la Quenee";"48,80153900";"1,81952600"
"202400010340";"6";"02";"2024";"12:20";"1";"83";"83127";"1";"1";"1";"1";"PK 0007.250, chemin départemental 2";"43,28548400";"5,89266600"
"202400010341";"7";"08";"2024";"21:00";"2";"84";"84063";"1";"1";"1";"6";"N86";"44,26305800";"4,66991900"
"202400010342";"12";"09";"2024";"20:30";"4";"51";"51454";"2";"3";"1";"3";"JEANNE D'ARC (RUE')";"49,25542300";"4,02459600"
"202400010343";"23";"04";"2024";"15:15";"1";"27";"27229";"2";"3";"1";"3";"VERNON (RUE DE)";"49,03075000";"1,16051000"
"202400010344";"6";"02";"2024";"09:52";"1";"88";"88418";"1";"1";"8";"3";"D48";"48,27231800";"6,66531100"
"202400010345";"4";"08";"2024";"11:50";"1";"83";"83094";"1";"1";"1";"6";"Route du Plan";"43,33378600";"6,56499600"
"202400010346";"10";"09";"2024";"17:50";"1";"51";"51055";"2";"1";"1";"2";"NEUFCHATEL (RUE DE) DU N°40 A FIN (PAIR)";"49,28490000";"4,02766000"
"202400010347";"7";"08";"2024";"12:20";"1";"69";"69241";"2";"1";"1";"7";"Route du Batard";"45,63620200";"4,72715700"
"202400010348";"23";"04";"2024";"23:15";"5";"25";"25056";"2";"3";"1";"3";"BELFORT RUE DE (inf144)";"47,25420000";"6,03875000"
"202400010349";"4";"02";"2024";"15:15";"1";"73";"73232";"1";"1";"1";"1";"D902";"45,55819796";"6,89756528"
"202400010350";"3";"02";"2024";"00:30";"3";"26";"26179";"1";"6";"1";"6";"Route du Dauphiné";"45,04926496";"4,86635864"
"202400010351";"8";"09";"2024";"18:40";"1";"49";"49378";"1";"1";"1";"3";"FAUTRAGES (CHEMIN DES)";"47,30570000";" -0,06780000"
"202400010352";"8";"08";"2024";"07:35";"1";"46";"46055";"2";"1";"1";"1";"le port - D840";"44,57564425";"2,07029608"
"202400010353";"4";"02";"2024";"02:20";"3";"09";"09157";"2";"2";"1";"3";"Quatre Chemins";"42,97120000";"1,86666200"
"202400010354";"11";"09";"2024";"16:23";"1";"49";"49246";"2";"1";"1";"1";"CHAUVIN AVENUE";"47,43320900";" -0,53077500"
"202400010355";"7";"08";"2024";"18:30";"1";"33";"33256";"2";"3";"1";"3";"N/A";"44,96765600";" -0,61278300"
"202400010356";"10";"09";"2024";"22:46";"5";"49";"49007";"2";"1";"1";"7";"RAMON BOULEVARD";"47,48840000";" -0,54471000"
"202400010357";"6";"02";"2024";"12:50";"1";"40";"40125";"1";"2";"1";"3";"Route de Dax";"43,65022300";" -1,09802700"
"202400010358";"7";"08";"2024";"16:35";"1";"22";"22186";"2";"1";"1";"6";"Rue du Pont Neuf";"48,57806600";" -2,56346200"
"202400010359";"12";"09";"2024";"15:00";"1";"47";"47001";"2";"3";"1";"3";"DE GAULLE (AV. DU GENERAL)";"44,20903000";"0,61147000"
"202400010360";"7";"08";"2024";"17:10";"1";"60";"60559";"1";"1";"1";"6";"D9";"49,42550908";"2,30158854"
"202400010361";"3";"02";"2024";"18:25";"2";"33";"33227";"2";"1";"1";"1";"N/A";"44,53874800";" -0,24721100"
"202400010362";"6";"02";"2024";"17:55";"1";"85";"85054";"1";"1";"1";"6";"RD 42";"46,68261100";" -1,70397000"
"202400010363";"7";"08";"2024";"15:05";"1";"80";"80039";"1";"1";"1";"4";"Route Departementale 940";"50,08410500";"1,44586100"
"202400010364";"11";"09";"2024";"12:55";"1";"47";"47201";"2";"6";"1";"4";"PYRENEES (AVENUE DES)";"44,16974000";"0,60922000"
"202400010365";"14";"06";"2024";"18:55";"1";"13";"13215";"1";"1";"1";"3";"A7-Sens Marseille vers Lyon";"43,36900000";"5,36100000"
"202400010366";"6";"02";"2024";"08:15";"5";"44";"44198";"2";"1";"1";"3";"13 Avenue du Sud";"47,13576400";" -1,52067800"
"202400010367";"5";"08";"2024";"12:33";"1";"59";"59569";"1";"1";"1";"7";"AUTOROUTE A21";"50,38104500";"3,13926500"
"202400010368";"11";"09";"2024";"16:30";"1";"45";"45234";"2";"3";"1";"3";"MORIN (RUE JEAN BAPTISTE)";"47,91229000";"1,90895000"
"202400010369";"6";"02";"2024";"10:10";"1";"02";"02720";"2";"1";"1";"3";"5 Rue du Mal de Lattre de Tassigny";"49,57281900";"3,89137800"
"202400010370";"30";"01";"2024";"13:50";"1";"80";"80799";"1";"6";"1";"7";"D23";"49,85663400";"2,52389400"
"202400010371";"13";"09";"2024";"02:00";"4";"44";"44009";"1";"1";"2";"2";"Boulevard Charles de Gaulle";"47,21481000";" -1,48019700"
"202400010372";"19";"07";"2024";"04:50";"5";"59";"59378";"1";"1";"1";"4";"AUTOROUTE A22";"50,68703708";"3,11105475"
"202400010373";"5";"02";"2024";"01:20";"5";"13";"13210";"2";"1";"1";"6";"S10CD-Sens Aubagne vers Marseille";"43,28344682";"5,40009299"
"202400010374";"12";"09";"2024";"19:00";"1";"44";"44190";"2";"1";"2";"3";"9 Rue Marie Curie";"47,18828000";" -1,48361000"
"202400010375";"7";"08";"2024";"18:52";"1";"91";"91471";"1";"1";"1";"2";"RN 118";"48,69486000";"2,19310000"
"202400010376";"2";"02";"2024";"13:35";"1";"59";"59284";"1";"1";"1";"4";"AUTOROUTE A23";"50,41573000";"3,41461000"
"202400010377";"18";"05";"2024";"17:45";"1";"43";"43059";"1";"4";"1";"7";"Route de Brioude";"45,33021111";"3,66501036"
"202400010378";"12";"09";"2024";"18:00";"1";"43";"43041";"2";"1";"1";"6";"Rue de la République";"45,04598879";"3,92810700"
"202400010379";"5";"02";"2024";"17:31";"1";"92";"92002";"1";"1";"1";"3";"AUTOROUTE A86";"48,76254211";"2,30281958"
"202400010380";"11";"09";"2024";"18:40";"1";"43";"43157";"1";"1";"3";"7";"RN88";"45,04947000";"3,90292000"
"202400010381";"28";"05";"2024";"15:30";"1";"43";"43080";"1";"1";"1";"5";"Route de Retournac";"45,32433981";"3,85421337"
"202400010382";"5";"02";"2024";"10:30";"1";"91";"91617";"1";"1";"2";"2";"RN6 PROVINCE / RN104 INT";"48,63626000";"2,53573000"
"202400010383";"19";"05";"2024";"22:50";"3";"61";"61221";"2";"1";"5";"6";"D43 PR10+830";"48,74748300";" -0,46669500"
"202400010384";"24";"07";"2024";"16:24";"1";"44";"44026";"2";"1";"1";"6";"198 Chemin de la Manguais";"47,26420045";" -1,50664426"
"202400010385";"3";"02";"2024";"10:50";"1";"93";"93027";"1";"1";"2";"5";"AUTOROUTE A86";"48,92221493";"2,37893164"
"202400010386";"31";"10";"2024";"19:20";"5";"88";"88160";"2";"1";"5";"3";"SAINT-MICHEL (RUE)";"48,17785000";"6,45779000"
"202400010387";"5";"07";"2024";"19:40";"1";"44";"44212";"1";"1";"1";"7";"La Grande Pièce";"47,17544600";" -1,23990500"
"202400010388";"3";"02";"2024";"10:45";"1";"95";"95424";"1";"1";"2";"6";"A15";"48,98972671";"2,19836417"
"202400010389";"6";"06";"2024";"19:43";"1";"74";"74012";"2";"1";"1";"3";"INDUSTRIE (RUE DE L')";"46,19811000";"6,26361000"
"202400010390";"21";"10";"2024";"21:15";"5";"88";"88413";"2";"1";"1";"3";"Résistance ( Quai de la )";"48,28567000";"6,96283000"
"202400010391";"3";"02";"2024";"06:30";"2";"92";"92036";"1";"1";"1";"6";"AUTOROUTE A86";"48,93838168";"2,31330853"
"202400010392";"2";"02";"2024";"15:20";"1";"95";"95256";"1";"1";"1";"6";"A115";"49,04631824";"2,18534422"
"202400010393";"5";"08";"2024";"17:00";"1";"987";"98735";"1";"1";"1";"2";"FARE UTE";" -17,53041000";" -149,57254000"
"202400010394";"16";"10";"2024";"09:50";"1";"57";"57160";"2";"1";"1";"6";"Rue de Saint Etienne";"49,18899600";"6,69559800"
"202400010395";"5";"02";"2024";"19:15";"3";"77";"77294";"1";"1";"1";"3";"A104";"48,96562300";"2,60764400"
"202400010396";"6";"08";"2024";"05:55";"3";"974";"97416";"1";"3";"1";"6";"PARADIS (LIGNE) (2)";" -21,30978000";"55,47006000"
"202400010397";"14";"12";"2024";"02:20";"5";"971";"97105";"2";"1";"1";"6";"BD GERTY ARCHIMEDE";"15,98989000";" -61,72752000"
"202400010398";"5";"08";"2024";"20:00";"1";"69";"69276";"2";"1";"1";"6";"2 Rue de la Begude";"45,67450000";"4,85990000"
"202400010399";"31";"12";"2024";"18:08";"5";"73";"73008";"2";"3";"1";"6";"TRESSERVE AVENUE DE";"45,68546221";"5,90716392"
"202400010400";"5";"02";"2024";"07:45";"1";"94";"94028";"1";"1";"1";"4";"A86";"48,77636200";"2,43325400"
"202400010401";"5";"08";"2024";"11:45";"1";"69";"69290";"2";"2";"1";"5";"Rue du Dauphiné";"45,71188000";"4,92024000"
"202400010402";"20";"12";"2024";"23:40";"5";"27";"27229";"2";"3";"1";"3";"BUFFARDIERE (BOULEVARD DE LA)";"49,02196000";"1,14102000"
"202400010403";"4";"02";"2024";"14:50";"1";"75";"75118";"2";"4";"1";"6";"BOULEVARD NEY";"48,89871800";"2,36054600"
"202400010404";"5";"08";"2024";"09:40";"1";"69";"69259";"2";"1";"1";"6";"Avenue Viviani";"45,72350000";"4,87440000"
"202400010405";"22";"12";"2024";"19:30";"5";"93";"93064";"2";"1";"1";"1";"BOISSIERE (RUELLE)";"48,87961609";"2,46588547"
"202400010406";"5";"08";"2024";"23:13";"5";"67";"67482";"2";"3";"1";"7";"ILL (RUE DE L )";"48,61187100";"7,77849900"
"202400010407";"26";"10";"2024";"03:25";"5";"28";"28404";"1";"1";"9";"1";"LIBERTE (AVENUE DE LA)";"48,73483900";"1,32709900"
"202400010408";"4";"02";"2024";"10:35";"1";"976";"97611";"2";"1";"1";"5";"kaweni-Pendu (Place)";" -12,75940000";"45,22981000"
"202400010409";"5";"08";"2024";"17:38";"1";"59";"59163";"2";"2";"1";"3";"HOLDEN CROTHERS(RUE)";"50,67323300";"3,14750800"
"202400010410";"29";"09";"2024";"20:00";"3";"73";"73316";"1";"1";"1";"6";"D925";"45,48280300";"6,14177900"
"202400010411";"6";"08";"2024";"13:45";"1";"37";"37261";"2";"9";"1";"6";"ALOUETTE (AVENUE)";"47,36234794";"0,69574079"
"202400010412";"4";"02";"2024";"13:00";"1";"974";"97416";"1";"1";"1";"2";"LIGNE PARADIS(ROUTE DE LA)";" -21,30464000";"55,46211000"
"202400010413";"28";"09";"2024";"06:45";"2";"73";"73330";"1";"4";"2";"1";"D1504";"45,70334700";"5,78719300"
"202400010414";"4";"02";"2024";"09:30";"1";"974";"97416";"1";"1";"1";"7";"RN1 (ROUTE NATIONALE)";" -21,31220000";"55,43688000"
"202400010415";"6";"08";"2024";"00:30";"5";"37";"37261";"2";"3";"1";"3";"GANCE (BOULEVARD ABEL)";"47,40902000";"0,72090000"
"202400010416";"5";"08";"2024";"16:25";"1";"37";"37208";"2";"2";"1";"3";"ORMEAU (RUE DE L')";"47,35598000";"0,74387000"
"202400010417";"8";"08";"2024";"19:40";"1";"73";"73098";"1";"1";"1";"3";"D913";"45,64214736";"5,99393100"
"202400010418";"4";"02";"2024";"18:10";"1";"974";"97407";"1";"3";"1";"3";"OWENS JAMES";" -20,93687313";"55,32449019"
"202400010419";"4";"02";"2024";"01:10";"5";"974";"97407";"2";"1";"1";"6";"LAUDE E(RUE)";" -20,93752000";"55,29957000"
"202400010420";"5";"08";"2024";"14:40";"1";"37";"37233";"2";"6";"1";"2";"RABATERIE ( RUE DE LA )";"47,39204138";"0,72546422"
"202400010421";"27";"09";"2024";"06:05";"5";"38";"38421";"2";"2";"2";"3";"AVENUE GABRIEL PÉRI";"45,18579000";"5,76149000"
"202400010422";"4";"02";"2024";"12:23";"1";"973";"97302";"2";"1";"1";"1";"SAINT ANTOINE (CHEMIN)";"4,93529875";" -52,29521424"
"202400010423";"5";"08";"2024";"07:55";"1";"37";"37214";"2";"6";"7";"6";"PORTILLON (QUAI)";"47,40056604";"0,67885047"
"202400010424";"6";"09";"2024";"19:43";"1";"38";"38151";"2";"3";"1";"3";"COURS JEAN JAURÈS";"45,15426000";"5,70751000"
"202400010425";"3";"02";"2024";"16:45";"1";"973";"97302";"2";"1";"1";"7";"MONTABO (ROUTE DE) 1";"4,94213000";" -52,30459000"
"202400010426";"5";"08";"2024";"17:35";"1";"34";"34172";"2";"2";"1";"3";"VAL DE MONTFERRAND (AVENUE DU)";"43,63466000";"3,87314000"
"202400010427";"6";"09";"2024";"13:20";"1";"38";"38544";"2";"1";"1";"1";"Avenue Jean de la Fontaine";"45,51474000";"4,91565000"
"202400010428";"3";"02";"2024";"06:25";"2";"973";"97302";"2";"1";"1";"2";"14 ET 22 JUIN 1962";"4,93587000";" -52,32758000"
"202400010429";"6";"08";"2024";"02:40";"5";"13";"13204";"2";"1";"1";"2";"ALEX. FLEMING (BOULEVARD)";"43,31401000";"5,40532000"
"202400010430";"4";"02";"2024";"05:05";"2";"972";"97209";"2";"1";"1";"6";"PROFESSEUR RAYMOND GARCIN (RUE DU)";"14,61528000";" -61,07857000"
"202400010431";"2";"09";"2024";"17:25";"1";"38";"38544";"1";"1";"1";"3";"D 41";"45,51995000";"4,89503000"
"202400010432";"5";"08";"2024";"22:40";"3";"13";"13047";"1";"1";"1";"1";"D.5";"43,55773000";"4,96532000"
"202400010433";"4";"02";"2024";"06:00";"2";"972";"97209";"2";"1";"1";"6";"ENTRAIDE (ROUTE DE L')";"14,62660000";" -61,05598000"
"202400010434";"8";"11";"2024";"16:20";"1";"74";"74012";"2";"1";"1";"6";"RESISTANCE (RUE DE LA)";"46,19704000";"6,26314000"
"202400010435";"6";"08";"2024";"09:15";"1";"75";"75114";"2";"1";"1";"3";"BD PERIPHERIQUE EXTERIEUR";"48,81913300";"2,32959600"
"202400010436";"3";"02";"2024";"15:25";"1";"972";"97209";"2";"9";"1";"7";"DOROTHY (ROUTE DE)";"14,61139000";" -61,04269000"
"202400010437";"4";"02";"2024";"11:30";"1";"69";"69385";"2";"1";"1";"6";"58 Rue des Aqueducs";"45,76002754";"4,78803711"
"202400010438";"5";"08";"2024";"15:05";"1";"75";"75120";"2";"1";"1";"2";"BOULEVARD PERIPHERIQUE INTERIEUR";"48,85544700";"2,41382600"
"202400010439";"29";"10";"2024";"19:17";"5";"74";"74010";"2";"2";"1";"6";"BARATTES (AVENUE DES)";"45,90720000";"6,14090000"
"202400010440";"4";"02";"2024";"06:30";"2";"971";"97101";"1";"1";"1";"6";"ROUTE DE BOISVINS";"16,26678000";" -61,47689000"
"202400010441";"5";"08";"2024";"11:25";"1";"75";"75120";"2";"1";"1";"5";" Bd Périphérique Intérieur ";"48,85271300";"2,41446400"
"202400010442";"18";"10";"2024";"19:15";"5";"74";"74010";"2";"6";"1";"6";"RHONE (AVENUE DU)";"45,89859000";"6,11837000"
"202400010443";"4";"02";"2024";"13:45";"1";"95";"95539";"1";"1";"2";"2";"D301";"49,00004731";"2,35971177"
"202400010444";"4";"08";"2024";"23:40";"5";"75";"75114";"2";"4";"1";"2";"PORTE D ORLEANS";"48,81930986";"2,32870996"
"202400010445";"7";"10";"2024";"16:15";"1";"74";"74010";"2";"2";"2";"3";"REPUBLIQUE (AVENUE DE LA)";"45,90705000";"6,10918000"
"202400010446";"3";"02";"2024";"20:45";"5";"95";"95280";"2";"6";"2";"3";"D47";"49,01254666";"2,47038134"
"202400010447";"5";"08";"2024";"23:00";"3";"75";"75120";"2";"1";"1";"6";"BD PERIPHERIQUE INTERIEUR ";"48,87142800";"2,41300200"
"202400010448";"21";"12";"2024";"19:08";"5";"972";"97213";"1";"9";"1";"3";"AUTOROUTE A1";"14,61855000";" -61,02084000"
"202400010449";"14";"10";"2024";"18:25";"3";"971";"97113";"1";"1";"1";"7";"SECTION LEROUX";"16,25022038";" -61,47397757"
"202400010450";"4";"02";"2024";"19:10";"5";"91";"91687";"2";"9";"1";"3";"VICTOR SCHOELCHER (PLACE)";"48,64813000";"2,36671000"
"202400010451";"19";"12";"2024";"08:25";"1";"52";"52045";"2";"6";"1";"6";"BAR LE DUC (ROUTE DE)";"48,66026000";"4,97330000"
"202400010452";"4";"02";"2024";"06:15";"3";"91";"91223";"1";"1";"2";"7";"N 20";"48,40706000";"2,12422000"
"202400010453";"28";"11";"2024";"17:00";"2";"52";"52448";"2";"9";"1";"2";"REPUBLIQUE (AVE DE LA) N° 1 A 49";"48,63725000";"4,94574000"
"202400010454";"4";"02";"2024";"17:00";"1";"84";"84007";"2";"3";"1";"6";"C.De GAULLE (Rocade)";"43,92949000";"4,81893000"
"202400010455";"10";"12";"2024";"19:00";"3";"69";"69199";"1";"1";"1";"2";"Route Départementale 383";"45,71612000";"4,84301000"
"202400010456";"3";"02";"2024";"14:10";"1";"83";"83123";"1";"9";"1";"6";"ROUTE DE BANDOL";"43,13750000";"5,77540000"
"202400010457";"5";"08";"2024";"15:28";"1";"75";"75120";"2";"1";"1";"4";"Bd Périphérique Intérieur";"48,85356800";"2,41404000"
"202400010458";"13";"07";"2024";"06:30";"1";"987";"98735";"2";"2";"8";"7";"CHARLES DE GAULLE (AVE)-PIRAE";" -17,53102000";" -149,55326000"
"202400010459";"3";"02";"2024";"10:23";"1";"78";"78586";"2";"2";"2";"3";"SCHUMAN (ROBERT)  (CARREFOUR)";"48,94904000";"2,19864000"
"202400010460";"5";"08";"2024";"09:55";"1";"75";"75117";"2";"1";"1";"4";"Bd Périphérique Extérieur";"48,89024500";"2,29846500"
"202400010461";"29";"10";"2024";"13:20";"1";"42";"42305";"2";"1";"1";"5";"Rue Jean Rostand";"45,47218000";"4,43947000"
"202400010462";"6";"08";"2024";"21:40";"1";"75";"75120";"2";"3";"1";"3";"RUE HARPIGNIES";"48,85875500";"2,40982300"
"202400010463";"6";"08";"2024";"17:00";"1";"75";"75120";"2";"2";"1";"3";"BOULEVARD DAVOUT";"48,85347300";"2,41081100"
"202400010464";"19";"12";"2024";"16:18";"1";"19";"19272";"2";"3";"1";"6";"Charles de Gaulle (Av)";"45,26871037";"1,76982182"
"202400010465";"4";"02";"2024";"12:05";"1";"77";"77058";"2";"6";"2";"3";"D35";"48,83443000";"2,70544000"
"202400010466";"5";"08";"2024";"17:00";"1";"75";"75117";"2";"2";"1";"2";"BOULEVARD DE COURCELLES";"48,88084600";"2,31247900"