"Num_Acc";"jour";"mois";"an";"hrmn";"lum";"dep";"com";"agg";"int";"atm";"col";"adr";"lat";"long"
"202400010467";"29";"12";"2024";"11:50";"1";"92";"92051";"2";"1";"1";"6";"CHATEAU (RUE DU)";"48,88665107";"2,26217933"
"202400010468";"4";"02";"2024";"11:53";"1";"76";"76451";"2";"1";"1";"6";"Rue Francois Perroux";"49,47200000";"1,09397000"
"202400010469";"6";"08";"2024";"21:15";"5";"75";"75115";"2";"1";"1";"6";"BOULEVARD DE GRENELLE";"48,85333700";"2,28973800"
"202400010470";"4";"02";"2024";"06:20";"3";"71";"71445";"1";"9";"1";"1";"ORLANS (ROND POINT DES)";"46,77763000";"4,87776000"
"202400010471";"5";"01";"2024";"16:55";"2";"91";"91027";"2";"1";"1";"4";"RUE BERNARD LATHIERE";"48,71630000";"2,39294000"
"202400010472";"6";"08";"2024";"15:35";"1";"75";"75107";"2";"2";"1";"3";"RUE DU BAC";"48,85952100";"2,32928100"
"202400010473";"4";"02";"2024";"07:20";"3";"64";"64483";"2";"3";"1";"3";"N/A";"43,41300000";" -1,61500000"
"202400010474";"29";"08";"2024";"14:00";"1";"26";"26065";"2";"2";"1";"1";"route du parquet";"44,71983300";"4,95659900"
"202400010475";"9";"12";"2024";"18:20";"5";"62";"62204";"2";"1";"8";"6";"D137";"50,40011700";"1,88334000"
"202400010476";"4";"02";"2024";"09:50";"1";"62";"62826";"2";"3";"1";"3";"Avenue de l'Atlantique";"50,51680000";"1,58380000"
"202400010477";"2";"02";"2024";"18:00";"5";"54";"54136";"2";"1";"2";"3";"rue Paul Filiot";"49,16389000";"5,84162000"
"202400010478";"31";"12";"2024";"20:10";"3";"971";"97111";"2";"1";"1";"1";"RN 2 grande anse";"16,32448500";" -61,78440600"
"202400010479";"18";"09";"2024";"15:59";"1";"43";"43205";"2";"1";"1";"6";"Route de Jonzieux";"45,31776422";"4,32738651"
"202400010480";"3";"02";"2024";"10:00";"1";"38";"38563";"2";"3";"1";"2";"Montée du Verdin";"45,39279000";"5,57094000"
"202400010481";"30";"10";"2024";"12:45";"1";"24";"24086";"1";"1";"1";"6";"Combe Longue";"44,79379738";"1,14012122"
"202400010482";"4";"02";"2024";"13:50";"1";"37";"37195";"2";"1";"1";"6";"MAIRIE (RUE DE LA)";"47,38967000";"0,66196000"
"202400010483";"28";"10";"2024";"18:13";"3";"24";"24014";"1";"1";"1";"6";"Route du Port d'Aubas";"45,08805100";"1,18886200"
"202400010484";"4";"02";"2024";"03:20";"5";"34";"34172";"2";"3";"1";"3";"LIBERTE (AVENUE DE LA";"43,61123400";"3,82864000"
"202400010485";"27";"10";"2024";"17:50";"2";"24";"24547";"2";"1";"1";"3";"Avenue des Jardins";"45,12849700";"1,31859500"
"202400010486";"4";"02";"2024";"16:30";"1";"29";"29051";"1";"1";"1";"7";"D15";"48,00799601";" -4,02877155"
"202400010487";"26";"10";"2024";"23:22";"5";"24";"24374";"2";"2";"2";"3";"D19";"44,79304400";"0,59699500"
"202400010488";"4";"02";"2024";"07:35";"3";"28";"28134";"1";"9";"2";"1";"RN 12 (CARREFOUR DELISLE)";"48,74596000";"1,36307000"
"202400010489";"14";"03";"2024";"16:45";"1";"03";"03310";"2";"1";"1";"7";"Allée des Ailes";"46,14053500";"3,41513300"
"202400010490";"3";"02";"2024";"18:35";"5";"27";"27681";"2";"1";"1";"7";"INDUSTRIE (RUE DE L')";"49,09645000";"1,47035000"
"202400010491";"2";"05";"2024";"20:30";"1";"03";"03310";"2";"4";"1";"3";"N/A";"46,12850400";"3,43551800"
"202400010492";"4";"02";"2024";"20:20";"3";"70";"70285";"1";"1";"1";"1";"D483";"47,58422000";"6,74419000"
"202400010493";"8";"05";"2024";"19:10";"1";"03";"03310";"2";"4";"1";"3";"Avenue de Gramont";"46,12939100";"3,43164800"
"202400010494";"4";"02";"2024";"19:30";"2";"17";"17291";"2";"1";"1";"1";"SAINT-VINCENT   RUE";"46,18819000";" -1,11518000"
"202400010495";"29";"09";"2024";"00:50";"3";"09";"09207";"1";"1";"1";"6";"ROUTE NATIONALE 20";"42,93431300";"1,62693100"
"202400010496";"4";"02";"2024";"03:35";"5";"13";"13211";"2";"1";"1";"1";"RTE D' ALLAUCH";"43,30787192";"5,50118806"
"202400010497";"2";"09";"2024";"18:25";"1";"09";"09225";"2";"1";"1";"3";"LIBERATION BOULEVARD DE LA";"43,11523000";"1,60673000"
"202400010498";"3";"02";"2024";"23:40";"5";"13";"13215";"2";"3";"1";"1";"HENRI BARNIER (BOULEVARD)";"43,36541000";"5,34296000"
"202400010499";"10";"10";"2024";"15:45";"1";"88";"88424";"2";"1";"1";"1";"Alsace ( Rue d ' )";"48,26700000";"6,98400000"
"202400010500";"4";"02";"2024";"11:00";"1";"13";"13005";"2";"1";"1";"3";"NATIONALE 8";"43,28570000";"5,55480000"
"202400010501";"30";"12";"2024";"17:08";"1";"42";"42218";"2";"1";"1";"6";"Cours Fauriel";"45,42694000";"4,40237000"
"202400010502";"4";"02";"2024";"19:20";"3";"09";"09225";"1";"1";"1";"2";"ROUTE NATIONALE 20 (VOIE RAPIDE)";"43,09745000";"1,63308000"
"202400010503";"26";"12";"2024";"14:31";"1";"05";"05061";"2";"9";"7";"6";"Rue du Forest d'Entrais";"44,56581000";"6,08693000"
"202400010504";"4";"02";"2024";"17:00";"1";"09";"09265";"1";"1";"1";"7";"ROUTE NATIONALE 20";"43,09458505";"1,63356453"
"202400010505";"30";"12";"2024";"16:55";"1";"64";"64485";"2";"6";"1";"3";"Avenue du Jai-alai";"43,16573300";" -1,23379700"
"202400010506";"16";"11";"2024";"16:00";"1";"85";"85213";"1";"1";"1";"7";"le guy bureau";"46,55073500";" -1,39098400"
"202400010507";"4";"02";"2024";"18:25";"4";"01";"01053";"2";"2";"1";"1";"HERRIOT ( BOULEVARD EDOUARD COTE PAIR)";"46,21027000";"5,22133000"
"202400010508";"20";"12";"2024";"15:45";"1";"971";"97104";"2";"3";"1";"3";"Allée des Pères Blancs";"16,01174100";" -61,73993500"
"202400010509";"3";"02";"2024";"08:30";"1";"75";"75120";"2";"4";"2";"7";"BD PERIPHERIQUE INTERIEUR";"48,86314315";"2,41344631"
"202400010510";"31";"12";"2024";"03:10";"5";"67";"67130";"2";"1";"1";"7";"51 Rue du Général de Gaulle";"48,41786900";"7,66494300"
"202400010511";"2";"02";"2024";"18:00";"5";"75";"75120";"2";"1";"1";"2";"PORTE DE MONTREUIL";"48,85093500";"2,41543500"
"202400010512";"16";"12";"2024";"11:50";"1";"83";"83061";"2";"4";"1";"1";"D8";"43,42544000";"6,71446000"
"202400010513";"3";"02";"2024";"23:17";"5";"75";"75119";"2";"2";"1";"6";"RUE DES CHAUFOURNIERS";"48,87828200";"2,37296000"
"202400010514";"31";"12";"2024";"22:05";"3";"78";"78362";"1";"1";"1";"1";"RD983";"48,98107000";"1,72083000"
"202400010515";"4";"02";"2024";"20:17";"5";"75";"75119";"2";"2";"1";"3";"RUE DE CRIMEE";"48,88597700";"2,38214500"
"202400010516";"20";"12";"2024";"13:30";"1";"51";"51108";"2";"1";"1";"1";"FRATERNITE (RUE DE LA)";"48,97783000";"4,36064000"
"202400010517";"4";"02";"2024";"14:49";"1";"75";"75119";"2";"2";"1";"6";"AVENUE DE FLANDRE";"48,89443100";"2,38148900"
"202400010518";"24";"12";"2024";"11:35";"1";"49";"49099";"2";"1";"1";"7";"VALLIERE (RUE DE LA )";"47,07262000";" -0,84979000"
"202400010519";"4";"02";"2024";"12:10";"1";"75";"75117";"2";"4";"1";"3";"RUE DE PONT A MOUSSON";"48,89813000";"2,32401600"
"202400010520";"30";"12";"2024";"10:10";"1";"05";"05061";"2";"1";"1";"2";"Avenue d'Embrun";"44,57563000";"6,11315000"
"202400010521";"31";"12";"2024";"23:55";"5";"78";"78575";"2";"1";"8";"6";"51 Route de Milon";"48,70963200";"2,06313600"
"202400010522";"4";"02";"2024";"09:30";"1";"75";"75115";"2";"1";"1";"3";"AVENUE DE LA PORTE DE LA PLAINE";"48,83022700";"2,29229400"
"202400010523";"31";"12";"2024";"14:45";"1";"89";"89402";"1";"1";"1";"6";"D61";"48,01833400";"3,82421300"
"202400010524";"3";"02";"2024";"17:45";"2";"75";"75107";"2";"1";"2";"6";"PORT DE LA BOURDONNAIS";"48,86120200";"2,29523500"
"202400010525";"4";"02";"2024";"02:10";"5";"75";"75102";"2";"2";"1";"7";"BOULEVARD DE SEBASTOPOL";"48,86340000";"2,35096000"
"202400010526";"30";"12";"2024";"23:00";"3";"988";"98814";"1";"1";"1";"6";"Kirinata (Tribu)";" -20,81454200";"167,24666500"
"202400010527";"6";"08";"2024";"17:15";"1";"75";"75110";"2";"1";"1";"6";"RUE DU FAUBOURG SAINT MARTIN";"48,87664500";"2,36088700"
"202400010528";"4";"02";"2024";"10:40";"1";"94";"94046";"2";"3";"2";"3";"Rue Jean Jaurès / Boulevard Gallieni";"48,79739291";"2,43329197"
"202400010529";"31";"12";"2024";"18:30";"3";"91";"91338";"1";"1";"5";"2";"D 838";"48,63510000";"2,06342900"
"202400010530";"6";"08";"2024";"15:16";"1";"75";"75107";"2";"1";"1";"3";"AVENUE DE LA MOTTE PICQUET";"48,85536900";"2,30722600"
"202400010531";"4";"02";"2024";"19:00";"5";"93";"93059";"2";"1";"1";"3";"Rue Ernest Fabre";"48,94800700";"2,35949200"
"202400010532";"31";"12";"2024";"15:15";"1";"73";"73248";"2";"9";"7";"6";"Rue bonrieux";"45,27607200";"6,34346700"
"202400010533";"6";"08";"2024";"11:30";"1";"75";"75107";"2";"3";"1";"2";"BOULEVARD DES INVALIDES";"48,84798000";"2,31616500"
"202400010534";"29";"12";"2024";"15:20";"1";"59";"59240";"2";"1";"1";"6";"31 Rue du Moulin";"50,17781100";"3,96050700"
"202400010535";"4";"02";"2024";"13:57";"1";"93";"93053";"2";"3";"1";"3";"Rue Poniatowski / Rue Denfert Rochereau";"48,88986000";"2,46187300"
"202400010536";"31";"12";"2024";"15:50";"2";"95";"95678";"1";"1";"1";"3";"N184";"49,07315956";"2,23044139"
"202400010537";"6";"08";"2024";"08:10";"1";"75";"75101";"2";"2";"1";"1";"BOULEVARD DE SEBASTOPOL";"48,85953800";"2,34878400"
"202400010538";"4";"02";"2024";"18:35";"5";"93";"93010";"2";"3";"1";"1";"Rue Auguste Polissard / Villa Thorel";"48,90444500";"2,48038900"
"202400010539";"24";"12";"2024";"17:20";"3";"93";"93007";"1";"1";"2";"3";"AUTOROUTE A1";"48,95491941";"2,45727922"
"202400010540";"5";"08";"2024";"20:10";"1";"75";"75104";"2";"2";"1";"3";"RUE DU RENARD";"48,85753500";"2,35143000"
"202400010541";"4";"02";"2024";"02:00";"5";"93";"93005";"2";"3";"2";"3";"Avenue Suzanne Lenglen / Rue Calmette et Guérin";"48,95129400";"2,51377800"
"202400010542";"2";"10";"2024";"18:50";"2";"57";"57050";"1";"1";"8";"3";"D955";"48,69956500";"6,95633100"
"202400010543";"6";"08";"2024";"11:50";"1";"94";"94076";"2";"1";"1";"3";"117 Boulevard Maxime Gorki";"48,79220300";"2,36959000"
"202400010544";"5";"02";"2024";"09:10";"1";"71";"71381";"1";"1";"1";"1";"D980";"46,53291670";"4,56987032"
"202400010545";"31";"12";"2024";"12:30";"1";"973";"97302";"2";"1";"2";"3";"MONTABO (ROUTE DE) 3";"4,93765000";" -52,29835000"
"202400010546";"5";"02";"2024";"07:35";"2";"49";"49220";"1";"3";"1";"3";"D75";"47,71813900";" -0,39131300"
"202400010547";"4";"08";"2024";"22:07";"5";"94";"94037";"2";"2";"1";"3";"Avenue Raspail";"48,81423000";"2,34985000"
"202400010548";"28";"12";"2024";"14:10";"1";"81";"81144";"1";"2";"1";"3";"BARRICADE ( CH DE LA )";"43,95518000";"2,18390000"
"202400010549";"5";"02";"2024";"08:00";"2";"36";"36135";"1";"1";"1";"6";"N/A";"47,02202609";"1,60812695"
"202400010550";"6";"08";"2024";"18:55";"2";"94";"94033";"2";"3";"7";"3";"Rue Pierre Curie";"48,86011000";"2,47823000"
"202400010551";"29";"12";"2024";"19:00";"5";"51";"51454";"2";"1";"1";"6";"DOR (RUE FRANCOIS)";"49,24652500";"4,00962200"
"202400010552";"3";"02";"2024";"22:55";"3";"76";"76148";"1";"1";"2";"6";"rd1";"49,77910300";"1,35232700"
"202400010553";"31";"12";"2024";"12:44";"1";"19";"19031";"2";"1";"1";"7";"COURTELINE (RUE)";"45,15332768";"1,54903114"
"202400010554";"29";"01";"2024";"00:01";"3";"974";"97405";"2";"1";"3";"6";"Chemin Fortune Grosset";" -21,33612400";"55,55695200"
"202400010555";"6";"08";"2024";"19:12";"1";"94";"94028";"2";"3";"1";"3";"Rue Jean Jaguin";"48,78417000";"2,47141000"
"202400010556";"31";"12";"2024";"18:00";"5";"02";"02243";"2";"1";"2";"6";"N/A";"49,40062800";"3,36487200"
"202400010557";"5";"02";"2024";"09:55";"1";"40";"40156";"1";"1";"5";"1";"D43";"44,31772300";" -0,84885500"
"202400010558";"2";"02";"2024";"03:20";"3";"79";"79020";"1";"2";"1";"7";"N/A";"46,44204500";" -0,30356200"
"202400010559";"2";"01";"2024";"01:30";"5";"93";"93062";"2";"6";"3";"6";"Allée de Clichy / Allée du Plateau";"48,90037000";"2,52903000"
"202400010560";"6";"08";"2024";"18:10";"1";"93";"93062";"2";"2";"1";"4";"Boulevard du Midi / Allée de la Fontaine";"48,89246676";"2,51922727"
"202400010561";"3";"02";"2024";"14:45";"1";"19";"19256";"1";"1";"1";"7";"L?Arbre du Renard";"45,37271000";"2,32275000"
"202400010562";"31";"12";"2024";"08:00";"2";"35";"35029";"1";"1";"1";"1";"Lieu Dit Barbee";"48,47418200";" -1,79033400"
"202400010563";"6";"08";"2024";"17:15";"1";"93";"93027";"2";"1";"1";"3";"Boulevard Pasteur";"48,92230000";"2,38355000"
"202400010564";"1";"02";"2024";"07:35";"2";"79";"79002";"1";"1";"1";"1";"N/A";"46,70213800";" -0,31405000"
"202400010565";"31";"12";"2024";"11:30";"1";"12";"12096";"2";"1";"7";"6";"D920 - place de la Résistance";"44,52079800";"2,76168300"
"202400010566";"28";"12";"2024";"10:30";"1";"29";"29178";"1";"1";"8";"7";"Avenue de Portsall";"48,54748491";" -4,68929559"
"202400010567";"4";"02";"2024";"16:45";"1";"2A";"2A362";"2";"2";"1";"3";"feu tricolore de Sainte-Lucie de Porto-Vecchio";"41,69977300";"9,34754400"
"202400010568";"6";"08";"2024";"13:25";"1";"93";"93057";"2";"4";"1";"3";"QUATORZE-JUILLET (AV. DU)";"48,90969000";"2,49093000"
"202400010569";"2";"02";"2024";"11:45";"1";"71";"71204";"1";"1";"1";"6";"D906";"46,82989100";"4,82604000"
"202400010570";"31";"12";"2024";"17:05";"2";"29";"29117";"2";"3";"1";"3";"Avenue du Général de Gaulle";"48,57860900";" -4,52241900"
"202400010571";"6";"08";"2024";"19:45";"1";"92";"92040";"2";"3";"1";"3";"PONCEAU (DU)";"48,82069797";"2,24692851"
"202400010572";"19";"12";"2024";"07:58";"2";"63";"63455";"1";"1";"1";"2";"A75 - PK 014.250";"45,65531065";"3,16364705"
"202400010573";"3";"02";"2024";"10:54";"1";"71";"71056";"2";"3";"1";"3";"1065 route du bourg";"46,64333600";"5,17978300"
"202400010574";"20";"12";"2024";"09:20";"1";"09";"09160";"2";"1";"1";"6";"Rue René Cassin";"42,93784200";"1,84967300"
"202400010575";"5";"08";"2024";"12:25";"1";"92";"92025";"2";"2";"1";"3";"PAUL BERT (RUE)";"48,92737859";"2,24700630"
"202400010576";"10";"08";"2024";"14:45";"1";"84";"84089";"2";"6";"1";"3";"départementale 973";"43,68776100";"5,48372500"
"202400010577";"5";"02";"2024";"08:17";"1";"71";"71390";"1";"3";"1";"3";"Rue des Ecoles";"46,70498300";"4,29563300"
"202400010578";"30";"12";"2024";"19:45";"3";"82";"82033";"1";"1";"5";"6";"AERODROME D72 (ROUTE DE L')";"44,08191000";"1,15778000"
"202400010579";"25";"07";"2024";"00:17";"3";"35";"35136";"1";"1";"2";"6";"Route departementale D92 PK50";"47,92872300";" -1,50064200"
"202400010580";"5";"02";"2024";"00:30";"3";"63";"63055";"2";"1";"8";"1";"25 Avenue des Combrailles";"45,83927200";"2,81643200"
"202400010581";"31";"12";"2024";"15:00";"1";"94";"94002";"2";"1";"1";"3";"Chemin de Villeneuve St Georges";"48,78142747";"2,42893589"
"202400010582";"4";"02";"2024";"10:30";"1";"61";"61385";"1";"1";"2";"6";"Voie Communale";"48,81367400";"0,30274000"
"202400010583";"30";"12";"2024";"15:45";"1";"23";"23090";"1";"1";"1";"7";"Route de Pigerolles";"45,78405300";"1,99699600"
"202400010584";"4";"02";"2024";"19:00";"3";"86";"86293";"1";"1";"1";"3";"D27";"46,43388800";"0,24026200"
"202400010585";"31";"12";"2024";"15:40";"1";"11";"11397";"2";"1";"2";"1";"N/A";"43,20196200";"2,43216300"
"202400010586";"7";"08";"2024";"08:55";"1";"06";"06060";"1";"1";"1";"3";"M114 PR 3 + 252";"43,75135800";"7,27551900"
"202400010587";"5";"02";"2024";"08:30";"1";"68";"68082";"2";"6";"1";"3";"D20";"47,86096700";"7,34574500"
"202400010588";"31";"12";"2024";"12:05";"1";"01";"01095";"1";"1";"1";"1";"D42";"46,27144700";"5,42771000"
"202400010589";"5";"02";"2024";"17:30";"2";"31";"31574";"2";"1";"1";"6";"Avenue des Pyrénées";"43,42892200";"1,43235600"
"202400010590";"27";"12";"2024";"13:49";"1";"04";"04079";"1";"1";"1";"6";"Route du plan";"44,05664000";"6,01601800"
"202400010591";"4";"02";"2024";"17:50";"2";"38";"38311";"2";"1";"1";"6";"675 Chemin de la Grande Bissera";"45,40687200";"5,09731300"
"202400010592";"6";"08";"2024";"22:10";"5";"06";"06149";"2";"1";"1";"1";"3091 Route de Laghet";"43,74777000";"7,34616600"
"202400010593";"10";"11";"2024";"01:30";"3";"85";"85076";"2";"6";"1";"6";"RD763";"47,06846310";" -1,26242600"
"202400010594";"7";"08";"2024";"19:45";"1";"22";"22372";"2";"1";"1";"7";"Rue des Bergeons";"48,51922000";" -2,84866700"
"202400010595";"3";"02";"2024";"09:05";"1";"02";"02295";"2";"1";"1";"6";"5 Rue du Général de Gaulle";"49,90232900";"3,91407100"
"202400010596";"6";"08";"2024";"20:15";"1";"42";"42069";"2";"3";"1";"7";"Rue Victor Hugo";"45,99164300";"4,06520400"
"202400010597";"4";"02";"2024";"15:00";"1";"15";"15088";"1";"1";"1";"6";"chemin de la carrière";"44,92908800";"2,25774600"
"202400010598";"31";"12";"2024";"20:00";"3";"13";"13050";"1";"1";"1";"1";"D7N";"43,65003500";"5,27375900"
"202400010599";"3";"08";"2024";"17:00";"1";"974";"97412";"2";"1";"1";"1";"Rue Paul Demange";" -21,37773800";"55,62208400"
"202400010600";"31";"12";"2024";"20:30";"3";"971";"97111";"1";"1";"1";"7";"Allee Courbaril - RN2";"16,29978700";" -61,79998900"
"202400010601";"4";"02";"2024";"18:30";"3";"72";"72161";"1";"4";"1";"1";"Intersection D304 et D64 Bis C";"47,74004500";"0,57180400"
"202400010602";"7";"08";"2024";"05:30";"3";"12";"12197";"1";"1";"8";"6";"Avenue de Trebas";"44,02432900";"2,53500900"
"202400010603";"28";"12";"2024";"15:45";"2";"67";"67122";"1";"1";"9";"7";"D143";"48,64839200";"7,29588700"
"202400010604";"5";"02";"2024";"07:50";"2";"16";"16147";"1";"4";"5";"1";"41 route du peyrat";"45,49410100";"0,29938600"
"202400010605";"5";"08";"2024";"16:50";"1";"35";"35272";"1";"3";"1";"3";"D178";"48,00573000";" -1,20117900"
"202400010606";"14";"12";"2024";"21:15";"3";"69";"69283";"1";"1";"2";"2";"Autoroute 46";"45,67348000";"4,94724000"
"202400010607";"3";"02";"2024";"18:01";"3";"04";"04124";"1";"1";"1";"6";"D11";"43,74932000";"6,06777900"
"202400010608";"7";"08";"2024";"04:00";"3";"2B";"2B009";"1";"1";"1";"3";"D43A";"42,11619500";"9,48802500"
"202400010609";"4";"02";"2024";"01:50";"3";"01";"01320";"1";"1";"1";"6";"A40";"46,30511706";"4,89702702"
"202400010610";"14";"12";"2024";"22:45";"3";"69";"69290";"1";"1";"2";"2";"Autoroute 43";"45,70511423";"4,96148853"
"202400010611";"7";"08";"2024";"20:30";"1";"34";"34270";"2";"1";"1";"3";"3 rue saint exupéry";"43,56123000";"3,84934500"
"202400010612";"6";"08";"2024";"10:05";"1";"34";"34270";"2";"9";"1";"6";"Avenue de Librilla";"43,57483000";"3,83041400"
"202400010613";"3";"02";"2024";"11:20";"1";"69";"69244";"2";"4";"1";"2";"Avenue Victor Hugo";"45,76918100";"4,78747000"
"202400010614";"1";"08";"2024";"16:40";"1";"19";"19241";"1";"1";"1";"7";"RD 36";"45,68631700";"2,10183000"
"202400010615";"29";"12";"2024";"18:00";"3";"42";"42218";"1";"1";"1";"2";"RN88";"45,41036567";"4,39486108"
"202400010616";"6";"08";"2024";"15:50";"1";"76";"76036";"2";"2";"1";"7";"Impasse des Mottes";"49,83224800";"1,03857300"
"202400010617";"4";"02";"2024";"15:00";"1";"17";"17482";"1";"2";"1";"3";"D115";"46,15010800";" -0,80967800"
"202400010618";"6";"08";"2024";"11:15";"1";"2B";"2B286";"2";"3";"1";"1";"Suale";"42,48487000";"9,47990300"
"202400010619";"31";"12";"2024";"20:15";"5";"974";"97407";"2";"3";"1";"6";"JACQUES DUCLOS (RUE) - RIVIERE DES GAL  ";" -20,95987000";"55,31486000"
"202400010620";"7";"08";"2024";"00:55";"3";"2B";"2B346";"1";"1";"1";"6";"Route de Torra";"42,51090100";"9,45228200"
"202400010621";"28";"07";"2024";"10:50";"1";"69";"69248";"1";"1";"1";"7";"Route de Mardore";"46,07215000";"4,33540000"
"202400010622";"31";"12";"2024";"15:30";"1";"974";"97407";"2";"1";"1";"6";"PERI GABRIEL(RUE)";" -20,93746000";"55,30700000"
"202400010623";"31";"01";"2024";"20:15";"3";"69";"69235";"1";"1";"1";"1";"2441 Route Departementale 386";"45,53811400";"4,84496500"
"202400010624";"7";"08";"2024";"15:00";"1";"63";"63319";"1";"1";"1";"7";"D996";"45,54537200";"3,93447900"
"202400010625";"31";"12";"2024";"16:40";"1";"971";"97101";"2";"1";"1";"6";"Rue Hubert FAROUIL";"16,27374000";" -61,49929000"
"202400010626";"5";"02";"2024";"14:20";"1";"78";"78349";"1";"1";"1";"7";"A10";"48,56513800";"1,97621700"
"202400010627";"30";"12";"2024";"11:55";"1";"971";"97101";"1";"1";"1";"6";"PATRICK SAINT ELOI ( AVENUE )";"16,26085000";" -61,51695000"
"202400010628";"4";"02";"2024";"08:24";"1";"91";"91661";"1";"1";"1";"6";"Autoroute A 10";"48,69811396";"2,24217316"
"202400010629";"6";"08";"2024";"19:16";"1";"12";"12208";"1";"1";"1";"1";"d999";"43,95576500";"2,85929900"
"202400010630";"5";"02";"2024";"07:50";"1";"974";"97418";"2";"1";"1";"6";"60 Route de l'Espérance";" -20,93111000";"55,52028900"
"202400010631";"31";"12";"2024";"11:50";"1";"2A";"2A004";"2";"9";"1";"2";"#ROUTE DU STILETTO#";"41,94583000";"8,76217000"
"202400010632";"6";"08";"2024";"14:00";"1";"46";"46112";"2";"1";"1";"1";"D820";"44,55871200";"1,47516100"
"202400010633";"4";"02";"2024";"22:00";"3";"973";"97304";"1";"1";"1";"2";"RN1 croisemnt route des PK";"5,13766400";" -52,71673700"
"202400010634";"28";"12";"2024";"18:30";"5";"95";"95210";"2";"1";"8";"6";"ENGHIEN (AVENUE D')";"48,96411800";"2,30310700"
"202400010635";"7";"08";"2024";"07:30";"1";"86";"86139";"1";"1";"1";"1";"Route de Saint Germier";"46,44034100";"0,10545400"
"202400010636";"4";"02";"2024";"10:50";"1";"971";"97107";"1";"3";"1";"6";"Rue Fonds Chauds";"16,03739400";" -61,58435000"
"202400010637";"4";"08";"2024";"19:15";"1";"29";"29153";"2";"1";"1";"2";"Rue de l’Atlantique";"47,82536783";" -3,79560252"
"202400010638";"19";"01";"2024";"05:50";"2";"971";"97114";"1";"1";"1";"6";"Route nationale 1 - rond-point";"16,13308600";" -61,58053100"
"202400010639";"31";"12";"2024";"08:01";"5";"87";"87050";"2";"3";"1";"3";"LIMOGES (AVENUE DE)";"45,86358000";"1,23798000"
"202400010640";"4";"02";"2024";"11:05";"1";"971";"97111";"2";"1";"7";"7";"La Coque";"16,28587000";" -61,79537100"
"202400010641";"4";"08";"2024";"11:30";"1";"29";"29031";"2";"3";"1";"3";"Boulevard des Plages";"47,76961782";" -3,56056711"
"202400010642";"4";"02";"2024";"20:00";"3";"66";"66208";"1";"1";"1";"2";"N/A";"42,62842800";"2,94546247"
"202400010643";"30";"12";"2024";"19:58";"5";"87";"87085";"2";"3";"5";"4";"LECLERC (AVENUE DU GENERAL)";"45,84213000";"1,25868000"
"202400010644";"31";"07";"2024";"11:00";"1";"29";"29163";"1";"3";"1";"2";"Toul Yen";"48,55322426";" -3,83671669"
"202400010645";"30";"12";"2024";"20:35";"5";"84";"84007";"2";"1";"1";"7";"PIERRE SEMARD (AVENUE)";"43,94311000";"4,81570000"
"202400010646";"7";"08";"2024";"08:40";"1";"03";"03254";"2";"1";"1";"6";"Rue des Fossés";"46,30566100";"3,28889500"
"202400010647";"5";"02";"2024";"11:45";"1";"83";"83071";"1";"1";"1";"3";"D98";"43,12806600";"6,20934600"
"202400010648";"31";"12";"2024";"13:00";"1";"82";"82033";"1";"1";"8";"7";"Route des Fourrières";"44,04253000";"1,13509000"
"202400010649";"4";"02";"2024";"20:00";"3";"06";"06143";"1";"1";"1";"6";"Route departementale 6202";"43,94290200";"7,04628300"
"202400010650";"6";"08";"2024";"17:15";"1";"03";"03287";"1";"4";"1";"1";"boucherolles";"46,39831600";"3,17891100"
"202400010651";"30";"12";"2024";"19:27";"5";"80";"80021";"2";"2";"2";"7";"Rue Lucien Fournier";"49,89428000";"2,28069000"
"202400010652";"4";"02";"2024";"19:50";"3";"70";"70310";"2";"1";"2";"1";"D64";"47,67910700";"6,51797200"
"202400010653";"7";"08";"2024";"08:00";"1";"01";"01263";"2";"2";"7";"3";"Avenue de Thiollet";"46,07690487";"4,76960599"
"202400010654";"3";"08";"2024";"17:35";"1";"70";"70193";"1";"1";"7";"7";"D227";"47,32366900";"5,75370300"
"202400010655";"31";"12";"2024";"01:55";"5";"78";"78502";"2";"1";"1";"6";"VERSAILLES (ROUTE DE)";"48,87844000";"2,10828000"
"202400010656";"4";"02";"2024";"10:00";"1";"67";"67137";"2";"1";"1";"3";"106 Rue du Général de Gaulle";"48,48960700";"7,69935900"
"202400010657";"7";"08";"2024";"09:50";"1";"58";"58264";"1";"1";"1";"6";"D978A";"46,79065800";"3,15067300"
"202400010658";"4";"02";"2024";"20:05";"3";"63";"63470";"1";"1";"5";"1";"D986, pied de la descente dite des chataigniers";"45,86448423";"3,04028189"
"202400010659";"7";"08";"2024";"13:15";"1";"06";"06038";"2";"1";"1";"6";"15 Route de Nice";"43,68062100";"6,97068600"
"202400010660";"4";"02";"2024";"23:20";"3";"38";"38148";"1";"1";"1";"1";"Route du Michoud";"45,61838700";"5,48946500"