"Num_Acc";"jour";"mois";"an";"hrmn";"lum";"dep";"com";"agg";"int";"atm";"col";"adr";"lat";"long"
"202400010661";"31";"12";"2024";"19:05";"5";"78";"78172";"2";"3";"1";"6";"CLEMENT (RUE DESIRE)";"49,00453000";"2,11538000"
"202400010662";"2";"08";"2024";"11:45";"1";"06";"06079";"2";"4";"1";"3";"Avenue de Cannes";"43,54471200";"6,93832800"
"202400010663";"4";"02";"2024";"18:34";"3";"38";"38155";"1";"1";"1";"6";"D102";"45,40327100";"5,75097800"
"202400010664";"4";"02";"2024";"13:40";"1";"09";"09280";"1";"1";"1";"3";"Lieu Dit Eychervidal";"42,89016600";"1,48503200"
"202400010665";"7";"08";"2024";"19:05";"1";"50";"50410";"1";"3";"1";"1";"16 Route de la Cote";"48,61605500";" -1,48871200"
"202400010666";"31";"12";"2024";"09:55";"1";"77";"77018";"2";"1";"8";"6";"PL DE L EUROPE";"48,85016000";"2,81966000"
"202400010667";"4";"02";"2024";"07:15";"5";"09";"09336";"2";"1";"1";"5";"Rue du Tailleur";"42,91983200";"1,83117600"
"202400010668";"6";"08";"2024";"18:00";"2";"09";"09223";"1";"7";"1";"6";"place de l'allée";"42,86785900";"1,20801500"
"202400010669";"30";"12";"2024";"19:10";"5";"77";"77131";"2";"1";"2";"2";"MARNE (BOULEVARD DE LA)";"48,80492409";"3,09200520"
"202400010670";"19";"01";"2024";"15:30";"1";"44";"44047";"1";"1";"1";"1";"45 Route de la Montagne";"47,23912300";" -1,69776300"
"202400010671";"31";"12";"2024";"09:05";"1";"76";"76231";"2";"3";"1";"6";"Rue de Rouen";"49,29263000";"0,99621000"
"202400010672";"5";"08";"2024";"19:20";"1";"60";"60591";"2";"3";"7";"3";"Route de Beauvais D 931";"49,41965600";"1,98844000"
"202400010673";"4";"02";"2024";"19:05";"3";"62";"62887";"1";"1";"1";"2";"A16";"50,59374700";"1,64411400"
"202400010674";"31";"12";"2024";"19:50";"5";"73";"73065";"2";"3";"1";"6";"MACHE (FAUBOURG)";"45,56543000";"5,91617000"
"202400010675";"6";"08";"2024";"20:20";"1";"64";"64391";"1";"1";"1";"1";"Départementale 2 point repère 49+920";"43,26825300";" -0,81805800"
"202400010676";"4";"02";"2024";"19:15";"5";"59";"59035";"2";"9";"2";"1";"Route de Landrecies";"50,11916200";"3,92787300"
"202400010677";"4";"08";"2024";"15:15";"1";"64";"64488";"1";"1";"1";"1";"d943";"43,38228300";" -0,21972700"
"202400010678";"31";"12";"2024";"17:50";"5";"72";"72181";"2";"2";"1";"1";"CUGNOT NICOLAS (BD)";"47,98628000";"0,22504000"
"202400010679";"3";"08";"2024";"13:45";"1";"16";"16175";"1";"1";"1";"7";"N/A";"45,46758500";"0,00152800"
"202400010680";"3";"02";"2024";"12:20";"1";"13";"13215";"1";"1";"1";"4";"A7-Sens Marseille vers Lyon";"43,36658300";"5,36075900"
"202400010681";"31";"12";"2024";"07:30";"5";"71";"71270";"2";"3";"5";"6";"PRUDHON (RUE)";"46,30260000";"4,81980000"
"202400010682";"6";"08";"2024";"12:30";"1";"37";"37028";"1";"1";"1";"7";"Le Ruisseau";"46,83014100";"0,98289000"
"202400010683";"3";"02";"2024";"01:22";"3";"13";"13085";"1";"1";"1";"2";"A50-Sens Aubagne vers Toulon";"43,26139808";"5,59098800"
"202400010684";"6";"08";"2024";"19:05";"1";"30";"30315";"1";"1";"1";"7";"N100";"43,95050100";"4,67330900"
"202400010685";"1";"08";"2024";"07:35";"2";"52";"52298";"1";"1";"8";"6";"D7";"47,70739119";"5,41299583"
"202400010686";"31";"12";"2024";"18:25";"5";"69";"69029";"2";"1";"5";"4";"Route de Genas";"45,74739000";"4,92296000"
"202400010687";"3";"02";"2024";"19:10";"3";"42";"42307";"1";"1";"1";"2";"A47";"45,55396500";"4,68298600"
"202400010688";"5";"08";"2024";"17:50";"1";"978";"97801";"2";"1";"1";"6";"N7";"18,10000200";" -63,05661000"
"202400010689";"31";"12";"2024";"14:56";"1";"69";"69290";"2";"1";"1";"6";"Rue Henri Maréchal";"45,69400212";"4,94108781"
"202400010690";"4";"02";"2024";"17:30";"1";"91";"91340";"1";"1";"1";"2";"AUTOROUTE A6";"48,60533508";"2,43611693"
"202400010691";"31";"12";"2024";"09:29";"1";"68";"68376";"2";"1";"7";"6";"SOULTZ(ROUTE DE)";"47,79629000";"7,31439000"
"202400010692";"6";"08";"2024";"09:30";"1";"67";"67389";"1";"1";"1";"3";"M37";"48,65930900";"7,75753100"
"202400010693";"4";"02";"2024";"14:00";"1";"91";"91689";"1";"1";"1";"6";"AUTOROUTE A6";"48,73019000";"2,31470000"
"202400010694";"7";"08";"2024";"15:07";"1";"38";"38464";"1";"1";"1";"7";"A48 - PK 046+700 - Nord/sud";"45,53844928";"5,39242029"
"202400010695";"30";"12";"2024";"17:05";"1";"64";"64024";"2";"3";"1";"3";"EUGENE BERNAIN (AVENUE)";"43,48337000";" -1,51114000"
"202400010696";"4";"02";"2024";"07:45";"2";"91";"91235";"1";"1";"2";"7";"RN 104";"48,62572000";"2,35308000"
"202400010697";"4";"02";"2024";"14:50";"1";"95";"95675";"1";"1";"1";"6";"A1";"49,06056057";"2,55149228"
"202400010698";"26";"12";"2024";"09:35";"1";"62";"62765";"2";"9";"1";"6";"Rue de Wissocq";"50,75043613";"2,25420168"
"202400010699";"4";"02";"2024";"00:35";"3";"93";"93064";"1";"1";"1";"6";"A86";"48,87687000";"2,47754000"
"202400010700";"7";"08";"2024";"11:43";"1";"30";"30189";"1";"1";"1";"4";"A9";"43,82799600";"4,39180200"
"202400010701";"31";"12";"2024";"09:15";"1";"62";"62617";"2";"1";"1";"7";"Rue Léon Blum";"50,47612990";"2,68872178"
"202400010702";"22";"12";"2024";"16:30";"1";"62";"62895";"2";"1";"1";"6";"Rue des Freres Buisine";"50,49137797";"2,84725070"
"202400010703";"3";"02";"2024";"14:30";"1";"93";"93006";"1";"1";"1";"5";"A3";"48,86690246";"2,42530059"
"202400010704";"5";"08";"2024";"07:50";"1";"17";"17286";"2";"3";"1";"1";"rouet départementale 101";"46,24589800";" -1,49483800"
"202400010705";"31";"12";"2024";"22:05";"5";"61";"61001";"2";"6";"1";"6";"144 Avenue Rhin et Danube";"48,41845500";"0,09728400"
"202400010706";"3";"02";"2024";"18:15";"4";"94";"94028";"1";"1";"2";"3";"A86";"48,79815808";"2,44477980"
"202400010707";"3";"08";"2024";"13:30";"1";"987";"98735";"1";"1";"1";"7";"PK 23.500";" -17,51665944";" -149,40830112"
"202400010708";"31";"12";"2024";"19:40";"5";"59";"59599";"2";"1";"1";"2";"Avenue de la Marne";"50,70981864";"3,15312034"
"202400010709";"2";"02";"2024";"13:10";"1";"94";"94069";"1";"1";"1";"5";"A4";"48,81719761";"2,42988825"
"202400010710";"18";"06";"2024";"22:35";"3";"13";"13040";"1";"1";"1";"2";"195 Route Departementale 6";"43,47957900";"5,55544300"
"202400010711";"31";"12";"2024";"11:50";"1";"59";"59508";"2";"1";"1";"3";"Boulevard d'Halluin";"50,73619200";"3,13253200"
"202400010712";"3";"02";"2024";"06:20";"5";"75";"75104";"2";"1";"1";"7";"BOULEVARD BOURDON";"48,85001200";"2,36691400"
"202400010713";"6";"08";"2024";"22:15";"5";"2B";"2B168";"1";"1";"1";"3";"Residence les Jardins de Monticello";"42,62012800";"8,95228600"
"202400010714";"3";"02";"2024";"14:30";"1";"974";"97416";"1";"1";"1";"7";"MAURICE THOREZ(CHEMIN)";" -21,27572000";"55,47019000"
"202400010715";"31";"12";"2024";"02:00";"5";"59";"59512";"2";"2";"2";"6";"Avenue Jean Jaurès";"50,66984000";"3,15479000"
"202400010716";"30";"12";"2024";"15:04";"1";"56";"56121";"2";"6";"1";"3";"Place de la Convention";"47,75496000";" -3,39157000"
"202400010717";"6";"08";"2024";"19:00";"1";"55";"55049";"1";"2";"1";"3";"D146";"48,76962600";"5,06130700"
"202400010718";"2";"02";"2024";"23:20";"5";"972";"97209";"2";"6";"1";"3";"BISHOP (Avenue Maurice)";"14,60391000";" -61,06126000"
"202400010719";"5";"08";"2024";"19:00";"1";"73";"73249";"1";"1";"1";"7";"D1006";"45,52739029";"5,99271441"
"202400010720";"31";"12";"2024";"20:35";"5";"54";"54395";"2";"1";"1";"3";"Rue de la Hache";"48,68805000";"6,18253000"
"202400010721";"3";"02";"2024";"20:30";"5";"95";"95019";"2";"1";"2";"1";"D208";"48,98597798";"2,41097431"
"202400010722";"6";"08";"2024";"15:44";"1";"42";"42046";"1";"1";"1";"2";"D8";"45,63564700";"4,05477000"
"202400010723";"30";"12";"2024";"17:39";"5";"54";"54547";"2";"2";"1";"6";"Rue de Malines";"48,66379413";"6,17324352"
"202400010724";"2";"02";"2024";"13:00";"1";"95";"95203";"2";"2";"1";"3";"D928";"48,99464963";"2,27790842"
"202400010725";"30";"12";"2024";"08:20";"1";"54";"54395";"2";"2";"1";"3";"Rue Saint Dizier";"48,68686603";"6,18537918"
"202400010726";"6";"08";"2024";"21:20";"2";"81";"81219";"1";"2";"1";"3";"Route Nationale 126";"43,56742200";"1,94899000"
"202400010727";"2";"02";"2024";"19:15";"5";"95";"95203";"2";"4";"2";"6";"MARGENCY (ROUTE DE)";"48,99523900";"2,28345300"
"202400010728";"29";"07";"2024";"12:15";"1";"65";"65059";"1";"1";"1";"7";"RD 29, route de Lesponne, PR 007.500, lieu-dit LESPONNE";"42,98028100";"0,10922000"
"202400010729";"31";"12";"2024";"19:40";"5";"51";"51172";"2";"1";"1";"6";"SALENGRO (RUE ROGER)";"49,22261000";"4,05314000"
"202400010730";"5";"08";"2024";"13:15";"1";"31";"31458";"2";"6";"1";"2";"Allée de Fraixinet";"43,51113300";"1,36810400"
"202400010731";"31";"12";"2024";"14:25";"1";"51";"51454";"2";"1";"1";"3";"LAON (AVENUE) DU N° 51 A 217 ET DU N° 62";"49,26776000";"4,02441000"
"202400010732";"2";"02";"2024";"11:00";"1";"95";"95555";"2";"3";"1";"3";"D109";"48,96435471";"2,28265436"
"202400010733";"20";"12";"2024";"07:00";"3";"51";"51453";"1";"1";"1";"2";"RN 44";"49,00035800";"4,33814400"
"202400010734";"7";"08";"2024";"10:45";"1";"87";"87156";"2";"2";"1";"1";"Chemin de Bellevue";"45,87441700";"1,40530000"
"202400010735";"3";"02";"2024";"12:10";"1";"91";"91471";"2";"2";"2";"3";"MONTJAY (AVENUE DE)";"48,68575000";"2,18380000"
"202400010736";"31";"12";"2024";"14:00";"1";"49";"49015";"1";"1";"1";"6";"D775";"47,49787000";" -0,62231000"
"202400010737";"3";"02";"2024";"19:25";"5";"91";"91174";"2";"9";"1";"6";" GENERAL DE GAULLE (AVENUE DU)";"48,61893000";"2,46225000"
"202400010738";"6";"08";"2024";"18:00";"1";"40";"40314";"1";"3";"1";"3";"D6";"43,67560900";" -1,09861700"
"202400010739";"31";"12";"2024";"01:50";"4";"45";"45004";"2";"6";"2";"6";"D93 PR 0 + 1";"47,97546000";"2,74108000"
"202400010740";"3";"02";"2024";"23:20";"5";"84";"84007";"1";"3";"1";"6";"PIERRE SEMARD (avenue)";"43,93317100";"4,83313000"
"202400010741";"31";"12";"2024";"01:45";"5";"41";"41018";"2";"1";"8";"6";"BESNARD (QUAI ULYSSE)";"47,57325000";"1,31286000"
"202400010742";"6";"08";"2024";"08:30";"1";"40";"40114";"1";"1";"1";"5";"D947";"43,78682520";" -1,07354011"
"202400010743";"3";"02";"2024";"14:25";"1";"84";"84007";"2";"3";"1";"6";"QUAI DE LA LIGNE (Boulevard du)";"43,95352000";"4,81165000"
"202400010744";"31";"12";"2024";"10:00";"1";"37";"37122";"2";"3";"8";"3";"CHANTEPIE (RUE DE)";"47,35307000";"0,65945000"
"202400010745";"6";"08";"2024";"10:00";"1";"33";"33530";"1";"1";"1";"7";"N/A";"45,11007600";" -0,53596300"
"202400010746";"2";"02";"2024";"18:21";"3";"80";"80131";"1";"1";"8";"2";"D934";"49,84868355";"2,41173506"
"202400010747";"31";"12";"2024";"15:29";"1";"33";"33063";"2";"3";"1";"6";"N/A";"44,85937000";" -0,55607000"
"202400010748";"3";"08";"2024";"14:00";"1";"61";"61203";"1";"1";"8";"6";"Voie Communale";"48,39475800";"0,01678900"
"202400010749";"30";"12";"2024";"18:15";"5";"33";"33063";"2";"1";"1";"1";"N/A";"44,82277000";" -0,60263000"
"202400010750";"3";"02";"2024";"18:45";"5";"76";"76575";"1";"3";"2";"4";"Boulevard Lénine";"49,39362000";"1,11170000"
"202400010751";"5";"08";"2024";"05:15";"3";"56";"56009";"1";"1";"1";"2";"Route de l'Aérodrome";"47,32600700";" -3,19626500"
"202400010752";"31";"12";"2024";"19:15";"3";"31";"31555";"2";"1";"5";"1";"AV DU GENERAL DE MONSABERT";"43,56923000";"1,37349000"
"202400010753";"3";"02";"2024";"05:45";"5";"76";"76540";"2";"1";"2";"1";"Quai du Havre";"49,43961044";"1,08536661"
"202400010754";"31";"12";"2024";"13:50";"1";"26";"26362";"2";"1";"1";"3";"Avenue Georges Clemenceau";"44,93658000";"4,89904000"
"202400010755";"3";"02";"2024";"12:10";"1";"69";"69266";"2";"1";"1";"5";"217 Avenue Roger Salengro";"45,78263000";"4,88953000"
"202400010756";"31";"12";"2024";"12:42";"1";"19";"19272";"2";"9";"1";"3";"Lucien Sampeix (Av)";"45,25414000";"1,76368000"
"202400010757";"3";"02";"2024";"09:30";"1";"69";"69029";"2";"6";"1";"3";"Avenue Camille Rousset";"45,73481984";"4,90545377"
"202400010758";"31";"12";"2024";"12:30";"1";"17";"17300";"2";"1";"8";"6";"MAUBEC   QUAI";"46,15903000";" -1,14787000"
"202400010759";"3";"02";"2024";"17:30";"2";"67";"67482";"2";"3";"1";"1";"BECQUEREL (RUE)";"48,60556000";"7,71525000"
"202400010760";"31";"12";"2024";"17:05";"2";"15";"15014";"2";"1";"1";"2";"Chemin du Bousquet";"44,90086000";"2,43931000"
"202400010761";"3";"02";"2024";"14:00";"1";"64";"64445";"2";"3";"1";"3";"14 JUILLET DU";"43,29267000";" -0,37804000"
"202400010762";"31";"12";"2024";"07:30";"5";"13";"13211";"2";"1";"1";"3";"PARETTE (PLACE DE LA)";"43,29431000";"5,42667000"
"202400010763";"3";"02";"2024";"09:45";"1";"63";"63063";"2";"9";"1";"6";"GRILLON (RUE DU)";"45,82885030";"3,09820622"
"202400010764";"30";"12";"2024";"15:00";"1";"13";"13028";"2";"3";"1";"2";"RIPERT (AVENUE EMILE)";"43,18707000";"5,61508000"
"202400010765";"3";"02";"2024";"01:01";"3";"62";"62457";"2";"1";"2";"6";"Avenue des Aeronautes";"50,46379000";"2,54922000"
"202400010766";"25";"01";"2024";"19:05";"5";"62";"62178";"2";"9";"2";"7";"D841";"50,49004042";"2,56353115"
"202400010767";"30";"12";"2024";"14:20";"1";"12";"12013";"2";"4";"9";"6";"MYOSOTIS (AVENUE)";"44,53931000";"2,26583000"
"202400010768";"2";"02";"2024";"08:10";"1";"59";"59009";"2";"1";"1";"6";"Avenue du Pont de Bois";"50,62636000";"3,12943000"
"202400010769";"30";"12";"2024";"17:30";"3";"10";"10362";"2";"1";"1";"2";"D660";"48,29859000";"4,01311000"
"202400010770";"3";"02";"2024";"02:25";"5";"56";"56260";"2";"1";"1";"6";"BECEL(AVENUE JEAN-MARIE)";"47,65608000";" -2,77357000"
"202400010771";"30";"12";"2024";"11:14";"1";"10";"10333";"2";"6";"1";"3";"ROCADE OUEST (RD 610)";"48,27000000";"4,04980000"
"202400010772";"30";"01";"2024";"16:10";"1";"56";"56260";"2";"1";"1";"7";"Avenue du Président Wilson";"47,66621000";" -2,75641000"
"202400010773";"30";"12";"2024";"08:50";"2";"10";"10325";"2";"1";"2";"7";"ROCADE OUEST (RD 610)";"48,26765000";"4,06217000"
"202400010774";"3";"02";"2024";"10:50";"1";"49";"49007";"2";"1";"1";"2";"SAINT MICHEL BOULEVARD";"47,47346000";" -0,54159000"
"202400010775";"30";"12";"2024";"15:30";"1";"07";"07281";"2";"1";"1";"2";"MULETS (CHEMIN 1  DES)";"44,94400000";"4,85599000"
"202400010776";"3";"02";"2024";"14:55";"1";"45";"45075";"2";"2";"1";"3";"8 Rue de la Bredauche";"47,88818000";"1,84171000"
"202400010777";"31";"12";"2024";"16:00";"1";"06";"06029";"2";"1";"1";"3";"20 Rue Jean Jaurès";"43,55368000";"7,02079000"
"202400010778";"31";"12";"2024";"07:25";"2";"06";"06004";"2";"1";"1";"3";"820 Route de Nice";"43,60713820";"7,12399500"
"202400010779";"3";"02";"2024";"18:20";"5";"44";"44184";"2";"2";"1";"5";"37 Boulevard de la Libération";"47,28275000";" -2,20934000"
"202400010780";"30";"12";"2024";"14:35";"1";"05";"05061";"2";"3";"1";"1";"Avenue d'Embrun";"44,57250804";"6,10815972"
"202400010781";"3";"02";"2024";"19:00";"5";"42";"42186";"2";"4";"8";"4";"Avenue Charles de Gaulle";"45,52490000";"4,60320000"
"202400010782";"30";"12";"2024";"17:35";"5";"05";"05023";"2";"3";"1";"3";"SERRE PAIX (RUE DU)";"44,90391416";"6,62821054"
"202400010783";"3";"02";"2024";"22:15";"5";"38";"38185";"2";"1";"1";"1";"TEISSEIRE (AVENUE)";"45,16989554";"5,74136496"
"202400010784";"31";"12";"2024";"10:43";"1";"75";"75114";"2";"1";"1";"2";"BD PERIPHERIQUE INTERIEUR";"48,82410100";"2,30776100"
"202400010785";"3";"02";"2024";"08:05";"5";"37";"37261";"2";"2";"2";"3";"SEBASTOPOL (RUE)";"47,38879000";"0,68466000"
"202400010786";"4";"02";"2024";"01:40";"5";"35";"35238";"2";"1";"1";"6";"VERN (DE)";"48,09518561";" -1,65043460"
"202400010787";"31";"12";"2024";"11:05";"1";"75";"75115";"2";"1";"2";"2";"RUE D ALLERAY";"48,83650400";"2,30552200"
"202400010788";"30";"12";"2024";"13:55";"1";"75";"75114";"2";"3";"1";"6";"AVENUE DU GENERAL LECLERC";"48,83079800";"2,32937700"
"202400010789";"3";"02";"2024";"21:05";"5";"35";"35238";"2";"2";"1";"3";"MANIEZ (AVENUE JULES)";"48,09871000";" -1,69449000"
"202400010790";"3";"02";"2024";"19:40";"2";"35";"35238";"1";"1";"1";"2";"ROCADE 1-2";"48,11678000";" -1,71920000"
"202400010791";"30";"12";"2024";"14:47";"1";"75";"75108";"2";"2";"2";"3";"RUE DE LISBONNE";"48,87763500";"2,31255500"
"202400010792";"3";"02";"2024";"23:15";"5";"34";"34172";"2";"7";"1";"3";"MERMOZ (CARREFOUR)";"43,61033000";"3,89041000"
"202400010793";"30";"12";"2024";"20:50";"5";"94";"94081";"2";"2";"8";"6";"Avenue Lucien Français";"48,78507531";"2,38843102"
"202400010794";"3";"02";"2024";"19:00";"4";"34";"34172";"2";"1";"1";"2";"MENDES FRANCE (AVENUE PRESIDENT PIERRE";"43,60801000";"3,92996000"
"202400010795";"31";"12";"2024";"20:25";"5";"94";"94046";"2";"3";"1";"3";"Avenue du Général Leclerc";"48,81007000";"2,43294000"
"202400010796";"3";"02";"2024";"01:50";"4";"34";"34172";"2";"1";"1";"2";"FABRE DE MORLHON (BOULEVARD JACQUES)";"43,59185000";"3,87838000"
"202400010797";"31";"12";"2024";"16:05";"1";"94";"94028";"2";"3";"8";"2";"Rue Neuve";"48,79988900";"2,45224100"
"202400010798";"31";"12";"2024";"16:30";"1";"93";"93048";"2";"1";"1";"6";"CONVENTION (RUE DE LA)";"48,86304960";"2,44246495"
"202400010799";"31";"12";"2024";"14:40";"1";"93";"93005";"2";"3";"1";"2";"Avenue Raoul Dufy / Rue Henri Matisse";"48,95802048";"2,50483920"
"202400010800";"22";"12";"2024";"21:40";"5";"92";"92063";"2";"1";"1";"2";"BONAPARTE (AVENUE NAPOLEON) NORD";"48,87235548";"2,16284104"
"202400010801";"31";"12";"2024";"09:15";"1";"92";"92062";"2";"3";"1";"3";"PRESSENCE (RUE FRANCIS DE)";"48,87568675";"2,23704368"
"202400010802";"31";"12";"2024";"10:40";"1";"92";"92048";"2";"6";"1";"3";"VAUGIRARD (ROUTE DE)";"48,82005381";"2,24266134"
"202400010803";"31";"12";"2024";"12:58";"1";"92";"92040";"2";"1";"1";"3";"VICTOR CRESSON (AVENUE) DU 29 AU 77";"48,82138553";"2,26220906"
"202400010804";"30";"12";"2024";"18:30";"5";"92";"92025";"2";"1";"1";"6";"GABRIEL PERI (RUE)";"48,91823553";"2,23894640"
"202400010805";"31";"12";"2024";"12:30";"1";"92";"92024";"2";"1";"1";"3";"GENERAL ROGUET (RUE DU) DE (1 A 57)   (2";"48,90916240";"2,31293052"
"202400010806";"31";"12";"2024";"12:40";"1";"92";"92023";"2";"1";"1";"2";"GENERAL EISENHOWER (AVENUE)";"48,77679000";"2,23236000"
"202400010807";"31";"12";"2024";"19:40";"5";"974";"97414";"1";"1";"1";"6";"route nationale 1";" -21,28444600";"55,39323800"
"202400010808";"31";"12";"2024";"20:10";"3";"51";"51254";"1";"1";"5";"7";"C2 La forestière";"48,62530700";"3,67948700"
"202400010809";"31";"12";"2024";"15:00";"1";"69";"69006";"1";"1";"9";"7";"Route de Joasson";"45,97277000";"4,34043600"
"202400010810";"31";"12";"2024";"23:00";"3";"12";"12206";"1";"1";"1";"6";"D994";"44,43540800";"2,26116100"
"202400010811";"31";"12";"2024";"18:25";"3";"12";"12063";"1";"1";"1";"1";"D809";"44,01763200";"3,14312000"
"202400010812";"31";"12";"2024";"13:00";"1";"06";"06152";"2";"1";"1";"1";"630 Route des Dolines";"43,62171600";"7,03872800"
"202400010813";"31";"12";"2024";"19:00";"5";"68";"68117";"2";"1";"1";"2";"Rue du Muhlele";"48,04245800";"7,17672600"
"202400010814";"31";"12";"2024";"16:20";"1";"63";"63213";"1";"3";"5";"1";"D6";"45,82538300";"3,22396200"
"202400010815";"30";"12";"2024";"04:35";"3";"54";"54304";"1";"1";"1";"2";"A33";"48,68072304";"6,11906290"
"202400010816";"28";"12";"2024";"02:35";"3";"62";"62186";"1";"1";"2";"7";"A21";"50,43489627";"2,71511855"
"202400010817";"27";"12";"2024";"02:49";"3";"59";"59426";"1";"1";"1";"7";"AUTOROUTE A22";"50,76301000";"3,16121000"
"202400010818";"30";"12";"2024";"22:00";"3";"92";"92036";"1";"1";"1";"2";"AUTOROUTE A86";"48,93340854";"2,32131327"
"202400010819";"30";"12";"2024";"10:00";"1";"95";"95277";"1";"1";"1";"6";"A104";"48,97522000";"2,49115000"
"202400010820";"30";"12";"2024";"23:05";"3";"77";"77294";"1";"1";"1";"2";"A104";"48,96454041";"2,61065613"
"202400010821";"30";"12";"2024";"10:55";"1";"77";"77337";"1";"1";"2";"2";"RN104";"48,82814833";"2,61805928"
"202400010822";"30";"12";"2024";"13:50";"1";"974";"97411";"2";"3";"1";"3";"MAYOTTE (RUE DE)";" -20,90376000";"55,49444000"
"202400010823";"30";"12";"2024";"06:25";"1";"974";"97411";"2";"1";"1";"6";"JAURES (BLD 2 JEAN)";" -20,90004000";"55,48231000"
"202400010824";"30";"12";"2024";"21:50";"5";"974";"97409";"2";"9";"1";"3";"canal moreau (chemin)";" -20,97226000";"55,66748000"
"202400010825";"30";"12";"2024";"14:30";"1";"973";"97302";"2";"1";"3";"7";"TIGRE (ROUTE DU)";"4,91013000";" -52,30831000"
"202400010826";"28";"12";"2024";"19:15";"5";"972";"97209";"2";"9";"1";"3";"MARTIN LUTHER KING (RUE)";"14,60640000";" -61,07551000"
"202400010827";"30";"12";"2024";"00:35";"5";"69";"69142";"1";"1";"1";"2";"Route de Métropole 7";"45,73022000";"4,81532000"
"202400010828";"30";"12";"2024";"17:47";"5";"2A";"2A004";"2";"1";"1";"6";"5 Boulevard Albert 1er";"41,91326000";"8,72733000"
"202400010829";"29";"12";"2024";"12:55";"1";"91";"91657";"2";"1";"1";"6";"AV HENRI BARBUSSE";"48,70277900";"2,42906500"
"202400010830";"29";"12";"2024";"00:50";"5";"91";"91657";"2";"1";"1";"6";"RUE PIERRE SEMARD";"48,69626000";"2,43379000"
"202400010831";"30";"12";"2024";"19:20";"5";"91";"91687";"2";"3";"1";"1";"GRIBELETTE (AVENUE DE LA)";"48,64743000";"2,36392000"
"202400010832";"28";"12";"2024";"14:31";"1";"87";"87065";"2";"3";"1";"3";"TOULOUSE (RUE DE)";"45,79829000";"1,29561000"
"202400010833";"30";"12";"2024";"18:07";"5";"78";"78238";"2";"1";"1";"6";"RENAULT (ROUTE DE)";"48,96639000";"1,86552000"
"202400010834";"1";"06";"2024";"08:00";"1";"2A";"2A006";"1";"1";"1";"1";"3725 La Tuscia";"41,97253300";"8,77961000"
"202400010835";"2";"06";"2024";"17:30";"1";"65";"65017";"1";"9";"1";"3";"D173";"42,74893500";"0,19101600"
"202400010836";"3";"06";"2024";"11:00";"1";"63";"63381";"1";"1";"5";"6";"D943";"45,86042800";"2,96723100"
"202400010837";"3";"06";"2024";"11:20";"1";"42";"42092";"1";"1";"5";"1";"Route des Brossettes";"45,50137815";"4,38618749"
"202400010838";"3";"06";"2024";"16:10";"1";"41";"41241";"1";"2";"1";"3";"Route du Sous-préfet";"47,43509600";"1,90794300"
"202400010839";"2";"06";"2024";"06:20";"2";"41";"41002";"1";"1";"2";"7";"D976";"47,33425700";"1,23557600"
"202400010840";"2";"06";"2024";"20:10";"2";"39";"39367";"1";"1";"3";"1";"N/A";"46,55955600";"6,00806500"
"202400010841";"2";"06";"2024";"16:45";"1";"25";"25459";"2";"1";"2";"7";"2 Rue de la Charrière Blanche";"46,83715100";"6,28135900"
"202400010842";"16";"02";"2024";"05:40";"3";"31";"31517";"2";"1";"3";"6";"departementale 4";"43,32618711";"1,32233977"
"202400010843";"2";"06";"2024";"18:45";"2";"15";"15069";"1";"1";"2";"3";"RN 122";"45,17143400";"3,04130300"
"202400010844";"3";"06";"2024";"16:10";"1";"15";"15192";"1";"1";"1";"6";"RD 317 ";"45,05109700";"2,70701900"
"202400010845";"2";"06";"2024";"17:25";"1";"26";"26086";"1";"1";"1";"3";"Route de Die";"44,68694000";"5,46268300"
"202400010846";"2";"06";"2024";"17:00";"1";"58";"58095";"2";"1";"1";"6";"14 Impasse de la Condamine";"46,82697800";"3,45011200"
"202400010847";"3";"06";"2024";"04:00";"3";"58";"58046";"1";"1";"1";"6";"Route de Fours";"46,84466100";"3,65627700"
"202400010848";"3";"06";"2024";"14:00";"1";"06";"06089";"1";"1";"1";"6";"5 Route de Chateauneuf";"43,67038990";"6,98362450"
"202400010849";"2";"06";"2024";"20:45";"1";"14";"14165";"1";"1";"1";"6";"D208";"49,34071300";" -0,86817700"
"202400010850";"2";"06";"2024";"00:10";"4";"14";"14480";"2";"3";"1";"2";"2 Rue de Saint-Clément";"49,32707100";" -1,08318300"
"202400010851";"3";"06";"2024";"16:45";"1";"50";"50350";"1";"1";"1";"1";"La Vionniere";"49,03485100";" -1,32554800"
"202400010852";"2";"06";"2024";"10:30";"1";"50";"50084";"1";"1";"1";"2";"Route départementale 971";"49,04502000";" -1,46604200"
"202400010853";"2";"06";"2024";"16:30";"1";"50";"50412";"1";"1";"1";"7";"Hameau Bosqueville";"49,35372800";" -1,69777400"
"202400010854";"3";"06";"2024";"08:05";"2";"60";"60509";"2";"6";"1";"6";"Rue Voltaire";"49,30784100";"2,60677700"
"202400010855";"3";"06";"2024";"12:30";"1";"18";"18075";"1";"1";"1";"7";"N/A";"47,01777100";"3,03377200"
"202400010856";"3";"06";"2024";"08:00";"1";"16";"16280";"2";"6";"1";"2";"N/A";"45,75238000";"0,35294700"