"Num_Acc";"jour";"mois";"an";"hrmn";"lum";"dep";"com";"agg";"int";"atm";"col";"adr";"lat";"long"
"202400010857";"3";"06";"2024";"17:31";"1";"07";"07172";"1";"1";"1";"3";"D820";"45,28052600";"4,72398300"
"202400010858";"2";"06";"2024";"12:00";"1";"40";"40243";"1";"1";"1";"3";"644 Avenue de Saint Vincent de Paul";"43,93157400";" -0,93300100"
"202400010859";"2";"06";"2024";"03:00";"3";"40";"40265";"1";"1";"1";"6";"D35";"43,99415800";" -0,12781300"
"202400010860";"3";"06";"2024";"16:25";"1";"30";"30036";"1";"2";"1";"3";"N113";"43,77397600";"4,28464700"
"202400010861";"3";"06";"2024";"12:50";"1";"31";"31091";"1";"9";"1";"6";"A 62 péage Saint Jory";"43,71880526";"1,40122542"
"202400010862";"2";"06";"2024";"11:30";"1";"987";"98738";"2";"3";"1";"3";"RT1 PK 12+300 SENS PAEA/PAPEETE";" -17,61800000";" -149,54900000"
"202400010863";"2";"06";"2024";"10:00";"1";"01";"01331";"1";"1";"2";"6";"A40 132+180";"46,11458000";"5,47361300"
"202400010864";"2";"06";"2024";"18:25";"1";"69";"69244";"2";"1";"2";"3";"40 Route de Paris";"45,76603000";"4,76529800"
"202400010865";"3";"06";"2024";"08:36";"1";"13";"13025";"1";"1";"1";"2";"A8, PK 028.200, sens Nice-Lyon";"43,48574166";"5,53350136"
"202400010866";"3";"06";"2024";"03:25";"3";"27";"27701";"1";"1";"1";"6";"A13";"49,24005900";"1,19568600"
"202400010867";"3";"06";"2024";"13:35";"1";"13";"13103";"1";"1";"1";"1";"A54-PK 072.000 - SENS EST OUEST";"43,62678800";"5,12113600"
"202400010868";"2";"06";"2024";"16:05";"1";"972";"97224";"2";"1";"2";"1";"Chemin Seailles Cark";"14,67581900";" -61,04203500"
"202400010869";"3";"06";"2024";"00:30";"3";"34";"34209";"1";"1";"1";"7";"D37 - PK43+100";"43,29327800";"3,36033600"
"202400010870";"2";"06";"2024";"14:00";"1";"38";"38320";"2";"1";"2";"6";"737 RUE Chamboud";"45,82793000";"5,42625400"
"202400010871";"2";"06";"2024";"10:40";"1";"07";"07235";"1";"4";"2";"1";"pk FS D116";"44,82396586";"4,19426372"
"202400010872";"2";"06";"2024";"15:55";"1";"86";"86104";"1";"1";"8";"6";"D35";"46,11991800";"0,32333100"
"202400010873";"30";"05";"2024";"10:45";"1";"85";"85071";"1";"6";"1";"3";"RD32";"46,75175300";" -1,86997000"
"202400010874";"3";"06";"2024";"16:25";"1";"14";"14609";"1";"3";"1";"5";"Route de Littry";"49,26784700";" -0,73848200"
"202400010875";"1";"06";"2024";"19:25";"1";"76";"76728";"2";"1";"8";"1";"D43";"49,48526600";"1,01178300"
"202400010876";"3";"06";"2024";"19:20";"1";"60";"60282";"2";"1";"1";"1";"48 Rue de Lamorlaye";"49,17987500";"2,41855500"
"202400010877";"3";"06";"2024";"17:15";"1";"80";"80442";"1";"1";"1";"1";"D930";"49,74088300";"3,02277700"
"202400010878";"3";"06";"2024";"12:10";"1";"59";"59252";"1";"2";"1";"3";"Chemin de la Quennerie";"50,71620300";"2,93969000"
"202400010879";"31";"05";"2024";"12:55";"1";"13";"13071";"1";"1";"1";"4";"A7-Sens Marseille vers Lyon";"43,41309000";"5,28116000"
"202400010880";"2";"06";"2024";"01:50";"3";"13";"13106";"1";"1";"1";"2";"A7-Sens Lyon vers Marseille";"43,38298612";"5,35139202"
"202400010881";"16";"10";"2024";"16:05";"1";"77";"77291";"1";"1";"1";"1";"D212";"49,01485000";"2,58875000"
"202400010882";"28";"05";"2024";"17:50";"1";"67";"67152";"1";"1";"1";"3";"Route Nationale 83";"48,52840000";"7,69418000"
"202400010883";"17";"10";"2024";"21:10";"3";"77";"77374";"1";"1";"2";"7";"D21";"48,79604000";"2,71670000"
"202400010884";"1";"06";"2024";"21:00";"2";"92";"92072";"1";"1";"2";"7";"N118";"48,82490955";"2,22113968"
"202400010885";"2";"06";"2024";"16:34";"1";"93";"93007";"1";"1";"1";"3";"A3";"48,92635915";"2,48128763"
"202400010886";"17";"10";"2024";"20:00";"5";"77";"77284";"2";"1";"1";"3";"D603";"48,95680000";"2,91699000"
"202400010887";"2";"06";"2024";"14:40";"1";"95";"95306";"1";"1";"1";"4";"A15";"49,00640579";"2,16383247"
"202400010888";"2";"06";"2024";"14:15";"1";"95";"95488";"1";"1";"1";"6";"A15";"49,02486562";"2,13226004"
"202400010889";"17";"10";"2024";"09:00";"1";"77";"77276";"1";"3";"1";"3";"D436A";"48,92709000";"2,87936000"
"202400010890";"1";"06";"2024";"21:50";"4";"93";"93063";"1";"1";"1";"3";"A3";"48,87844318";"2,44713993"
"202400010891";"17";"10";"2024";"09:30";"1";"77";"77335";"1";"1";"1";"3";"N3";"48,95898335";"2,82995770"
"202400010892";"2";"06";"2024";"02:00";"5";"94";"94052";"1";"1";"1";"2";"A86";"48,84331030";"2,49314406"
"202400010893";"1";"06";"2024";"21:45";"3";"77";"77468";"1";"9";"2";"6";"A4";"48,83244993";"2,66426256"
"202400010894";"17";"10";"2024";"07:57";"1";"77";"77131";"2";"4";"1";"3";"D934";"48,79997000";"3,08762000"
"202400010895";"4";"04";"2024";"05:04";"1";"44";"44109";"2";"1";"1";"6";"10 Rue Recteur Schmitt";"47,25070057";" -1,55115587"
"202400010896";"4";"04";"2024";"17:45";"1";"44";"44109";"2";"7";"8";"7";"Place Emile Zola";"47,21361840";" -1,58704101"
"202400010897";"17";"10";"2024";"08:00";"2";"76";"76451";"2";"2";"2";"6";"Place des Coquets";"49,46260000";"1,08175000"
"202400010898";"3";"04";"2024";"16:34";"1";"44";"44109";"2";"2";"8";"2";"46 Rue de Strasbourg";"47,21966092";" -1,55428762"
"202400010899";"1";"04";"2024";"14:11";"1";"44";"44162";"2";"1";"8";"6";"Boulevard Charles Gauthier";"47,22183149";" -1,60659249"
"202400010900";"17";"10";"2024";"14:10";"1";"76";"76351";"2";"1";"1";"7";"GOBELINS (DES)";"49,49767000";"0,10418000"
"202400010901";"1";"04";"2024";"13:57";"1";"44";"44109";"2";"1";"8";"3";"159 Boulevard Jules Verne";"47,24343380";" -1,52714968"
"202400010902";"16";"10";"2024";"14:20";"1";"76";"76351";"2";"3";"1";"6";"GLYCINES (DES)";"49,50656000";"0,15721000"
"202400010903";"31";"03";"2024";"01:45";"4";"29";"29019";"2";"6";"2";"6";"avenue Salaun Penquer";"48,38290000";" -4,48771000"
"202400010904";"15";"10";"2024";"08:00";"1";"76";"76351";"2";"2";"1";"3";"MARYSE BASTIE";"49,52425000";"0,09687000"
"202400010905";"29";"01";"2024";"18:01";"2";"84";"84031";"2";"3";"1";"3";"LUNEL ARMAND";"44,05191000";"5,05572000"
"202400010906";"17";"10";"2024";"08:10";"2";"74";"74118";"2";"1";"3";"6";"18 AOUT (RUE DU)";"46,16626000";"6,18900000"
"202400010907";"26";"01";"2024";"10:00";"1";"84";"84031";"2";"1";"1";"6";"NAQUET BOULEVARD ALFRED";"44,05241000";"5,04151000"
"202400010908";"16";"01";"2024";"19:30";"2";"84";"84031";"2";"1";"1";"2";"SAINT ROCH AVENUE";"44,06396000";"5,04902000"
"202400010909";"17";"02";"2024";"15:55";"1";"62";"62139";"1";"1";"7";"3";"D210";"50,70856125";"2,25376654"
"202400010910";"17";"10";"2024";"17:50";"1";"71";"71306";"2";"2";"1";"1";"CLUNY (RUE DE)";"46,67416000";"4,37239000"
"202400010911";"22";"02";"2024";"18:37";"2";"62";"62040";"2";"1";"1";"6";"D210";"50,73350437";"2,29758270"
"202400010912";"17";"10";"2024";"04:20";"5";"71";"71306";"2";"1";"1";"6";"MAUGRAND (BLD DE LA)";"46,67746000";"4,35879000"
"202400010913";"5";"02";"2024";"17:00";"2";"62";"62765";"2";"3";"1";"1";"rue de Thérouanne";"50,74638000";"2,26164000"
"202400010914";"17";"10";"2024";"08:30";"1";"69";"69266";"2";"2";"3";"6";"Avenue Auguste Blanqui";"45,76182000";"4,88476000"
"202400010915";"5";"03";"2024";"18:05";"2";"74";"74082";"2";"9";"8";"5";"Route d'annecy";"46,14137400";"6,13625000"
"202400010916";"16";"10";"2024";"10:20";"1";"69";"69264";"2";"9";"2";"6";"Avenue Theodore Braun";"45,97792000";"4,73891000"
"202400010917";"16";"10";"2024";"16:12";"1";"69";"69276";"2";"1";"1";"6";"51 Route de Vienne";"45,67156000";"4,86000000"
"202400010918";"1";"06";"2024";"14:25";"1";"974";"97411";"2";"7";"1";"3";"LATTRE DE TASSIGNY (AVENUE MARECHAL DE)";" -20,88638000";"55,46980000"
"202400010919";"17";"10";"2024";"10:50";"1";"68";"68066";"2";"6";"1";"3";"Avenue de l'Europe";"48,07830000";"7,33303000"
"202400010920";"1";"06";"2024";"19:10";"3";"973";"97302";"2";"3";"1";"3";"MERE THERESA (rue)";"4,92210218";" -52,31259200"
"202400010921";"17";"10";"2024";"18:20";"2";"67";"67043";"2";"2";"1";"3";"TROIS MAIRES (RUE DES)";"48,62997000";"7,77649000"
"202400010922";"1";"06";"2024";"12:00";"1";"69";"69388";"2";"1";"1";"3";"Avenue Jean Mermoz";"45,73318610";"4,87964138"
"202400010923";"17";"10";"2024";"13:55";"1";"67";"67267";"2";"1";"1";"2";"MARECHAL FOCH (RUE DU)";"48,55955000";"7,69054000"
"202400010924";"1";"06";"2024";"04:05";"5";"69";"69386";"2";"3";"1";"3";"Rue Garibaldi";"45,76569000";"4,85117000"
"202400010925";"16";"10";"2024";"17:45";"1";"66";"66136";"2";"3";"1";"3";"JUIN (AVENUE DU MARECHAL)";"42,68764000";"2,89976000"
"202400010926";"31";"05";"2024";"17:00";"1";"69";"69383";"2";"1";"1";"3";"Avenue Lacassagne";"45,75274000";"4,86965000"
"202400010927";"16";"10";"2024";"16:45";"1";"66";"66136";"2";"1";"1";"6";"KOENING Bd";"42,68636000";"2,90639000"
"202400010928";"1";"06";"2024";"02:30";"5";"2B";"2B033";"1";"3";"1";"2";"11 - RT";"42,66867000";"9,44368000"
"202400010929";"16";"10";"2024";"12:40";"1";"64";"64260";"2";"3";"1";"6";"PELLOT (RUE)";"43,35904000";" -1,77169000"
"202400010930";"1";"06";"2024";"11:30";"1";"971";"97113";"2";"1";"1";"1";"RN4 - SECTION RIVIERA";"16,20991000";" -61,47230000"
"202400010931";"16";"10";"2024";"18:30";"1";"64";"64102";"2";"1";"1";"3";"HENRI DE NAVARRE (AVENUE)";"43,49771000";" -1,44937000"
"202400010932";"1";"06";"2024";"18:58";"1";"2A";"2A004";"2";"1";"1";"6";"#55 Cours Napoléon#";"41,92450000";"8,73798000"
"202400010933";"31";"05";"2024";"17:43";"1";"2A";"2A004";"2";"3";"1";"3";"SAMPIERO BD";"41,92421000";"8,73907000"
"202400010934";"11";"10";"2024";"08:30";"1";"60";"60159";"2";"3";"1";"3";"Boulevard des États-Unis";"49,40691000";"2,83010000"
"202400010935";"1";"06";"2024";"20:00";"1";"95";"95277";"2";"3";"1";"3";"SAINT NICOLAS (RUE)";"48,98551664";"2,44697928"
"202400010936";"1";"06";"2024";"15:00";"1";"95";"95203";"2";"1";"2";"3";"RASPAIL (RUE)";"48,99398000";"2,26849000"
"202400010937";"17";"10";"2024";"13:30";"1";"59";"59599";"2";"1";"2";"1";"CANAL (RUE DU)";"50,70481000";"3,15871000"
"202400010938";"2";"06";"2024";"01:07";"5";"84";"84007";"2";"3";"1";"3";"RHONE (Boulevard du )";"43,95109000";"4,80266000"
"202400010939";"15";"09";"2024";"17:00";"1";"59";"59220";"2";"9";"1";"3";"CARNOT RUE";"50,60831000";"3,06559000"
"202400010940";"1";"06";"2024";"22:45";"5";"83";"83137";"1";"1";"1";"1";"PICOT (AVE DU COLONEL)";"43,13469674";"5,97737896"
"202400010941";"17";"10";"2024";"05:45";"5";"59";"59431";"1";"1";"2";"6";"MEUNIERS (RUE DES)";"50,71000000";"2,81027000"
"202400010942";"1";"06";"2024";"14:10";"1";"82";"82033";"1";"3";"1";"3";"Chemin du Riou-Tord";"44,07333700";"1,13868400"
"202400010943";"17";"10";"2024";"08:20";"2";"56";"56260";"2";"1";"8";"6";"Avenue de Verdun";"47,65867000";" -2,74793000"
"202400010944";"1";"06";"2024";"21:05";"2";"78";"78440";"2";"1";"1";"3";"PAUL RAOULT (AVENUE)";"48,98600000";"1,91215000"
"202400010945";"16";"10";"2024";"18:35";"5";"54";"54357";"2";"6";"1";"3";"Rue Lafayette";"48,71077000";"6,17263000"
"202400010946";"1";"06";"2024";"22:20";"5";"78";"78168";"2";"9";"2";"6";"Route nationale 10";"48,74898000";"1,92582000"
"202400010947";"16";"10";"2024";"11:00";"1";"54";"54395";"2";"6";"1";"6";"Rue Saint Nicolas";"48,68715000";"6,18854000"
"202400010948";"1";"06";"2024";"16:05";"1";"77";"77284";"2";"1";"2";"2";"Boulevard Charcot";"48,94680000";"2,90479000"
"202400010949";"16";"10";"2024";"21:10";"5";"51";"51454";"2";"9";"1";"3";"Rond-point Marguerite Boutigny";"49,22680000";"4,02493000"
"202400010950";"1";"06";"2024";"19:46";"1";"69";"69259";"2";"2";"1";"1";"Rue des Martyrs de la Résistance";"45,69245000";"4,87300000"
"202400010951";"16";"10";"2024";"13:25";"1";"51";"51454";"2";"2";"1";"3";"SALENGRO (RUE ROGER)";"49,27346000";"4,02397000"
"202400010952";"1";"06";"2024";"17:20";"1";"67";"67482";"2";"3";"2";"3";"SAINT JEAN (QUAI)";"48,58455000";"7,74075000"
"202400010953";"1";"06";"2024";"16:30";"1";"64";"64445";"2";"1";"1";"3";"OLOF PALME";"43,33957000";" -0,37765000"
"202400010954";"16";"10";"2024";"16:15";"1";"50";"50129";"2";"3";"3";"3";"FERRY (RUE JULES)";"49,61291000";" -1,65095000"
"202400010955";"1";"06";"2024";"00:10";"3";"64";"64102";"2";"2";"1";"2";"BAB (Boulevard)";"43,49814525";" -1,49078655"
"202400010956";"31";"05";"2024";"12:25";"1";"62";"62826";"2";"3";"2";"3";"Avenue de Picardie";"50,51232276";"1,61593705"
"202400010957";"14";"10";"2024";"12:40";"1";"50";"50129";"2";"3";"1";"2";"NORMANDIE (AVENUE DE)";"49,62679000";" -1,63452000"
"202400010958";"1";"06";"2024";"00:20";"3";"62";"62510";"1";"1";"2";"3";"D58";"50,43418000";"2,75229000"
"202400010959";"16";"10";"2024";"13:40";"1";"49";"49246";"1";"1";"2";"2";"ROUTE DE POUILLE";"47,43380000";" -0,53628000"
"202400010960";"27";"05";"2024";"18:09";"1";"54";"54431";"2";"1";"1";"2";"Avenue Camille Cavallier";"48,89496500";"6,05213900"
"202400010961";"31";"05";"2024";"13:00";"1";"54";"54525";"1";"1";"1";"1";"D26C";"49,46723700";"5,88958500"
"202400010962";"16";"10";"2024";"10:53";"1";"49";"49007";"2";"2";"1";"6";"RENNES";"47,47657000";" -0,54967000"
"202400010963";"1";"06";"2024";"11:50";"1";"54";"54099";"1";"1";"1";"2";"D146";"49,26200000";"5,93100000"
"202400010964";"17";"10";"2024";"19:06";"5";"48";"48095";"2";"1";"2";"7";"FOCH (AVENUE)";"44,51788000";"3,49550000"
"202400010965";"1";"06";"2024";"10:50";"1";"51";"51474";"2";"1";"1";"6";"SORBON (RUE)";"49,26697600";"3,99073200"
"202400010966";"29";"05";"2024";"14:00";"1";"50";"50147";"1";"9";"1";"4";"ROCADE NORD";"49,06926000";" -1,43076000"
"202400010967";"17";"10";"2024";"12:45";"1";"47";"47001";"2";"1";"3";"2";"CUVIER (AV. GEORGES)";"44,19630000";"0,63300000"
"202400010968";"1";"06";"2024";"18:00";"1";"45";"45338";"1";"1";"2";"1";"D961 PR 0 + 3383";"47,98900000";"2,69600000"
"202400010969";"17";"10";"2024";"20:00";"5";"44";"44184";"2";"3";"1";"3";"11 Avenue François Mitterrand";"47,27040000";" -2,22480000"
"202400010970";"17";"10";"2024";"18:44";"5";"38";"38185";"2";"3";"3";"1";"COURS BERRIAT";"45,18886000";"5,70582000"
"202400010971";"31";"05";"2024";"18:45";"1";"45";"45208";"2";"3";"2";"5";"97 Rue André Coquillet";"47,98891400";"2,73240800"
"202400010972";"31";"05";"2024";"18:43";"1";"45";"45208";"1";"2";"2";"3";"14 Avenue Louis-Maurice Chautemps";"48,00541700";"2,74435300"
"202400010973";"16";"10";"2024";"17:00";"1";"38";"38053";"2";"3";"1";"3";"Boulevard Vincent Scotto";"45,60378000";"5,26673000"
"202400010974";"31";"05";"2024";"18:15";"1";"45";"45004";"1";"9";"2";"6";"D2060 PR 28 + 335";"47,97026000";"2,73386000"
"202400010975";"1";"06";"2024";"11:00";"1";"43";"43157";"2";"1";"1";"6";"Allee des Portes Occitanes";"45,02485000";"3,88281000"
"202400010976";"18";"09";"2024";"18:21";"1";"37";"37261";"2";"2";"1";"3";"CHEVALLIER (RUE AUGUSTE)";"47,37975693";"0,67981571"
"202400010977";"17";"10";"2024";"06:10";"5";"37";"37261";"2";"2";"2";"3";"MIRABEAU (PONT)";"47,39756000";"0,69940000"
"202400010978";"1";"06";"2024";"22:54";"4";"42";"42044";"2";"1";"1";"1";"Boulevard d’Auvergne";"45,39452000";"4,32310000"
"202400010979";"16";"10";"2024";"08:00";"1";"37";"37233";"2";"6";"1";"3";"ARC EN CIEL ( ROND POINT DE L')";"47,39218000";"0,72532000"
"202400010980";"1";"06";"2024";"12:25";"1";"38";"38185";"2";"9";"8";"6";"GENERAL FERRIE (RUE)";"45,17730000";"5,72435000"
"202400010981";"13";"05";"2024";"09:20";"1";"34";"34108";"2";"6";"1";"3";"DE GAULE GENERAL (AVENUE DU)";"43,44682000";"3,75386000"
"202400010982";"16";"10";"2024";"06:55";"5";"37";"37233";"2";"6";"8";"3";"GRANDS MORTIERS (RUE DES)";"47,38225000";"0,73060000"
"202400010983";"5";"05";"2024";"16:45";"1";"34";"34301";"2";"1";"1";"3";"DURAND GENERAL (QUAI)";"43,40128000";"3,69696000"
"202400010984";"16";"10";"2024";"14:20";"1";"34";"34172";"2";"1";"1";"6";"ORIENT (BOULEVARD D')";"43,60368000";"3,88969000"
"202400010985";"1";"06";"2024";"23:18";"5";"31";"31555";"2";"1";"1";"6";"RTE D AGDE";"43,62491860";"1,47498697"
"202400010986";"1";"06";"2024";"15:25";"1";"31";"31555";"2";"1";"1";"6";"RUE LOUISE WEISS";"43,64034000";"1,45338000"
"202400010987";"16";"10";"2024";"12:18";"1";"34";"34032";"2";"2";"1";"7";"VERDIER PIERRE (AV)";"43,34479000";"3,23404000"
"202400010988";"1";"06";"2024";"09:54";"1";"31";"31555";"2";"1";"1";"6";"Rue de la Verge d'Or";"43,61057600";"1,43994200"
"202400010989";"17";"10";"2024";"08:10";"2";"33";"33200";"2";"1";"3";"3";"N/A";"44,87968000";" -0,68425000"
"202400010990";"1";"06";"2024";"23:15";"5";"28";"28085";"2";"1";"1";"3";"D823";"48,45497000";"1,53008000"
"202400010991";"17";"10";"2024";"01:10";"5";"31";"31555";"2";"1";"1";"7";"AV JEAN ZAY";"43,64787529";"1,43679231"
"202400010992";"1";"06";"2024";"10:30";"1";"26";"26362";"1";"1";"1";"7";"Avenue Docteur Paul Santy";"44,91523000";"4,90806000"
"202400010993";"1";"06";"2024";"17:40";"1";"17";"17415";"1";"1";"1";"7";"Route Nationale 150";"45,71421000";" -0,67058000"
"202400010994";"16";"10";"2024";"18:35";"1";"29";"29019";"2";"2";"2";"3";"rue Camille Pelletan";"48,40205600";" -4,49453700"
"202400010995";"1";"06";"2024";"05:50";"5";"17";"17415";"2";"1";"1";"2";"APOTRES DE LA LIBERTE COURS DES";"45,74071000";" -0,64162000"
"202400010996";"16";"10";"2024";"08:30";"1";"29";"29019";"2";"1";"2";"6";"place de Strasbourg";"48,40274100";" -4,46646800"
"202400010997";"1";"06";"2024";"22:30";"5";"13";"13210";"2";"1";"1";"2";"CAPELETTE (AVENUE DE LA)";"43,27911000";"5,41349000"
"202400010998";"1";"06";"2024";"19:30";"1";"13";"13208";"2";"2";"1";"3";"VOLUBILIS (bd des)";"43,24790000";"5,38378000"
"202400010999";"17";"10";"2024";"08:45";"1";"19";"19031";"2";"1";"3";"6";"ROLLAND (RUE ROMAIN) A PARTIR DE N° 88 ";"45,15975000";"1,51383000"
"202400011000";"1";"06";"2024";"13:52";"1";"13";"13211";"2";"1";"1";"3";"SAINT LOUP (BOULEVARD DE)";"43,28424000";"5,43600000"
"202400011001";"14";"10";"2024";"15:50";"1";"14";"14437";"1";"1";"1";"2";"N814";"49,18170000";" -0,32502000"
"202400011002";"1";"06";"2024";"02:20";"5";"13";"13211";"2";"1";"1";"3";"CARTONNERIE (BOULEVARD DE LA )";"43,29204000";"5,45978000"
"202400011003";"1";"06";"2024";"12:12";"1";"11";"11262";"2";"6";"1";"6";"N/A";"43,18130000";"3,02950000"
"202400011004";"17";"10";"2024";"17:10";"1";"13";"13212";"2";"9";"1";"1";"AIGUILLETTE (RUE DE L')";"43,31000000";"5,42000000"
"202400011005";"1";"06";"2024";"10:39";"1";"11";"11262";"2";"9";"1";"6";"N/A";"43,17494200";"3,02697200"
"202400011006";"17";"10";"2024";"13:54";"1";"13";"13210";"2";"1";"1";"2";"TOULON (AVENUE DE)";"43,28405000";"5,39578000"
"202400011007";"31";"05";"2024";"17:55";"1";"11";"11069";"1";"2";"1";"3";"ROCADE SUD RD 6161";"43,20414000";"2,38642000"
"202400011008";"16";"10";"2024";"17:50";"1";"13";"13214";"2";"1";"1";"3";"PLOMBIERES (BOULEVARD DES)";"43,31704737";"5,38180578"
"202400011009";"1";"06";"2024";"13:49";"1";"01";"01053";"2";"2";"8";"3";"ALSACE LORRAINE (AVENUE )";"46,20196000";"5,22095000"
"202400011010";"16";"10";"2024";"15:57";"1";"10";"10387";"2";"1";"1";"3";"CHARMILLES (MAIL DES)";"48,29530000";"4,08440000"
"202400011011";"1";"06";"2024";"18:15";"2";"75";"75118";"2";"1";"2";"3";"BD PERIPHERIQUE INTERIEUR";"48,90075800";"2,33718900"
"202400011012";"1";"06";"2024";"14:50";"1";"75";"75105";"2";"2";"2";"3";"QUAI DE LA TOURNELLE";"48,85112600";"2,35130500"
"202400011013";"17";"10";"2024";"07:35";"2";"03";"03310";"2";"2";"1";"3";"Boulevard Denière";"46,12730000";"3,43421000"
"202400011014";"1";"06";"2024";"12:00";"1";"75";"75117";"2";"3";"1";"6";"BOULEVARD DE COURCELLES";"48,87903400";"2,30235800"
"202400011015";"16";"10";"2024";"16:40";"1";"03";"03190";"2";"1";"1";"6";"Rue Edmond Bourges";"46,56090000";"3,31840000"
"202400011016";"1";"06";"2024";"15:45";"1";"75";"75115";"2";"1";"2";"3";"RUE DE LA CONVENTION";"48,84262600";"2,28458200"
"202400011017";"17";"10";"2024";"08:10";"1";"75";"75113";"2";"1";"1";"2";"BD PERIPHERIQUE INTERIEUR";"48,81752200";"2,34955900"
"202400011018";"1";"06";"2024";"02:51";"5";"75";"75115";"2";"2";"1";"3";"RUE DE VAUGIRARD";"48,84286000";"2,31238000"
"202400011019";"17";"10";"2024";"09:23";"1";"75";"75112";"2";"1";"1";"3";"BD PERIPHERIQUE EXTERIEUR";"48,82759547";"2,39349067"
"202400011020";"31";"05";"2024";"17:15";"1";"75";"75114";"2";"5";"1";"3";"RUE LIARD";"48,82136000";"2,34256800"
"202400011021";"16";"10";"2024";"18:25";"2";"75";"75114";"2";"1";"1";"3";"BD PERIPHERIQUE INTERIEUR";"48,82009900";"2,32574100"
"202400011022";"1";"06";"2024";"12:45";"1";"75";"75113";"2";"1";"2";"6";"AVENUE D IVRY";"48,82203600";"2,36832000"
"202400011023";"17";"10";"2024";"12:50";"1";"75";"75106";"2";"1";"2";"6";"BOULEVARD DU MONTPARNASSE";"48,84357600";"2,32504600"
"202400011024";"16";"10";"2024";"15:25";"1";"75";"75120";"2";"2";"1";"3";"RUE DES FRERES FLAVIEN";"48,87680100";"2,41199500"
"202400011025";"1";"06";"2024";"15:00";"1";"75";"75112";"2";"2";"2";"6";"AVENUE DU DOCTEUR ARNOLD NETTER";"48,84715100";"2,40626300"
"202400011026";"16";"10";"2024";"13:10";"1";"75";"75120";"2";"3";"1";"6";"RUE DE BELLEVILLE";"48,87347400";"2,38309200"
"202400011027";"1";"06";"2024";"14:38";"1";"75";"75109";"2";"2";"2";"2";"BOULEVARD DE LA MADELEINE";"48,86991900";"2,32802300"
"202400011028";"17";"10";"2024";"16:20";"1";"75";"75119";"2";"1";"2";"7";"RUE D AUBERVILLIERS";"48,89673300";"2,37074100"
"202400011029";"1";"06";"2024";"18:00";"1";"75";"75108";"2";"2";"8";"1";"BOULEVARD HAUSSMANN";"48,87512400";"2,31490300"
"202400011030";"17";"10";"2024";"04:50";"5";"75";"75119";"2";"3";"1";"3";"RUE SIGMUND FREUD";"48,88468800";"2,39890900"
"202400011031";"31";"05";"2024";"22:20";"5";"94";"94081";"2";"3";"9";"3";"Avenue Anatole France / Rue Pasteur";"48,80448982";"2,40515694"
"202400011032";"16";"10";"2024";"16:28";"1";"75";"75119";"2";"1";"1";"2";"BOULEVARD SERURIER";"48,87848500";"2,40320800"
"202400011033";"17";"10";"2024";"17:10";"2";"75";"75118";"2";"3";"3";"3";"AVENUE DE LA PORTE DE CLIGNANCOURT";"48,89809137";"2,34426963"
"202400011034";"1";"06";"2024";"04:20";"5";"94";"94046";"2";"2";"2";"1";"Rue de Joinville / Rue Condorcet";"48,81049000";"2,45269000"
"202400011035";"17";"10";"2024";"16:10";"1";"75";"75116";"2";"7";"2";"3";"PLACE DE LA PORTE MAILLOT";"48,87738800";"2,27915900"
"202400011036";"1";"06";"2024";"13:30";"1";"94";"94011";"2";"1";"2";"6";"Avenue Rodolphe Hottinguer";"48,76092000";"2,49320000"
"202400011037";"17";"10";"2024";"07:35";"1";"75";"75116";"2";"1";"1";"5";"AVENUE DE L HIPPODROME";"48,86093500";"2,24022500"
"202400011038";"1";"06";"2024";"15:10";"1";"94";"94075";"2";"1";"2";"3";"37 Route de la Grange";"48,73336300";"2,51579700"
"202400011039";"1";"06";"2024";"08:50";"2";"94";"94071";"2";"1";"2";"3";"Rue Royale";"48,75673100";"2,54260400"
"202400011040";"17";"10";"2024";"20:00";"5";"75";"75115";"2";"3";"2";"3";"RUE PEGOUD";"48,83456800";"2,26694900"
"202400011041";"16";"10";"2024";"12:15";"1";"75";"75115";"2";"1";"1";"3";"RUE LABROUSTE";"48,83583200";"2,30963600"
"202400011042";"1";"06";"2024";"13:10";"1";"93";"93071";"2";"2";"2";"3";"Avenue Hoche / Avenue Ernest Pivot";"48,93056200";"2,52970200"
"202400011043";"31";"05";"2024";"19:40";"1";"93";"93047";"2";"1";"1";"2";"Avenue des Rosiers";"48,89487303";"2,54829025"
"202400011044";"16";"10";"2024";"18:30";"2";"75";"75112";"2";"3";"1";"3";"BOULEVARD PONIATOWSKI";"48,82923000";"2,39021000"
"202400011045";"1";"06";"2024";"23:00";"5";"92";"92062";"2";"3";"2";"7";"GENERAL DE GAULLE (AVENUE DU)";"48,88544025";"2,22793490"
"202400011046";"17";"10";"2024";"12:21";"1";"75";"75111";"2";"4";"8";"3";"BOULEVARD VOLTAIRE";"48,85294100";"2,38850700"
"202400011047";"1";"06";"2024";"18:40";"2";"92";"92026";"2";"1";"2";"2";"DES BATISSEURS (VOIE)";"48,88776039";"2,25187942"
"202400011048";"17";"10";"2024";"09:12";"1";"75";"75110";"2";"3";"1";"6";"RUE DE DUNKERQUE";"48,87949307";"2,35718036"
"202400011049";"2";"06";"2024";"02:30";"3";"33";"33243";"1";"1";"1";"6";"N/A";"44,91433300";" -0,21666300"