"Num_Acc";"jour";"mois";"an";"hrmn";"lum";"dep";"com";"agg";"int";"atm";"col";"adr";"lat";"long"
"202400011050";"17";"10";"2024";"18:50";"5";"75";"75108";"2";"2";"2";"3";"AVENUE DE FRIEDLAND";"48,87417800";"2,29899100"
"202400011051";"2";"06";"2024";"06:15";"2";"39";"39208";"1";"1";"3";"6";"N/A";"46,63845800";"5,94262900"
"202400011052";"17";"10";"2024";"16:30";"1";"75";"75107";"2";"3";"3";"6";"RUE DE SEVRES";"48,84846800";"2,32056300"
"202400011053";"17";"10";"2024";"01:00";"5";"75";"75101";"2";"3";"2";"3";"BOULEVARD DE SEBASTOPOL";"48,86057100";"2,34935300"
"202400011054";"31";"05";"2024";"22:10";"5";"08";"08067";"2";"1";"1";"2";"55 route nationale";"49,62335499";"5,18304437"
"202400011055";"17";"10";"2024";"05:24";"3";"94";"94078";"2";"1";"1";"6";"Rue de Paris";"48,75365318";"2,44452788"
"202400011056";"2";"06";"2024";"16:00";"1";"71";"71214";"1";"1";"2";"7";"Chemin reliant GENOUILLY et MAIZERAY via la RD 236";"46,65280100";"4,58750600"
"202400011057";"17";"10";"2024";"20:00";"5";"94";"94073";"2";"3";"2";"3";"Av du Pdt Franklin Roosevelt";"48,76562000";"2,39656000"
"202400011058";"1";"06";"2024";"10:52";"1";"33";"33002";"1";"2";"1";"3";"N/A";"44,52230600";" -0,04652400"
"202400011059";"17";"10";"2024";"10:30";"1";"94";"94065";"2";"3";"1";"3";"Rue Auguste Perret";"48,75015200";"2,35454500"
"202400011060";"2";"06";"2024";"03:45";"3";"49";"49092";"1";"1";"1";"6";"N/A";"47,19200200";" -0,70660100"
"202400011061";"17";"10";"2024";"10:16";"1";"94";"94022";"2";"1";"2";"6";"Avenue Victor Hugo";"48,76773000";"2,41715000"
"202400011062";"1";"06";"2024";"19:30";"2";"68";"68043";"2";"3";"2";"1";"Rue de Soultz";"47,86013300";"7,26020500"
"202400011063";"17";"10";"2024";"09:25";"1";"92";"92064";"2";"1";"2";"2";"MONT VALERIEN";"48,85525357";"2,21550810"
"202400011064";"2";"06";"2024";"02:45";"3";"60";"60527";"2";"1";"2";"6";"Rue des Marronniers";"49,08633300";"2,90659200"
"202400011065";"17";"10";"2024";"16:05";"1";"92";"92051";"2";"2";"2";"6";"CHATEAU (BOULEVARD DU)";"48,88819571";"2,26462696"
"202400011066";"31";"05";"2024";"19:00";"3";"974";"97413";"2";"1";"1";"1";"Rue du Musee";" -21,20570800";"55,29638900"
"202400011067";"17";"10";"2024";"20:17";"5";"92";"92044";"2";"2";"2";"3";"VOLTAIRE(RUE)83A91 ET 64A70";"48,89136281";"2,28274494"
"202400011068";"1";"06";"2024";"14:30";"1";"62";"62289";"2";"3";"1";"3";"D138";"50,45607156";"1,76067434"
"202400011069";"17";"10";"2024";"09:00";"1";"92";"92040";"2";"1";"8";"7";"CAMILLE DESMOULINS";"48,82970620";"2,26459359"
"202400011070";"2";"06";"2024";"17:15";"1";"62";"62524";"2";"1";"1";"3";"D341";"50,66552094";"1,82888618"
"202400011071";"17";"10";"2024";"18:55";"5";"92";"92024";"2";"1";"3";"7";"JEAN JAURES (BD) DE (1 A 45)   (2 A 54)";"48,89689599";"2,30926216"
"202400011072";"17";"10";"2024";"21:40";"5";"92";"92012";"2";"1";"2";"7";"GENERAL LECLERC (AVENUE DU) 35/FIN - 60/";"48,82901432";"2,22943380"
"202400011073";"29";"05";"2024";"12:50";"1";"59";"59074";"2";"1";"8";"3";"Rue Gambetta";"50,08646600";"3,44398300"
"202400011074";"1";"06";"2024";"18:50";"1";"74";"74225";"2";"1";"1";"6";"Rue Joseph Béard";"45,87048000";"5,94384000"
"202400011075";"17";"10";"2024";"10:10";"1";"92";"92012";"2";"1";"2";"1";"JEAN BAPTISTE CLEMENT (AVENUE) 1/47 - 2/";"48,84677961";"2,23915704"
"202400011076";"30";"05";"2024";"13:35";"1";"71";"71073";"2";"1";"1";"1";"Rue du 8 Mai 1945";"46,91408000";"4,75398000"
"202400011077";"17";"10";"2024";"06:20";"5";"92";"92002";"2";"9";"8";"3";"LEON JOUHAUX (AVENUE)";"48,73474962";"2,30973020"
"202400011078";"17";"10";"2024";"21:20";"5";"37";"37271";"2";"2";"2";"1";"54 Rue de la Galandiére";"47,23139300";"0,49785600"
"202400011079";"31";"05";"2024";"08:50";"1";"71";"71543";"2";"3";"1";"3";"4 Av du Mal de Lattre de Tassigny";"46,55715000";"4,91522000"
"202400011080";"28";"05";"2024";"13:42";"1";"61";"61037";"1";"1";"2";"7";"D7";"48,42578300";"0,48767900"
"202400011081";"16";"10";"2024";"14:10";"1";"35";"35239";"2";"1";"1";"1";"Lieu Dit La Chambre";"47,91121500";" -1,38888000"
"202400011082";"17";"10";"2024";"16:30";"1";"49";"49244";"1";"1";"1";"6";"Marigne (St Florent-le-Vieil)";"47,32752300";" -0,96987300"
"202400011083";"2";"06";"2024";"04:38";"2";"55";"55348";"1";"1";"8";"7";"VOIE COMMUNALE N°4 DE MONTIERS SUR SAULX À COUVERTPUIS";"48,57219900";"5,29202000"
"202400011084";"2";"06";"2024";"03:30";"3";"12";"12208";"2";"1";"1";"7";"Chemin de Julhac";"43,95912696";"2,89654613"
"202400011085";"18";"10";"2024";"09:00";"1";"34";"34148";"2";"3";"2";"3";"65 Avenue de Cazouls";"43,36766500";"3,15567100"
"202400011086";"2";"06";"2024";"15:45";"1";"39";"39397";"2";"1";"2";"3";"4 Route des Lacs";"46,52386200";"5,62065500"
"202400011087";"14";"10";"2024";"19:14";"3";"2A";"2A276";"1";"1";"1";"1";"D155";"41,72976600";"8,80518800"
"202400011088";"17";"10";"2024";"11:05";"1";"26";"26338";"1";"1";"2";"7";"Route de la Batie Rolland";"44,59637500";"4,81983600"
"202400011089";"1";"06";"2024";"14:10";"1";"44";"44069";"1";"1";"1";"4";"Route de Herbignac";"47,35083000";" -2,42230300"
"202400011090";"16";"10";"2024";"09:20";"1";"76";"76503";"1";"1";"1";"6";"A151";"49,52682700";"1,00907600"
"202400011091";"1";"06";"2024";"06:03";"2";"44";"44130";"1";"9";"1";"5";"N/A";"47,12025600";" -1,53152000"
"202400011092";"17";"10";"2024";"19:35";"3";"31";"31163";"1";"1";"3";"5";"Montauriol";"43,58273800";"1,59243800"
"202400011093";"31";"05";"2024";"11:51";"1";"29";"29212";"2";"2";"1";"2";"rue des Myosotis";"48,37287900";" -4,58962400"
"202400011094";"18";"10";"2024";"14:51";"1";"21";"21599";"1";"1";"1";"2";"A31";"47,62158900";"5,17900800"
"202400011095";"31";"05";"2024";"18:42";"1";"29";"29061";"2";"1";"1";"3";"route de l'Echangeur";"48,42938600";" -4,46786300"
"202400011096";"12";"10";"2024";"11:45";"1";"67";"67426";"2";"3";"7";"2";"Route du Hohwald";"48,35178900";"7,28875300"
"202400011097";"17";"10";"2024";"18:25";"2";"46";"46227";"1";"1";"3";"6";"D911";"44,38521900";"1,85653900"
"202400011098";"1";"06";"2024";"19:50";"1";"02";"02141";"1";"4";"2";"3";"30 Rue du General Debeney";"49,97790100";"3,90435200"
"202400011099";"18";"10";"2024";"15:42";"1";"01";"01354";"1";"3";"1";"2";"D35";"46,24813900";"6,04148500"
"202400011100";"1";"06";"2024";"22:00";"3";"02";"02060";"2";"1";"2";"1";"11 Rue de l'Eglise";"49,83756000";"3,10350400"
"202400011101";"16";"10";"2024";"20:40";"3";"19";"19072";"1";"1";"2";"3";"N/A";"45,21049000";"1,51608100"
"202400011102";"2";"06";"2024";"17:45";"1";"03";"03108";"1";"1";"5";"6";"D998";"46,18413900";"2,94161100"
"202400011103";"17";"10";"2024";"19:20";"2";"56";"56039";"1";"1";"1";"1";"Le Marglas";"47,86149200";" -2,92747000"
"202400011104";"31";"05";"2024";"22:50";"3";"01";"01420";"2";"3";"1";"6";"D7";"46,17111600";"4,79893300"
"202400011105";"16";"10";"2024";"09:40";"1";"56";"56010";"2";"6";"2";"3";"Rue du Marechal Leclerc";"47,88208900";" -3,01753600"
"202400011106";"2";"06";"2024";"15:00";"1";"07";"07197";"1";"1";"2";"1";"D578";"45,23095500";"4,67454900"
"202400011107";"2";"06";"2024";"07:45";"1";"27";"27037";"1";"2";"1";"3";"D31";"49,08161000";"0,82959700"
"202400011108";"18";"10";"2024";"17:10";"1";"69";"69214";"2";"3";"1";"5";"Route du Pont Mondet";"45,98089400";"4,32591000"
"202400011109";"2";"06";"2024";"02:20";"3";"38";"38310";"1";"1";"1";"6";"A49";"45,24005000";"5,49627800"
"202400011110";"15";"10";"2024";"19:55";"3";"12";"12077";"1";"1";"2";"1";"D65";"43,93872100";"3,20050800"
"202400011111";"2";"06";"2024";"18:40";"1";"13";"13029";"1";"1";"1";"3";"Route départementale 70 A";"43,55985400";"5,07540500"
"202400011112";"17";"10";"2024";"19:53";"3";"34";"34332";"1";"1";"2";"6";"D612a";"43,31697200";"3,42831700"
"202400011113";"7";"10";"2024";"07:48";"2";"22";"22248";"2";"1";"1";"3";"22 Hent Don";"48,62281200";" -3,08704000"
"202400011114";"1";"06";"2024";"13:40";"1";"21";"21054";"1";"1";"2";"5";"A6";"47,03736000";"4,85709400"
"202400011115";"18";"10";"2024";"00:45";"3";"39";"39470";"1";"1";"2";"6";"N/A";"46,48944700";"6,04073100"
"202400011116";"2";"06";"2024";"05:45";"2";"974";"97403";"2";"1";"1";"1";"D26";" -21,25818900";"55,46447800"
"202400011117";"18";"10";"2024";"08:52";"1";"39";"39191";"1";"3";"3";"1";"rd 1083 pk 56+150  sens POLIGNY LONS LE SAUNIER";"46,83202700";"5,60646100"
"202400011118";"2";"06";"2024";"17:00";"1";"06";"06128";"1";"1";"1";"1";"Route de Vence";"43,71188200";"7,11595400"
"202400011119";"15";"10";"2024";"15:00";"1";"44";"44003";"2";"6";"2";"3";"186 Boulevard de Bad Bruckenau";"47,37347400";" -1,18373400"
"202400011120";"17";"10";"2024";"19:30";"3";"29";"29054";"1";"1";"1";"7";"N/A";"48,40808800";" -3,89918600"
"202400011121";"1";"06";"2024";"02:05";"3";"03";"03298";"1";"6";"3";"1";"N7";"46,30449700";"3,42555100"
"202400011122";"18";"10";"2024";"10:35";"1";"29";"29072";"2";"1";"1";"3";"Rue de la Liberté";"47,79715400";" -4,29054200"
"202400011123";"18";"10";"2024";"07:55";"2";"02";"02468";"1";"1";"5";"7";"Rue de la Ferme de la Tombelle";"49,72472200";"3,78438800"
"202400011124";"1";"06";"2024";"10:00";"1";"07";"07087";"1";"3";"1";"3";"Route de l'Echelette";"44,65198200";"4,26756100"
"202400011125";"18";"10";"2024";"11:00";"1";"15";"15135";"1";"1";"2";"6";"RD 120";"44,99342400";"2,15181800"
"202400011126";"1";"06";"2024";"06:25";"2";"33";"33433";"2";"1";"1";"6";"N/A";"44,91908100";" -0,43584800"
"202400011127";"18";"10";"2024";"07:15";"2";"70";"70044";"1";"1";"1";"6";"D 100, les gressoux";"47,69051900";"6,13499000"
"202400011128";"1";"06";"2024";"23:45";"5";"14";"14663";"2";"1";"1";"7";"23 Rue Saint-Sulpice";"49,28557300";" -0,68156000"
"202400011129";"17";"10";"2024";"19:04";"2";"66";"66149";"1";"1";"8";"7";"chemin de los masos";"42,61883400";"2,44561700"
"202400011130";"1";"06";"2024";"11:30";"1";"29";"29255";"1";"1";"1";"7";"Pouloupry";"48,55412620";" -4,25386694"
"202400011131";"17";"10";"2024";"18:50";"1";"50";"50523";"2";"1";"7";"4";"29 Rue de Baudienville";"49,43091600";" -1,30098900"
"202400011132";"18";"10";"2024";"08:00";"2";"50";"50453";"1";"1";"5";"6";"Rue des Rosiers";"48,84496100";" -1,19922400"
"202400011133";"1";"06";"2024";"23:35";"3";"59";"59419";"2";"1";"1";"6";"41 Route de Saint Amand";"50,52003400";"3,28724600"
"202400011134";"17";"10";"2024";"22:44";"3";"45";"45203";"1";"1";"3";"6";"D3 PR 0 + 654";"47,85213300";"1,72077700"
"202400011135";"1";"06";"2024";"03:50";"3";"91";"91103";"1";"1";"2";"2";"RN 104";"48,62437000";"2,30010000"
"202400011136";"17";"10";"2024";"10:30";"1";"40";"40224";"2";"1";"3";"6";"rue gambetta";"43,54421900";" -1,10539200"
"202400011137";"1";"06";"2024";"03:50";"3";"91";"91103";"1";"1";"2";"2";"RN 104";"48,62437000";"2,30010000"
"202400011138";"18";"10";"2024";"15:50";"1";"17";"17166";"1";"1";"1";"7";"D205";"46,11577300";" -0,87240500"
"202400011139";"1";"06";"2024";"19:20";"1";"92";"92036";"1";"1";"1";"2";"A86";"48,93513721";"2,26665421"
"202400011140";"31";"05";"2024";"19:08";"1";"92";"92063";"1";"1";"8";"6";"A86";"48,89139200";"2,17589725"
"202400011141";"17";"10";"2024";"18:00";"3";"87";"87090";"1";"2";"3";"3";"La Croix de l?Arret";"46,31811800";"1,32226500"
"202400011142";"31";"05";"2024";"17:36";"1";"92";"92019";"1";"1";"8";"3";"A86 INT";"48,77621518";"2,23316898"
"202400011143";"18";"10";"2024";"13:30";"1";"87";"87116";"1";"6";"2";"3";"RN 147";"46,13834800";"1,05621100"
"202400011144";"1";"06";"2024";"17:35";"1";"93";"93078";"1";"1";"2";"3";"A104";"48,96361976";"2,52140428"
"202400011145";"18";"10";"2024";"07:20";"3";"30";"30146";"1";"1";"8";"4";"D6110";"43,97203700";"4,10103500"
"202400011146";"1";"06";"2024";"04:50";"3";"95";"95018";"1";"1";"2";"2";"A15";"48,94970996";"2,28053232"
"202400011147";"17";"10";"2024";"11:15";"1";"987";"98734";"1";"1";"1";"3";"PK34.200";" -17,76101616";" -149,50947046"
"202400011148";"1";"06";"2024";"01:30";"3";"93";"93064";"1";"1";"2";"6";"A103";"48,88670628";"2,47783272"
"202400011149";"17";"10";"2024";"17:20";"1";"19";"19180";"1";"1";"3";"6";"N/A";"45,51284304";"2,22786231"
"202400011150";"1";"06";"2024";"00:25";"3";"95";"95582";"1";"1";"3";"6";"A15";"48,96669962";"2,25550739"
"202400011151";"17";"10";"2024";"09:29";"1";"49";"49030";"1";"1";"8";"7";"A85 PK 30.300";"47,35545500";" -0,07862100"
"202400011152";"16";"10";"2024";"13:20";"1";"78";"78043";"2";"2";"1";"1";"Grille de maintenon";"48,83873900";"2,08668400"
"202400011153";"17";"10";"2024";"17:18";"1";"971";"97103";"1";"1";"1";"3";"Burger King (Restauration rapide)";"16,25448800";" -61,55632700"
"202400011154";"18";"10";"2024";"00:23";"3";"77";"77520";"1";"1";"3";"2";"Autoroute A6 PK 066+800 vers PARIS";"48,31174300";"2,64268400"
"202400011155";"18";"10";"2024";"18:30";"2";"71";"71052";"1";"2";"1";"3";"948 Ancienne Nationale 6";"46,60325200";"4,89447100"
"202400011156";"18";"10";"2024";"14:07";"1";"88";"88131";"1";"1";"1";"1";"rue de la croisette";"48,16817000";"6,65809300"
"202400011157";"18";"10";"2024";"15:35";"1";"81";"81140";"1";"1";"2";"6";"Avenue Pierre Fabre";"43,67740100";"1,88147300"
"202400011158";"16";"10";"2024";"17:00";"1";"31";"31429";"1";"1";"8";"1";"38 Avenue du Lauragais";"43,49232000";"1,52379000"
"202400011159";"17";"10";"2024";"07:15";"3";"17";"17100";"1";"2";"8";"3";"D233e2";"45,73259900";" -0,45200600"
"202400011160";"17";"10";"2024";"17:40";"1";"50";"50041";"1";"1";"1";"1";"D64";"49,59482200";" -1,76884700"
"202400011161";"17";"10";"2024";"17:45";"1";"29";"29057";"1";"1";"1";"3";"Route de Quimper";"47,92878228";" -3,97912496"
"202400011162";"17";"10";"2024";"00:05";"4";"22";"22245";"1";"1";"2";"7";"D767";"48,65318700";" -3,33218900"
"202400011163";"17";"10";"2024";"10:15";"1";"35";"35244";"1";"2";"1";"3";"Le Poteau, intersection RD 175 / RD 18";"48,39087500";" -1,48765500"
"202400011164";"7";"10";"2024";"18:50";"2";"27";"27020";"2";"2";"2";"1";"Rue de Bérengeville";"48,99672300";"1,07491100"
"202400011165";"18";"10";"2024";"15:33";"1";"76";"76057";"2";"2";"1";"6";"Rue du Général Giraud";"49,54532000";"0,95267800"
"202400011166";"17";"10";"2024";"09:05";"1";"59";"59117";"2";"1";"1";"1";"Route Nationale";"50,28531200";"3,15481400"
"202400011167";"17";"10";"2024";"18:00";"1";"13";"13071";"1";"1";"2";"2";"A7-Sens Lyon vers Marseille";"43,41269032";"5,28163860"
"202400011168";"15";"10";"2024";"13:15";"1";"59";"59350";"1";"1";"1";"2";"AUTOROUTE A25";"50,61629200";"3,06654700"
"202400011169";"17";"10";"2024";"00:51";"3";"92";"92048";"1";"1";"2";"3";"N118";"48,81130205";"2,21297347"
"202400011170";"16";"10";"2024";"20:13";"4";"92";"92036";"1";"1";"1";"2";"A86";"48,93540166";"2,26544968"
"202400011171";"16";"10";"2024";"08:10";"1";"92";"92062";"1";"1";"1";"2";"A14";"48,89288335";"2,23389620"
"202400011172";"16";"10";"2024";"11:50";"1";"95";"95582";"1";"1";"1";"2";"A15";"48,96335560";"2,26447223"
"202400011173";"16";"10";"2024";"10:00";"1";"95";"95018";"1";"1";"1";"2";"A15";"48,96078636";"2,26969648"
"202400011174";"15";"10";"2024";"19:45";"3";"95";"95018";"1";"1";"2";"6";"A15";"48,95528809";"2,27796417"
"202400011175";"17";"10";"2024";"08:10";"2";"94";"94052";"1";"1";"2";"3";"A86";"48,83826565";"2,49372861"
"202400011176";"16";"10";"2024";"21:50";"3";"77";"77468";"1";"1";"3";"4";"A4.Y";"48,83251521";"2,65929855"
"202400011177";"16";"10";"2024";"18:49";"1";"94";"94074";"1";"1";"1";"2";"N406";"48,76842391";"2,45091344"
"202400011178";"16";"10";"2024";"08:50";"1";"94";"94004";"1";"1";"1";"5";"N19";"48,75424597";"2,50970006"
"202400011179";"17";"10";"2024";"11:40";"1";"93";"93073";"2";"2";"1";"3";"RAPERIE (RUE DE LA)";"48,97667000";"2,55848000"
"202400011180";"17";"10";"2024";"14:45";"1";"93";"93053";"2";"7";"2";"3";"PARIS (RUE DE)";"48,90159019";"2,45920944"
"202400011181";"17";"10";"2024";"17:45";"1";"93";"93051";"2";"1";"8";"3";"MEDERIC (AVENUE)";"48,82943000";"2,56527000"
"202400011182";"17";"10";"2024";"13:25";"1";"93";"93048";"2";"2";"8";"3";"JEANNE D'ARC (BOULEVARD)";"48,85284000";"2,44478000"
"202400011183";"17";"10";"2024";"01:40";"5";"93";"93006";"2";"4";"3";"3";"CARNOT RUE SADI";"48,87242252";"2,42152738"
"202400011184";"17";"10";"2024";"16:45";"1";"93";"93047";"2";"1";"3";"6";"VICTOR HUGO  (AVENUE)";"48,90159959";"2,56144524"
"202400011185";"10";"08";"2024";"13:00";"1";"38";"38289";"1";"1";"1";"6";"D44c";"45,12627500";"6,04312400"
"202400011186";"30";"07";"2024";"18:20";"1";"38";"38179";"2";"1";"1";"2";"COMBE (AVENUE DE LA )";"45,17338000";"5,78986000"
"202400011187";"16";"07";"2024";"06:20";"2";"38";"38151";"2";"1";"1";"3";"AVENUE VICTOR HUGO";"45,15318000";"5,71132000"
"202400011188";"10";"07";"2024";"19:25";"1";"38";"38185";"1";"1";"1";"6";"RUE ALFRED DE MUSSET";"45,16460000";"5,72487000"
"202400011189";"5";"07";"2024";"17:00";"1";"38";"38185";"2";"7";"1";"7";"RUE FÉLIX POULAT";"45,19029174";"5,72661817"
"202400011190";"30";"06";"2024";"13:54";"1";"38";"38185";"2";"2";"1";"3";"BOULEVARD AGUTTE SEMBAT";"45,18720000";"5,72759000"
"202400011191";"26";"06";"2024";"07:40";"1";"38";"38421";"2";"9";"1";"6";"AVENUE JEAN JAURÈS";"45,17848000";"5,77434000"
"202400011192";"7";"08";"2024";"19:45";"1";"74";"74286";"2";"1";"1";"7";"2335 Porte de la vallée d'abondance";"46,31645100";"6,67521400"
"202400011193";"18";"07";"2024";"10:30";"1";"74";"74276";"1";"1";"1";"5";"Route du praz de lys";"46,14353700";"6,61499300"
"202400011194";"20";"07";"2024";"19:15";"1";"74";"74249";"1";"1";"1";"3";"Route du gavot";"46,36570600";"6,61838300"
"202400011195";"6";"08";"2024";"11:45";"1";"74";"74280";"1";"3";"1";"3";"Route des aravis";"45,89926000";"6,34899300"
"202400011196";"30";"07";"2024";"09:40";"1";"74";"74311";"2";"2";"1";"1";"23 Route de cornillon";"46,15130900";"6,41170000"
"202400011197";"29";"07";"2024";"16:15";"1";"74";"74196";"1";"1";"1";"7";"119";"46,01645200";"6,56110400"
"202400011198";"28";"07";"2024";"09:25";"1";"74";"74257";"1";"3";"1";"3";"Route de Frangy";"46,00936700";"5,97899400"
"202400011199";"3";"08";"2024";"22:30";"3";"74";"74236";"1";"1";"1";"7";"1482 Route des contamines";"45,86322600";"6,72706400"
"202400011200";"3";"08";"2024";"16:52";"1";"74";"74026";"1";"1";"1";"1";"Route de choisy";"45,97995800";"6,05055400"
"202400011201";"6";"08";"2024";"16:40";"1";"74";"74002";"1";"2";"1";"1";"Route d'annecy";"45,82046300";"6,03381200"
"202400011202";"6";"08";"2024";"11:10";"1";"74";"74127";"1";"1";"1";"1";"Route des grandes alpes";"46,35228900";"6,53033100"
"202400011203";"4";"08";"2024";"07:19";"2";"74";"74123";"1";"1";"1";"6";"831 Route des grottes";"45,73057300";"6,30186100"
"202400011204";"1";"08";"2024";"22:30";"5";"74";"74275";"2";"1";"1";"3";"14 Route de l'égalité";"45,84271000";"6,21346700"
"202400011205";"2";"08";"2024";"16:40";"1";"74";"74173";"2";"1";"1";"6";"N/A";"45,84366684";"6,59055519"
"202400011206";"22";"07";"2024";"17:40";"1";"74";"74256";"2";"1";"1";"7";"278 Avenue de geneve";"45,93904100";"6,63034800"
"202400011207";"8";"06";"2024";"12:20";"1";"74";"74308";"2";"1";"1";"3";"Route de Vers les Granges";"46,35637700";"6,60822300"
"202400011208";"2";"06";"2024";"21:30";"2";"74";"74073";"1";"1";"2";"6";"D32";"46,34765300";"6,63288800"
"202400011209";"20";"06";"2024";"18:42";"1";"84";"84031";"1";"1";"1";"2";"MIRABEAU AVENUE";"44,06908000";"5,04286000"
"202400011210";"7";"10";"2024";"20:50";"5";"44";"44162";"2";"1";"1";"7";"155 Boulevard Salvador Allende";"47,21998346";" -1,62557686"
"202400011211";"16";"10";"2024";"06:25";"2";"974";"97416";"2";"2";"1";"3";"FOUR A CHAUX(RUE DU)";" -21,34168600";"55,47243500"
"202400011212";"16";"10";"2024";"15:45";"1";"974";"97411";"2";"1";"1";"6";"TORTUE (RUELLE)";" -20,88013000";"55,44624000"
"202400011213";"16";"10";"2024";"08:45";"1";"974";"97411";"2";"1";"1";"6";"JAURES (BLD 1 JEAN)";" -20,89060000";"55,46565000"
"202400011214";"16";"10";"2024";"07:20";"1";"974";"97411";"2";"1";"1";"6";"BOIS DE NEFLES (ROUTE DE)";" -20,91264000";"55,47457000"
"202400011215";"16";"10";"2024";"12:38";"1";"973";"97302";"2";"1";"1";"6";"MONTABO (ROUTE DE) 2";"4,94468000";" -52,31436000"
"202400011216";"16";"10";"2024";"09:50";"1";"973";"97302";"2";"1";"1";"5";"BADUEL (ROUTE DE)";"4,93167141";" -52,30722213"
"202400011217";"16";"10";"2024";"09:52";"1";"973";"97302";"1";"1";"1";"2";"ROUTE NATIONALE 1";"4,90533000";" -52,32331000"
"202400011218";"17";"03";"2024";"20:45";"3";"38";"38218";"1";"1";"1";"7";"Route du Pilat";"45,33644200";"5,15477700"
"202400011219";"18";"03";"2024";"10:15";"1";"72";"72054";"1";"1";"2";"1";"Route de Saint-calais";"48,00714174";"0,34229803"
"202400011220";"17";"03";"2024";"21:40";"5";"06";"06059";"1";"1";"1";"5";"M6098";"43,71465100";"7,34871100"
"202400011221";"17";"03";"2024";"18:15";"1";"14";"14123";"2";"1";"1";"7";"2 Rue des Lys";"49,23325700";" -0,44211400"
"202400011222";"18";"03";"2024";"13:30";"1";"50";"50087";"1";"1";"1";"1";"Route du Mont Fanu";"49,56038600";" -1,61112800"
"202400011223";"27";"02";"2024";"17:30";"2";"45";"45103";"1";"1";"1";"7";"D31 PR 14 + 594";"48,09697100";"2,58498400"
"202400011224";"18";"03";"2024";"12:30";"1";"07";"07078";"2";"6";"8";"2";"D121";"45,25448300";"4,68786800"
"202400011225";"15";"03";"2024";"10:40";"1";"40";"40110";"2";"1";"1";"6";"place de l'hotel de ville";"43,63993724";" -0,37827403"
"202400011226";"18";"03";"2024";"19:27";"2";"27";"27658";"1";"1";"1";"3";"D840";"49,11324000";"0,91304500"
"202400011227";"15";"03";"2024";"14:10";"1";"17";"17043";"1";"2";"1";"3";"D119e1";"46,06130000";" -0,59488700"
"202400011228";"18";"03";"2024";"08:15";"1";"23";"23008";"2";"1";"1";"6";"Avenue de la République";"45,95461100";"2,16689800"
"202400011229";"17";"03";"2024";"17:10";"1";"87";"87089";"1";"1";"2";"7";"D942";"46,21461500";"1,12000500"
"202400011230";"18";"03";"2024";"07:45";"1";"37";"37234";"1";"1";"1";"1";"D31";"47,19256029";"1,02492481"
"202400011231";"15";"03";"2024";"20:30";"5";"30";"30133";"2";"6";"1";"7";"Avenue Jean Lasserre";"43,52221600";"4,13810700"
"202400011232";"18";"03";"2024";"01:15";"3";"973";"97307";"1";"1";"1";"1";"larivot";"4,90557100";" -52,36650500"
"202400011233";"18";"03";"2024";"11:15";"1";"31";"31187";"2";"1";"1";"6";"Route de Tarbes";"43,53717200";"1,23132700"
"202400011234";"17";"03";"2024";"17:55";"1";"30";"30347";"1";"1";"1";"1";"D56";"43,72715600";"4,25912300"
"202400011235";"17";"03";"2024";"21:20";"5";"978";"97801";"2";"3";"1";"1";"route nationale 7";"18,08768300";" -63,06608900"
"202400011236";"15";"03";"2024";"22:55";"3";"69";"69244";"2";"1";"1";"3";"Boulevard du Valvert";"45,76483400";"4,77252700"
"202400011237";"18";"03";"2024";"07:20";"2";"06";"06018";"2";"3";"1";"3";"Route de Valbonne";"43,63011300";"7,09335700"
"202400011238";"16";"03";"2024";"19:30";"5";"987";"98715";"2";"2";"1";"3";"Quartier Bel Air";" -17,57348559";" -149,61548030"
"202400011239";"18";"03";"2024";"10:55";"1";"38";"38466";"1";"3";"2";"2";"D1090";"45,37505200";"5,96294200"
"202400011240";"17";"03";"2024";"05:50";"2";"13";"13032";"1";"1";"1";"7";"D17";"43,56189100";"5,38152000"
"202400011241";"12";"03";"2024";"08:00";"2";"62";"62323";"1";"1";"1";"6";" A1";"50,29487792";"2,88465076"
"202400011242";"17";"03";"2024";"14:50";"1";"987";"98714";"1";"1";"1";"3";"Anau";" -16,51098000";" -151,72236600"
"202400011243";"17";"03";"2024";"01:00";"4";"987";"98754";"1";"1";"1";"1";"PK 40 fetuna";" -16,83594963";" -151,42303705"
"202400011244";"15";"03";"2024";"18:30";"2";"971";"97117";"2";"1";"1";"3";"departementale 114";"16,32428900";" -61,35406100"
"202400011245";"13";"03";"2024";"15:25";"1";"13";"13087";"1";"1";"1";"3";"D7N";"43,48952900";"5,64172600"
"202400011246";"17";"03";"2024";"21:00";"5";"37";"37281";"2";"1";"8";"1";"les tuileries";"47,40528716";"0,80128446"
"202400011247";"17";"03";"2024";"19:53";"5";"71";"71342";"2";"1";"2";"6";"Rue de Bourgogne";"46,46174100";"4,10528200"