"Num_Acc";"jour";"mois";"an";"hrmn";"lum";"dep";"com";"agg";"int";"atm";"col";"adr";"lat";"long"
"202400011248";"18";"03";"2024";"13:40";"1";"73";"73179";"2";"3";"1";"1";"Rue de leya";"45,59920993";"5,87743789"
"202400011249";"18";"03";"2024";"11:37";"1";"38";"38012";"1";"1";"1";"6";"Route des Moulins";"45,58515900";"5,59620400"
"202400011250";"18";"03";"2024";"17:00";"1";"26";"26377";"1";"1";"1";"7";"D94";"44,30940100";"5,03929100"
"202400011251";"17";"03";"2024";"20:00";"3";"60";"60282";"1";"1";"1";"2";"D44";"49,20902600";"2,45098100"
"202400011252";"17";"03";"2024";"14:35";"1";"13";"13005";"1";"1";"1";"2";"A50 - Sens Aubagne vers Marseille";"43,25649000";"5,52635000"
"202400011253";"17";"03";"2024";"20:23";"3";"42";"42330";"1";"1";"1";"2";"A72";"45,47275000";"4,36298000"
"202400011254";"17";"03";"2024";"14:40";"1";"91";"91136";"1";"1";"1";"6";"AUTOROUTE A10";"48,71080000";"2,28851000"
"202400011255";"17";"03";"2024";"08:05";"1";"91";"91179";"1";"1";"2";"2";"AUTOROUTE A6";"48,56372792";"2,47804387"
"202400011256";"17";"03";"2024";"19:00";"3";"95";"95682";"1";"1";"1";"6";"N104";"49,06773722";"2,38036219"
"202400011257";"17";"03";"2024";"16:50";"1";"93";"93064";"1";"1";"8";"2";"A86";"48,87077944";"2,48219132"
"202400011258";"17";"03";"2024";"13:40";"1";"95";"95582";"1";"1";"2";"6";"A15";"48,97507308";"2,24260437"
"202400011259";"17";"03";"2024";"02:52";"3";"93";"93053";"1";"1";"1";"6";"A86";"48,90248612";"2,46764973"
"202400011260";"16";"03";"2024";"22:20";"3";"93";"93007";"1";"1";"1";"5";"A1";"48,95037545";"2,44884564"
"202400011261";"16";"03";"2024";"16:30";"1";"95";"95018";"1";"1";"1";"2";"A15";"48,96242661";"2,26643738"
"202400011262";"17";"03";"2024";"17:50";"2";"77";"77122";"1";"1";"1";"6";"RN104";"48,65879000";"2,61264000"
"202400011263";"17";"03";"2024";"02:15";"3";"94";"94018";"1";"1";"1";"6";"A4";"48,81803121";"2,41100013"
"202400011264";"16";"03";"2024";"19:10";"3";"92";"92025";"2";"1";"1";"3";"G.PERI 2 A 192   1 A 247 (RUE)";"48,91882598";"2,24044766"
"202400011265";"15";"03";"2024";"20:30";"5";"44";"44109";"2";"2";"1";"1";"138 Route de Vertou";"47,18633987";" -1,52761213"
"202400011266";"16";"03";"2024";"13:30";"1";"974";"97416";"1";"1";"1";"3";"PAVE(RUE)";" -21,34330000";"55,48000000"
"202400011267";"16";"03";"2024";"10:20";"1";"974";"97411";"1";"1";"1";"2";"RAMBAUD (LEOPOLD)";" -20,88565000";"55,47202000"
"202400011268";"4";"07";"2024";"16:20";"1";"44";"44109";"2";"3";"1";"3";"11 Boulevard Général de Gaulle";"47,20703000";" -1,53945000"
"202400011269";"16";"03";"2024";"12:10";"1";"974";"97411";"2";"3";"1";"6";"PARIS (RUE DE)";" -20,88398000";"55,45049000"
"202400011270";"16";"03";"2024";"16:25";"1";"69";"69385";"2";"1";"1";"1";"Rue de Bélissen";"45,75028000";"4,77297000"
"202400011271";"4";"07";"2024";"00:15";"5";"43";"43002";"2";"6";"1";"1";"Avenue de Bonneville";"45,04961672";"3,88756701"
"202400011272";"3";"07";"2024";"22:40";"3";"41";"41269";"2";"1";"1";"6";"QUATRE HUYES (RUE DES)";"47,79681000";"1,05529000"
"202400011273";"16";"03";"2024";"20:58";"5";"2B";"2B120";"2";"1";"1";"2";"11 - RT";"9,44085000";"42,65160000"
"202400011274";"4";"07";"2024";"12:00";"1";"38";"38053";"2";"1";"1";"6";"BERLIOZ (HECTOR)";"45,58675000";"5,27514000"
"202400011275";"4";"07";"2024";"06:45";"1";"37";"37233";"2";"6";"1";"7";"MOULIN (PONT JEAN)";"47,38232221";"0,73052073"
"202400011276";"16";"03";"2024";"13:39";"1";"2B";"2B120";"1";"1";"1";"2";"11 - RT";"42,65176000";"9,44097000"
"202400011277";"4";"07";"2024";"10:40";"1";"36";"36044";"2";"1";"1";"2";"Boulevard de Cluis";"46,80824000";"1,70375000"
"202400011278";"16";"03";"2024";"19:00";"2";"95";"95428";"2";"1";"1";"1";"RACINE (RUE)";"49,00757800";"2,31767500"
"202400011279";"4";"07";"2024";"14:45";"1";"34";"34129";"2";"1";"1";"6";"RAYMOND DUGRAND (AVENUE)";"43,59125700";"3,90820600"
"202400011280";"16";"03";"2024";"15:00";"1";"91";"91477";"2";"3";"1";"1";"SACLAY (ROUTE DE)";"48,71879000";"2,22534000"
"202400011281";"16";"03";"2024";"00:44";"3";"91";"91027";"2";"1";"2";"1";"DENFERT ROCHEREAU (RUE)";"48,71456000";"2,40544000"
"202400011282";"30";"06";"2024";"21:00";"2";"34";"34172";"2";"3";"1";"4";"MOULINS (AVENUE DES";"43,63679000";"3,84483000"
"202400011283";"16";"03";"2024";"21:48";"5";"91";"91589";"2";"4";"1";"1";"BD ARISTIDE BRIAND";"48,68676000";"2,35290000"
"202400011284";"15";"03";"2024";"08:40";"1";"83";"83069";"2";"1";"1";"6";"LOUBES (ROUTE DES)";"43,11620000";"6,09130000"
"202400011285";"4";"07";"2024";"16:20";"1";"34";"34003";"2";"1";"1";"2";"GRACE DE MONACO (RUE)";"43,30885000";"3,47690000"
"202400011286";"16";"03";"2024";"13:55";"1";"78";"78418";"2";"6";"1";"3";"PABLO PICASSO (RUE)";"48,91199000";"2,14640000"
"202400011287";"4";"07";"2024";"13:45";"1";"33";"33063";"2";"1";"1";"3";"N/A";"44,84235000";" -0,57967000"
"202400011288";"16";"03";"2024";"19:30";"5";"77";"77373";"2";"1";"1";"3";"RUE DES PRES SAINT MARTIN";"48,79402300";"2,61135700"
"202400011289";"3";"07";"2024";"19:45";"1";"33";"33281";"2";"6";"1";"6";"N/A";"44,81388000";" -0,71342000"
"202400011290";"3";"07";"2024";"20:15";"1";"33";"33200";"2";"1";"1";"7";"N/A";"44,88100000";" -0,67200000"
"202400011291";"14";"03";"2024";"13:17";"1";"77";"77288";"2";"1";"1";"6";"SAINT LIESNE (RUE)";"48,53959900";"2,66432500"
"202400011292";"4";"07";"2024";"08:20";"1";"31";"31555";"2";"1";"1";"3";"AV DES ETATS UNIS";"43,64787000";"1,42205000"
"202400011293";"16";"03";"2024";"19:51";"5";"77";"77449";"2";"1";"1";"6";"CRS DU DANUBE";"48,85400000";"2,77643000"
"202400011294";"29";"06";"2024";"12:00";"1";"29";"29232";"2";"1";"1";"2";"Avenue de la Liberation";"47,99278400";" -4,08422700"
"202400011295";"15";"03";"2024";"18:05";"1";"77";"77449";"2";"1";"1";"1";"RTE DE PROVINS";"48,84385000";"2,77754000"
"202400011296";"3";"07";"2024";"15:25";"1";"29";"29254";"2";"1";"1";"6";"Allée Saint François";"48,59577021";" -3,84153207"
"202400011297";"16";"03";"2024";"23:58";"5";"77";"77186";"2";"1";"1";"2";"D607";"48,34988900";"2,69600000"
"202400011298";"4";"07";"2024";"07:35";"1";"28";"28134";"1";"1";"1";"2";"RN 12 (LES CHATELETS)";"48,74646000";"1,38678000"
"202400011299";"15";"03";"2024";"19:40";"5";"69";"69256";"2";"2";"2";"3";"Rue Emile Zola";"45,77780000";"4,91842000"
"202400011300";"4";"07";"2024";"08:20";"1";"26";"26362";"2";"9";"1";"3";"Avenue de Provence";"44,91405000";"4,87797000"
"202400011301";"16";"03";"2024";"14:00";"1";"65";"65440";"2";"3";"1";"3";"Rue du Portail d’Avant";"43,23330316";"0,08218414"
"202400011302";"16";"03";"2024";"14:30";"1";"64";"64284";"2";"1";"1";"6";"ROMAIN TRESARIEU";"43,28776000";" -0,38611000"
"202400011303";"4";"07";"2024";"17:15";"1";"25";"25462";"2";"1";"1";"2";"BESANCON (DU 72TER A LA FIN)";"46,91705000";"6,34415000"
"202400011304";"16";"03";"2024";"11:20";"1";"64";"64102";"2";"1";"1";"2";"PONTOTS (GIRATOIRE LES)";"43,48819000";" -1,49156000"
"202400011305";"4";"07";"2024";"10:25";"1";"22";"22113";"2";"1";"1";"7";"GUINGAMP (ROUTE DE)";"48,72506000";" -3,43923000"
"202400011306";"16";"03";"2024";"19:59";"3";"63";"63063";"1";"2";"1";"3";"rue des Mauvaises M2-Bd Jean Moulin";"45,83375000";"3,08674000"
"202400011307";"3";"07";"2024";"18:20";"1";"19";"19031";"2";"5";"1";"3";"LOMBARD (AVENUE JACQUES)";"45,16620000";"1,52050000"
"202400011308";"16";"03";"2024";"10:55";"1";"59";"59598";"2";"1";"1";"1";"Rue des Déportés";"50,66059400";"3,23563800"
"202400011309";"4";"07";"2024";"16:45";"1";"17";"17306";"2";"1";"1";"2";"ROCHEFORT (DE)  (AVENUE)";"45,64879000";" -1,02430000"
"202400011310";"5";"05";"2024";"17:53";"1";"14";"14327";"1";"1";"3";"7";"Route de Colombelles";"49,20745300";" -0,31675000"
"202400011311";"16";"03";"2024";"11:30";"1";"54";"54528";"2";"1";"1";"1";"Boulevard Aristide Briand";"48,67733200";"5,89718400"
"202400011312";"16";"03";"2024";"10:30";"1";"54";"54547";"2";"3";"1";"6";"Avenue Jeanne d'Arc";"48,66064000";"6,18610000"
"202400011313";"16";"03";"2024";"13:05";"1";"49";"49007";"2";"1";"1";"6";"ROI RENE BOULEVARD";"47,46852000";" -0,55846000"
"202400011314";"3";"07";"2024";"15:38";"1";"13";"13212";"2";"3";"1";"3";"BOISERAIE (RUE)";"43,29571000";"5,42277000"
"202400011315";"15";"03";"2024";"17:35";"1";"45";"45232";"2";"3";"1";"1";"D14 PR 5 + 275";"47,85795000";"1,90517000"
"202400011316";"16";"03";"2024";"10:40";"1";"44";"44114";"2";"1";"1";"6";"23 Avenue de la Paquelais";"47,24650467";" -1,60086214"
"202400011317";"4";"07";"2024";"07:45";"1";"13";"13028";"2";"3";"1";"3";"TRAMONTANE (AVENUE DE LA )";"43,20480000";"5,60353000"
"202400011318";"16";"03";"2024";"21:23";"5";"38";"38053";"2";"1";"1";"7";"ITALIE (AVE)";"45,58456000";"5,27863000"
"202400011319";"3";"07";"2024";"15:35";"1";"10";"10333";"2";"6";"1";"3";"CHARLES BALTET (RUE)";"48,28210000";"4,05964000"
"202400011320";"15";"03";"2024";"21:57";"5";"38";"38053";"2";"1";"1";"2";"GENEVIEVE DE GAULLE (RUE)";"45,59696000";"5,23316000"
"202400011321";"4";"07";"2024";"16:45";"1";"06";"06088";"2";"1";"1";"6";"147 Boulevard de l'Ariane";"43,73684000";"7,30624000"
"202400011322";"16";"03";"2024";"21:27";"5";"35";"35238";"2";"2";"1";"2";"DE LATTRE DE TASSIGNY (BD MARECHAL)";"48,11253000";" -1,68733000"
"202400011323";"4";"07";"2024";"17:35";"1";"06";"06069";"1";"1";"1";"3";"251 Route de Pégomas";"43,62538800";"6,92741400"
"202400011324";"16";"03";"2024";"21:50";"5";"33";"33063";"2";"9";"1";"3";"N/A";"44,83502000";" -0,57206000"
"202400011325";"4";"07";"2024";"08:00";"1";"06";"06027";"2";"3";"1";"5";"147 Avenue de Nice";"43,66025000";"7,17413000"
"202400011326";"16";"03";"2024";"11:09";"1";"27";"27229";"2";"3";"1";"6";"RABAIS (RUE DU)";"49,03466000";"1,15543000"
"202400011327";"4";"07";"2024";"08:50";"1";"75";"75117";"2";"1";"1";"2";"PORTE DE SAINT OUEN";"48,90050100";"2,32488900"
"202400011328";"15";"03";"2024";"15:45";"1";"25";"25462";"1";"1";"1";"3";"VOIE COMMUNALE DE L'AVIATION";"46,89981000";"6,32258000"
"202400011329";"4";"07";"2024";"09:20";"1";"75";"75112";"2";"1";"1";"3";"ECHANGEUR BERCY";"48,83027600";"2,40203700"
"202400011330";"16";"03";"2024";"10:15";"1";"22";"22278";"2";"3";"1";"1";"ETABLETTE (DE L')";"48,49985000";" -2,74427000"
"202400011331";"3";"07";"2024";"09:55";"1";"75";"75115";"2";"1";"1";"2";"PORTE DE SEVRES";"48,83058000";"2,28528500"
"202400011332";"16";"03";"2024";"22:10";"5";"13";"13203";"2";"3";"1";"3";"LOUBON (RUE)";"43,31282000";"5,38454000"
"202400011333";"3";"07";"2024";"08:00";"1";"75";"75116";"2";"1";"1";"3";"PORTE DAUPHINE";"48,87199300";"2,27402000"
"202400011334";"16";"03";"2024";"04:45";"5";"13";"13211";"2";"1";"1";"1";"VALBARELLE (BOULEVARD DE LA )";"43,28685517";"5,44545891"
"202400011335";"16";"03";"2024";"16:30";"1";"13";"13047";"2";"1";"1";"7";"RAYMOND FILIPPI AVENUE";"43,49072000";"4,98569000"
"202400011336";"4";"07";"2024";"09:20";"1";"75";"75120";"2";"2";"1";"6";"RUE PELLEPORT";"48,87078200";"2,39922400"
"202400011337";"16";"03";"2024";"21:20";"5";"13";"13001";"2";"1";"1";"3";"MOURET HENRI (AV)";"43,52096000";"5,43563000"
"202400011338";"4";"07";"2024";"16:30";"1";"75";"75117";"2";"3";"1";"3";"BOULEVARD D AURELLE DE PALADINES";"48,88356400";"2,28192400"
"202400011339";"16";"03";"2024";"12:00";"1";"13";"13001";"2";"9";"1";"3";"EUROPE (AV )";"43,52409898";"5,43298745"
"202400011340";"16";"03";"2024";"10:33";"1";"10";"10333";"1";"6";"8";"6";"D610";"48,26858000";"4,05250000"
"202400011341";"4";"07";"2024";"13:00";"1";"75";"75116";"2";"7";"1";"3";"PLACE D IENA";"48,86458200";"2,29370400"
"202400011342";"16";"03";"2024";"04:06";"5";"06";"06088";"2";"1";"1";"6";"Promenade des Anglais";"43,68709000";"7,23837000"
"202400011343";"4";"07";"2024";"09:00";"1";"75";"75116";"2";"2";"1";"6";"RUE SPONTINI";"48,86762000";"2,27702000"
"202400011344";"16";"03";"2024";"12:25";"1";"75";"75118";"2";"3";"1";"6";"AVENUE DE LA PORTE DE MONTMARTRE";"48,90050900";"2,33531000"
"202400011345";"3";"07";"2024";"23:55";"5";"75";"75115";"2";"2";"1";"3";"RUE PLUMET";"48,83921900";"2,30828600"
"202400011346";"15";"03";"2024";"23:10";"5";"75";"75118";"2";"2";"2";"3";"RUE DU MONT CENIS";"48,89122500";"2,34363600"
"202400011347";"4";"07";"2024";"13:30";"1";"75";"75114";"2";"1";"1";"2";"RUE BOYER BARRET";"48,83303600";"2,31755600"
"202400011348";"16";"03";"2024";"18:45";"1";"75";"75117";"2";"3";"1";"6";"BOULEVARD GOUVION SAINT CYR";"48,87818600";"2,28413900"
"202400011349";"3";"07";"2024";"20:35";"1";"75";"75114";"2";"1";"1";"6";"BOULEVARD ARAGO";"48,83451100";"2,33487700"
"202400011350";"16";"03";"2024";"11:15";"1";"75";"75117";"2";"6";"1";"2";"PLACE DE VERDUN";"48,87904900";"2,28048100"
"202400011351";"4";"07";"2024";"16:40";"1";"75";"75113";"2";"1";"1";"6";"AVENUE D ITALIE";"48,83034100";"2,35598500"
"202400011352";"4";"07";"2024";"08:05";"1";"75";"75112";"2";"3";"1";"2";"RUE DE CHARENTON";"48,84205000";"2,38645000"
"202400011353";"16";"03";"2024";"03:50";"5";"75";"75116";"2";"2";"2";"3";"BOULEVARD SUCHET";"48,85736400";"2,26472000"
"202400011354";"4";"07";"2024";"19:00";"1";"75";"75110";"2";"1";"1";"6";"BOULEVARD DE MAGENTA";"48,88278700";"2,35026300"
"202400011355";"16";"03";"2024";"01:30";"5";"75";"75116";"2";"2";"1";"3";"RUE GALILEE";"48,86784200";"2,29187900"
"202400011356";"4";"07";"2024";"09:25";"1";"75";"75110";"2";"3";"1";"6";"RUE DU FAUBOURG SAINT MARTIN";"48,87783900";"2,36159400"
"202400011357";"15";"03";"2024";"09:45";"1";"75";"75114";"2";"3";"1";"7";"RUE JULIA BARTET";"48,82546700";"2,30231500"
"202400011358";"4";"07";"2024";"16:15";"1";"75";"75108";"2";"7";"1";"3";"PLACE DE L ALMA";"48,86473123";"2,30134338"
"202400011359";"16";"03";"2024";"02:30";"5";"75";"75112";"2";"3";"1";"2";"RUE DE CHARENTON";"48,84646300";"2,37884700"
"202400011360";"15";"03";"2024";"23:30";"5";"75";"75109";"2";"1";"1";"7";"RUE NOTRE DAME DE LORETTE";"48,87961100";"2,33609200"
"202400011361";"16";"03";"2024";"15:41";"1";"75";"75108";"2";"3";"1";"6";"AVENUE WINSTON CHURCHILL";"48,86609800";"2,31382500"
"202400011362";"3";"07";"2024";"22:20";"5";"75";"75107";"2";"1";"1";"3";"PONT D IENA";"48,85975755";"2,29228556"
"202400011363";"16";"03";"2024";"18:00";"1";"75";"75107";"2";"1";"1";"1";"QUAI BRANLY";"48,86218500";"2,30052200"
"202400011364";"4";"07";"2024";"09:10";"1";"75";"75104";"2";"3";"1";"6";"RUE SAINT ANTOINE";"48,85429200";"2,36371200"
"202400011365";"16";"03";"2024";"14:30";"1";"75";"75102";"2";"3";"1";"7";"RUE DE LA BANQUE";"48,86605000";"2,33991500"
"202400011366";"4";"07";"2024";"08:03";"1";"94";"94081";"2";"3";"1";"3";"Route de Fontainebleau";"48,77405628";"2,36785343"
"202400011367";"16";"03";"2024";"19:00";"2";"94";"94016";"2";"1";"1";"3";"Avenue Pasteur";"48,78722000";"2,32145000"
"202400011368";"4";"07";"2024";"12:20";"1";"94";"94078";"2";"1";"1";"2";"Rue de Paris";"48,73182000";"2,44680000"
"202400011369";"16";"03";"2024";"17:20";"1";"94";"94022";"2";"9";"1";"3";"Avenue de Lugo / Quai Jules Guesde";"48,77347000";"2,40947000"
"202400011370";"15";"03";"2024";"22:15";"5";"94";"94004";"2";"3";"2";"6";"Rue de Brévannes / Rue Louise Chenu";"48,74903215";"2,50732242"
"202400011371";"4";"07";"2024";"06:38";"1";"94";"94068";"2";"9";"1";"3";"Avenue du Bac";"48,79571000";"2,50863000"
"202400011372";"16";"03";"2024";"09:45";"1";"95";"95527";"2";"4";"1";"3";"NOYER AU CHAT (ROUTE DU)";"49,00463577";"2,54807711"
"202400011373";"4";"07";"2024";"08:50";"1";"94";"94018";"2";"1";"1";"1";"Avenue de la Liberte";"48,82606000";"2,40705000"
"202400011374";"16";"03";"2024";"06:00";"3";"77";"77291";"1";"1";"2";"2";"CHAPIT RE ( RUE DU)";"49,00492950";"2,58935165"
"202400011375";"3";"07";"2024";"11:25";"1";"93";"93078";"2";"2";"8";"3";"Avenue Georges Clémenceau / Avenue Charles de Gaulle";"48,95812000";"2,55830000"
"202400011376";"16";"03";"2024";"12:19";"1";"93";"93014";"2";"9";"1";"3";"Allée Maurice Audin / Chemin des Postes";"48,90821000";"2,53426000"
"202400011377";"3";"07";"2024";"20:25";"1";"93";"93072";"2";"3";"1";"6";"Avenue de Stalingrad / Rue Pasteur";"48,95880000";"2,39783000"
"202400011378";"16";"03";"2024";"11:15";"1";"92";"92026";"2";"3";"1";"2";"MARECHAL JOFFRE (QUAI DU)";"48,89980784";"2,27265644"
"202400011379";"4";"07";"2024";"11:00";"1";"93";"93070";"2";"1";"1";"2";"DOCTEUR BAUER(RUE DU) :N° 1 AU 73";"48,91155282";"2,33666539"
"202400011380";"15";"03";"2024";"18:15";"1";"92";"92025";"2";"9";"1";"1";"GABRIEL PERI (RUE)";"48,91824147";"2,23893706"
"202400011381";"4";"07";"2024";"13:10";"1";"93";"93039";"2";"9";"1";"6";"MECHIN";"48,93577800";"2,33927900"
"202400011382";"16";"03";"2024";"05:21";"5";"92";"92024";"2";"1";"1";"2";"CLICHY (QUAI DE) DE (104 A 202)";"48,91010201";"2,30344605"
"202400011383";"4";"07";"2024";"17:52";"1";"93";"93074";"2";"5";"1";"3";"ROBERT SCHUMANN BOULEVARD";"48,93344000";"2,56097000"
"202400011384";"17";"03";"2024";"02:26";"4";"76";"76279";"2";"9";"9";"6";"2034 Voie Romaine";"49,61500600";"0,59264500"
"202400011385";"4";"07";"2024";"21:30";"2";"93";"93029";"2";"1";"1";"6";"Rue d'Alsace Lorraine";"48,92990000";"2,44161000"
"202400011386";"15";"03";"2024";"15:45";"1";"37";"37153";"1";"1";"1";"2";"141 Lieu Dit la Coulonniere";"47,47928661";"0,76255068"
"202400011387";"16";"03";"2024";"13:30";"1";"2A";"2A203";"1";"1";"1";"7";"RD81";"42,29646100";"8,67705300"
"202400011388";"15";"03";"2024";"15:10";"1";"95";"95452";"2";"8";"1";"7";"D78";"49,13253935";"2,28162232"
"202400011389";"4";"07";"2024";"15:25";"1";"93";"93014";"2";"5";"1";"6";"MONTFERMEIL (ALLEE DE)";"48,89707200";"2,53164700"
"202400011390";"16";"03";"2024";"09:50";"1";"31";"31547";"1";"2";"1";"3";"Intersection D12-D50";"43,50427800";"1,24818700"
"202400011391";"4";"07";"2024";"08:45";"1";"92";"92078";"2";"2";"1";"3";"GALLIENI (BD) (1 A 79 ET 22 A 102)";"48,92804930";"2,33124179"
"202400011392";"4";"07";"2024";"12:12";"1";"92";"92073";"2";"3";"1";"1";"JAURES (AVENUE JEAN)";"48,86220208";"2,21126965"
"202400011393";"16";"03";"2024";"14:45";"1";"972";"97225";"1";"1";"1";"1";"Route Nationale N°2";"14,75896800";" -61,16243400"
"202400011394";"16";"03";"2024";"16:05";"1";"23";"23101";"1";"1";"1";"3";"Le Breuil";"46,28945300";"1,92547700"
"202400011395";"4";"07";"2024";"08:00";"1";"92";"92063";"2";"2";"7";"6";"DANTON (RUE)";"48,87867295";"2,18652114"
"202400011396";"17";"03";"2024";"09:30";"1";"21";"21177";"1";"1";"1";"6";"A6 - PK246+200";"47,36760000";"4,40850500"
"202400011397";"2";"07";"2024";"23:17";"5";"92";"92050";"1";"1";"1";"4";"PREMIER MAI RUE DU";"48,91545060";"2,21998358"
"202400011398";"16";"03";"2024";"19:20";"3";"71";"71333";"1";"1";"8";"1";"Route de Saint-germain-du-bois";"46,77448120";"4,96222310"
"202400011399";"2";"07";"2024";"13:30";"1";"92";"92050";"2";"9";"1";"3";"GUILLERAIES AVENUE DES";"48,89434630";"2,18481839"
"202400011400";"17";"03";"2024";"07:00";"2";"76";"76615";"1";"1";"2";"6";"route de la garenne";"49,59659500";"0,20165900"
"202400011401";"4";"07";"2024";"13:15";"1";"92";"92049";"2";"1";"1";"6";"BROSSOLETTE AVENUE PIERRE";"48,82194000";"2,31372000"
"202400011402";"17";"03";"2024";"12:30";"1";"79";"79213";"2";"6";"1";"3";"N/A";"46,63593000";" -0,24598000"
"202400011403";"4";"07";"2024";"11:45";"1";"92";"92024";"2";"1";"1";"3";"PIERRE BEREGOVOY (RUE)";"48,90284273";"2,29689693"
"202400011404";"16";"03";"2024";"15:10";"1";"2B";"2B043";"1";"1";"1";"6";"RD 80";"42,78116500";"9,48006400"
"202400011405";"3";"07";"2024";"16:40";"1";"974";"97415";"1";"1";"1";"3";"N1";" -21,00916200";"55,27719600"
"202400011406";"17";"03";"2024";"02:00";"3";"65";"65075";"1";"1";"1";"6";"D929";"42,85607700";"0,34263600"
"202400011407";"4";"07";"2024";"11:30";"1";"974";"97415";"2";"1";"2";"7";"Chemin Ligne Chereau";" -21,02671000";"55,29149100"
"202400011408";"16";"03";"2024";"15:10";"1";"65";"65448";"1";"1";"1";"7";"D 39";"43,28377400";"0,36242000"
"202400011409";"16";"03";"2024";"13:15";"1";"69";"69018";"1";"1";"1";"1";"Rue des Écharmeaux";"46,16366917";"4,56964926"
"202400011410";"3";"07";"2024";"22:15";"3";"12";"12140";"1";"1";"1";"6";"D911";"44,38551100";"1,89797400"
"202400011411";"17";"03";"2024";"15:40";"1";"81";"81309";"1";"4";"1";"3";"Route du Dolmen";"44,09009650";"1,80590170"
"202400011412";"5";"07";"2024";"15:35";"1";"47";"47015";"1";"1";"1";"1";"518 route de l'ourtiguet";"44,05504800";"0,64706700"
"202400011413";"17";"03";"2024";"14:15";"1";"11";"11129";"2";"9";"1";"6";"137 Avenue de Carcassonne";"42,93632600";"2,23120100"
"202400011414";"14";"03";"2024";"11:40";"1";"11";"11263";"1";"1";"1";"3";"route départementale 117";"42,88748100";"2,12765700"
"202400011415";"12";"06";"2024";"18:58";"1";"01";"01244";"1";"6";"1";"5";"D1084";"45,90583600";"5,21536000"
"202400011416";"16";"03";"2024";"18:25";"1";"71";"71248";"1";"1";"1";"6";"D975";"46,55814700";"4,92692940"
"202400011417";"4";"07";"2024";"19:00";"1";"26";"26140";"1";"1";"1";"1";"Les Fayolles";"45,10308500";"5,09658300"
"202400011418";"16";"03";"2024";"20:10";"3";"63";"63036";"1";"1";"1";"7";"D717";"45,51431700";"3,20530400"
"202400011419";"16";"03";"2024";"11:50";"1";"63";"63178";"2";"1";"1";"7";"13 Boulevard du Mont Mouchet";"45,53651100";"3,24735800"
"202400011420";"5";"07";"2024";"11:55";"1";"52";"52114";"1";"1";"1";"7";"D6";"48,05169300";"4,90093200"
"202400011421";"17";"03";"2024";"16:05";"1";"55";"55463";"1";"1";"2";"7";"D119";"48,89114300";"5,61463100"
"202400011422";"5";"07";"2024";"15:50";"1";"95";"95452";"1";"1";"1";"6";"D85";"49,12282922";"2,30447378"
"202400011423";"16";"03";"2024";"20:55";"3";"12";"12056";"1";"1";"1";"6";"Route Nationale RN 88";"44,28951400";"2,46222500"
"202400011424";"5";"07";"2024";"07:30";"1";"95";"95487";"2";"6";"1";"6";"D4";"49,15748852";"2,26370736"
"202400011425";"16";"03";"2024";"21:15";"4";"47";"47252";"2";"1";"1";"6";"Av Gaston Carrere";"44,39936400";"0,60322900"
"202400011426";"24";"06";"2024";"13:00";"1";"84";"84069";"1";"1";"1";"6";"CD 974";"44,15733200";"5,14722300"
"202400011427";"17";"03";"2024";"12:30";"1";"01";"01304";"2";"1";"1";"4";"Rue Philibert-le-beau";"46,05677900";"5,34106700"
"202400011428";"4";"07";"2024";"03:15";"3";"31";"31228";"2";"1";"1";"6";"1549 Avenue des Platanes";"43,68527600";"1,59548500"
"202400011429";"17";"03";"2024";"05:00";"2";"01";"01196";"1";"1";"1";"6";"Route de Foissiat";"46,35132700";"5,13867300"
"202400011430";"24";"06";"2024";"09:00";"1";"13";"13078";"1";"1";"1";"3";"Départemental 35";"43,42787500";"4,76340900"
"202400011431";"16";"03";"2024";"10:30";"1";"66";"66003";"2";"2";"7";"6";"Quai Georges Bosch";"42,47478000";"2,66452300"
"202400011432";"5";"07";"2024";"00:26";"3";"83";"83073";"1";"1";"1";"6";"autoroute A8 sens aix6 Nice pk 093.500";"43,40345965";"6,30113870"
"202400011433";"5";"07";"2024";"08:00";"1";"974";"97412";"2";"1";"1";"6";"Rue Paul Demange";" -21,37850800";"55,62090900"
"202400011434";"16";"03";"2024";"18:35";"2";"18";"18065";"1";"1";"1";"7";"N/A";"46,82051700";"2,12969500"
"202400011435";"3";"07";"2024";"19:30";"3";"972";"97221";"1";"1";"1";"7";"1426f Habitation Ferral";"14,54126300";" -60,95186400"
"202400011436";"17";"03";"2024";"09:55";"1";"07";"07056";"1";"3";"1";"1";"les Rotisses";"45,33859100";"4,73108400"
"202400011437";"5";"07";"2024";"01:20";"3";"35";"35085";"1";"1";"1";"6";"les fresches";"48,42421000";" -1,75550600"
"202400011438";"16";"03";"2024";"03:00";"3";"21";"21445";"1";"1";"1";"6";"D26";"47,31949400";"4,32048100"
"202400011439";"3";"07";"2024";"12:50";"1";"46";"46091";"1";"1";"1";"1";"D22";"44,36729000";"1,62886300"
"202400011440";"16";"03";"2024";"18:40";"2";"27";"27039";"2";"1";"1";"1";"142 Rue du Village";"49,37797200";"0,85619900"
"202400011441";"16";"03";"2024";"14:20";"1";"27";"27192";"2";"2";"1";"3";"Rue du Loup Pendu";"49,16101100";"0,93259100"