"Num_Acc";"jour";"mois";"an";"hrmn";"lum";"dep";"com";"agg";"int";"atm";"col";"adr";"lat";"long"
"202400011442";"4";"07";"2024";"17:20";"1";"14";"14061";"2";"2";"1";"3";"4 Route de Beaumesnil";"48,91625547";" -0,90971392"
"202400011443";"16";"03";"2024";"20:40";"5";"27";"27011";"2";"1";"2";"1";"Rue de la République";"49,20415800";"0,93467500"
"202400011444";"15";"03";"2024";"21:30";"5";"30";"30341";"2";"2";"1";"3";"Rue des Capitaines";"43,69169200";"4,27493200"
"202400011445";"5";"07";"2024";"15:11";"1";"974";"97410";"1";"1";"1";"5";"Route Nationale 2";" -21,01334644";"55,69054811"
"202400011446";"30";"06";"2024";"01:20";"4";"26";"26325";"2";"6";"1";"3";"Avenue de Lyon";"45,29790408";"4,81155038"
"202400011447";"16";"03";"2024";"05:50";"3";"21";"21423";"1";"1";"1";"2";"A6, PK 307+700, sens PARIS / LYON";"46,99215400";"4,85476200"
"202400011448";"4";"07";"2024";"22:40";"3";"65";"65301";"1";"1";"1";"7";"D632";"43,29770200";"0,20632600"
"202400011449";"17";"03";"2024";"07:00";"1";"973";"97311";"2";"1";"1";"6";"Rue Joseph Symphorien";"5,49457200";" -54,03076700"
"202400011450";"4";"07";"2024";"18:20";"1";"72";"72155";"2";"1";"1";"6";"place saint martin";"47,87815800";"0,22709500"
"202400011451";"17";"03";"2024";"04:29";"3";"977";"97701";"1";"1";"1";"6";"route de Lorient D209 après lieu dit coupe gorge";"17,92000000";" -62,85000000"
"202400011452";"16";"03";"2024";"21:45";"3";"37";"37253";"1";"1";"1";"6";"D58";"47,28595982";"0,98894861"
"202400011453";"28";"06";"2024";"20:50";"1";"62";"62279";"2";"6";"1";"7";"D939";"50,30279244";"2,72572746"
"202400011454";"16";"03";"2024";"15:30";"1";"66";"66037";"1";"1";"1";"3";"CHEMIN DES TERRES ROUSSES";"42,70716816";"2,98094400"
"202400011455";"5";"07";"2024";"15:50";"1";"83";"83018";"1";"1";"1";"1";"route départementale 15";"43,33968500";"6,15786900"
"202400011456";"16";"03";"2024";"06:27";"3";"34";"34157";"1";"1";"1";"2";"Route de Marseillan";"43,42724400";"3,55882100"
"202400011457";"4";"07";"2024";"18:15";"1";"59";"59454";"1";"3";"1";"3";"Route de Saint Omer";"50,78960400";"2,48134100"
"202400011458";"16";"03";"2024";"11:15";"1";"05";"05166";"1";"1";"1";"2";"""Les chambons""";"44,43668700";"5,71308900"
"202400011459";"4";"07";"2024";"12:40";"1";"67";"67463";"1";"1";"1";"7";"D752";"48,91350000";"8,10794800"
"202400011460";"5";"07";"2024";"19:50";"1";"11";"11422";"1";"1";"1";"7";"D201";"43,23414300";"2,41692800"
"202400011461";"17";"03";"2024";"14:25";"1";"13";"13097";"1";"1";"1";"7";"N568";"43,56134000";"4,79741900"
"202400011462";"5";"07";"2024";"04:45";"3";"89";"89439";"1";"1";"1";"6";"D43";"47,96538400";"3,67723900"
"202400011463";"16";"03";"2024";"10:55";"1";"70";"70279";"1";"3";"1";"1";"D67";"47,42484200";"5,61328410"
"202400011464";"4";"07";"2024";"15:10";"1";"61";"61214";"2";"1";"1";"1";"Voie Communale";"48,76069700";"0,63852600"
"202400011465";"26";"06";"2024";"12:45";"1";"34";"34224";"1";"3";"1";"3";"Intersection D909 et D33";"43,45175100";"3,20903800"
"202400011466";"17";"03";"2024";"18:30";"3";"68";"68063";"1";"1";"1";"7";"D83";"47,78304300";"7,16801000"
"202400011467";"27";"06";"2024";"05:10";"2";"68";"68349";"1";"3";"1";"1";"D105";"47,59645500";"7,56479500"
"202400011468";"17";"03";"2024";"11:00";"1";"68";"68012";"2";"3";"2";"3";"40 Route de Thann";"47,77647100";"7,13379000"
"202400011469";"23";"06";"2024";"10:30";"1";"39";"39392";"1";"1";"1";"7";"VC entre Brans et Offlanges";"47,21814700";"5,55713500"
"202400011470";"16";"03";"2024";"03:30";"3";"57";"57159";"1";"1";"2";"1";"D19";"49,05689700";"6,56876200"
"202400011471";"5";"07";"2024";"10:25";"1";"44";"44099";"2";"2";"1";"3";"N/A";"47,61972300";" -1,37838700"
"202400011472";"16";"03";"2024";"14:50";"1";"42";"42094";"2";"1";"1";"4";"Route de Boen";"45,73990000";"4,19186400"
"202400011473";"5";"07";"2024";"11:00";"1";"31";"31232";"1";"3";"1";"6";"3878 Route de Larra";"43,74889000";"1,24960900"
"202400011474";"16";"03";"2024";"07:15";"1";"13";"13202";"1";"1";"1";"1";"TVPCM-Sens Saint Victor vers Les Ports";"43,29955000";"5,37102000"
"202400011475";"4";"07";"2024";"21:45";"2";"84";"84017";"1";"1";"1";"6";"D19 route de la madeleine";"44,12019500";"5,23336600"
"202400011476";"15";"03";"2024";"23:30";"5";"33";"33143";"1";"1";"1";"6";"N/A";"44,97772000";" -0,43184000"
"202400011477";"4";"07";"2024";"18:45";"1";"03";"03144";"1";"1";"1";"7";"D15";"46,39409800";"3,76384500"
"202400011478";"16";"03";"2024";"14:50";"1";"91";"91286";"1";"1";"1";"2";"AUTOROUTE A6";"48,65415000";"2,38058000"
"202400011479";"4";"07";"2024";"17:35";"1";"03";"03099";"1";"1";"1";"3";"Le puy de laraud";"46,39199200";"3,04061700"
"202400011480";"4";"07";"2024";"18:05";"1";"01";"01124";"2";"1";"1";"7";"D996";"46,45188600";"5,23384800"
"202400011481";"16";"03";"2024";"06:37";"2";"91";"91161";"1";"1";"8";"3";"AUTOROUTE A6";"48,69858300";"2,31349900"
"202400011482";"28";"06";"2024";"13:05";"1";"26";"26114";"2";"1";"1";"3";"Route de Nyons";"44,51795200";"5,07988900"
"202400011483";"16";"03";"2024";"15:45";"1";"78";"78423";"1";"1";"1";"2";"A12 W";"48,78413100";"2,03430200"
"202400011484";"1";"06";"2024";"16:30";"1";"72";"72126";"1";"2";"1";"3";"Intersection D21 / C3";"48,02942000";" -0,09871100"
"202400011485";"16";"03";"2024";"02:20";"3";"95";"95241";"1";"1";"2";"2";"N104";"49,04733495";"2,43640924"
"202400011486";"16";"03";"2024";"00:40";"3";"93";"93027";"1";"1";"2";"6";"A16";"48,92644303";"2,40293928"
"202400011487";"5";"07";"2024";"06:50";"1";"90";"90081";"1";"2";"1";"1";"D463";"47,52470700";"7,10932400"
"202400011488";"5";"07";"2024";"07:50";"1";"09";"09140";"1";"1";"1";"6";"Route de l?Aude";"42,74234800";"1,83516700"
"202400011489";"15";"03";"2024";"16:30";"1";"92";"92078";"1";"1";"1";"4";"AUTOROUTE A86";"48,93631371";"2,31904047"
"202400011490";"15";"03";"2024";"07:30";"1";"93";"93078";"1";"1";"1";"6";"A104";"48,95809287";"2,53061231"
"202400011491";"5";"07";"2024";"11:25";"1";"45";"45233";"1";"1";"1";"1";"5 Rue de la Vallée de Foussereau";"48,20128700";"2,41504500"
"202400011492";"4";"07";"2024";"13:30";"1";"64";"64065";"2";"1";"1";"4";"D918";"43,35383969";" -1,62069261"
"202400011493";"5";"07";"2024";"14:40";"1";"10";"10126";"1";"1";"1";"7";"D619";"48,26815500";"4,61174700"
"202400011494";"16";"03";"2024";"15:30";"1";"77";"77373";"1";"1";"1";"4";"RN104";"48,77496007";"2,61237869"
"202400011495";"3";"07";"2024";"17:45";"1";"40";"40044";"1";"1";"1";"1";"Rd 817";"43,54837500";" -1,32568300"
"202400011496";"15";"03";"2024";"20:15";"3";"974";"97416";"1";"1";"1";"6";"BADAMIER(CHEMIN)";" -21,32159000";"55,45795000"
"202400011497";"5";"07";"2024";"08:30";"1";"85";"85265";"1";"1";"7";"7";"D15 PK 10+700";"46,40183800";" -0,72293000"
"202400011498";"4";"07";"2024";"17:25";"1";"85";"85039";"1";"1";"1";"3";"6 rue beauregard";"46,99232000";" -1,15247000"
"202400011499";"15";"03";"2024";"13:54";"1";"973";"97302";"2";"1";"1";"3";"MONTABO (ROUTE DE) 2";"4,93907000";" -52,30055000"
"202400011500";"5";"07";"2024";"15:09";"1";"87";"87126";"2";"1";"1";"6";"7 Rue Charles de Gaulle";"45,82062600";"0,82572600"
"202400011501";"15";"03";"2024";"19:30";"5";"69";"69383";"2";"1";"1";"3";"Avenue Lacassagne";"45,75275906";"4,86970556"
"202400011502";"4";"07";"2024";"18:15";"1";"37";"37084";"1";"3";"1";"3";"Les Maisons Neuves";"47,57400000";"0,35601000"
"202400011503";"15";"03";"2024";"18:50";"5";"69";"69383";"2";"1";"1";"3";"Rue du Dauphiné";"45,75473000";"4,87468000"
"202400011504";"5";"07";"2024";"18:50";"1";"48";"48016";"1";"1";"1";"1";"D986";"44,47213400";"3,45431000"
"202400011505";"15";"03";"2024";"13:20";"1";"69";"69388";"2";"1";"1";"3";"Rue Professeur Joseph Nicolas";"45,73416000";"4,88252000"
"202400011506";"5";"07";"2024";"08:55";"1";"987";"98734";"1";"1";"1";"3";"PK 38,300 CÔTÉ MONTAGNE";" -17,75500818";" -149,52140808"
"202400011507";"15";"03";"2024";"09:30";"1";"972";"97213";"1";"1";"1";"1";"CHEMIN DU BAC";"14,59405000";" -60,98238000"
"202400011508";"3";"07";"2024";"09:45";"1";"06";"06084";"2";"3";"1";"1";"210 Route de Pégomas";"43,61802200";"6,96956400"
"202400011509";"4";"07";"2024";"17:57";"1";"33";"33122";"2";"9";"1";"3";"N/A";"44,73467600";" -0,77644600"
"202400011510";"14";"03";"2024";"21:25";"3";"972";"97209";"2";"1";"1";"1";"VICTOR LAMON (AVENUE)";"14,60205883";" -61,05694781"
"202400011511";"5";"07";"2024";"17:45";"1";"06";"06085";"2";"1";"1";"3";"99a Avenue de Pibonson";"43,59843000";"6,98482600"
"202400011512";"15";"03";"2024";"11:10";"1";"69";"69384";"2";"1";"1";"3";"88 Boulevard de la Croix-Rousse";"45,77387000";"4,82545000"
"202400011513";"5";"07";"2024";"03:30";"5";"987";"98735";"1";"1";"1";"1";"RDO";" -17,56988200";" -149,60589400"
"202400011514";"13";"03";"2024";"15:45";"1";"69";"69149";"2";"1";"1";"6";"1 Rue du 8 Mai 1945";"45,70047000";"4,82644000"
"202400011515";"5";"07";"2024";"03:47";"5";"06";"06155";"1";"1";"1";"4";"PV Nord PK 171.48";"43,60451000";"7,06630600"
"202400011516";"15";"03";"2024";"18:25";"5";"971";"97101";"2";"3";"1";"3";"BOISSARD";"16,24249000";" -61,53012000"
"202400011517";"5";"07";"2024";"08:00";"2";"36";"36243";"1";"1";"1";"3";"Intersection D64-D17";"47,00577993";"1,34072601"
"202400011518";"14";"03";"2024";"08:00";"1";"971";"97101";"1";"1";"1";"2";"RN11";"16,26374000";" -61,51124000"
"202400011519";"5";"07";"2024";"07:05";"1";"17";"17434";"1";"1";"1";"3";"D911bis";"46,09466200";" -0,75136200"
"202400011520";"9";"03";"2024";"08:10";"1";"971";"97120";"2";"1";"3";"7";"CHEMIN NEUF";"16,23468000";" -61,53214000"
"202400011521";"5";"07";"2024";"12:30";"1";"988";"98821";"1";"1";"2";"1";"RT1 - Tontouta";" -22,00220000";"166,21631000"
"202400011522";"15";"03";"2024";"21:25";"5";"95";"95582";"2";"1";"3";"6";"D14";"48,97151640";"2,25814760"
"202400011523";"21";"06";"2024";"07:10";"1";"976";"97608";"2";"1";"1";"3";"Boulevard des Crabes";" -12,78392500";"45,25833400"
"202400011524";"14";"03";"2024";"12:30";"1";"95";"95203";"2";"1";"1";"6";"REPUBLIQUE (BOULEVARD DE LA)";"48,98512939";"2,28112757"
"202400011525";"5";"07";"2024";"14:45";"1";"974";"97423";"2";"1";"1";"3";"N1a";" -21,12289100";"55,26351300"
"202400011526";"15";"03";"2024";"19:50";"5";"95";"95598";"2";"1";"2";"6";"DESCARTES (AVENUE)";"48,98112064";"2,29389757"
"202400011527";"5";"07";"2024";"10:00";"1";"974";"97418";"1";"1";"7";"7";"D51";" -20,92047700";"55,56998500"
"202400011528";"5";"07";"2024";"14:45";"1";"973";"97311";"2";"1";"1";"1";"Avenue Gaston Monnerville";"5,49298600";" -54,01823000"
"202400011529";"14";"03";"2024";"20:15";"5";"91";"91201";"2";"4";"1";"4";"AV DU GENERAL DE GAULLE";"48,68644000";"2,40442000"
"202400011530";"3";"07";"2024";"19:00";"3";"971";"97115";"1";"6";"1";"2";"Jaula";"16,27504917";" -61,65933967"
"202400011531";"14";"03";"2024";"18:10";"1";"88";"88160";"2";"2";"1";"3";"OLIMA (RUE D')";"48,17648000";"6,43390000"
"202400011532";"30";"06";"2024";"18:45";"2";"971";"97107";"2";"1";"1";"5";"RN1 Section Sainte Marie Four à Chaux";"16,10518500";" -61,56520500"
"202400011533";"14";"03";"2024";"18:47";"2";"88";"88160";"2";"1";"1";"3";"POISSOMPRE (FG DE)";"48,18160000";"6,46890000"
"202400011534";"3";"07";"2024";"19:09";"1";"77";"77183";"2";"2";"1";"3";"Boulevard de Turenne";"48,94809400";"3,12967100"
"202400011535";"27";"02";"2024";"15:05";"1";"85";"85191";"2";"1";"1";"7";"D160";"46,67037500";" -1,45917160"
"202400011536";"15";"03";"2024";"15:28";"1";"84";"84031";"2";"3";"1";"3";"KENNEDY AVENUE JOHN .F.";"44,03985000";"5,03223000"
"202400011537";"5";"07";"2024";"07:10";"1";"2B";"2B047";"2";"3";"7";"3";"PK 57.200";"42,33331200";"9,00707800"
"202400011538";"14";"03";"2024";"19:20";"1";"84";"84007";"2";"1";"1";"3";"JARDINS NEUFS (CHE DES)";"43,95544000";"4,82894000"
"202400011539";"5";"07";"2024";"06:15";"2";"11";"11099";"1";"1";"1";"1";"Route départementale 118";"43,29170900";"2,35616000"
"202400011540";"15";"03";"2024";"08:10";"1";"83";"83137";"2";"1";"1";"6";"FUSILIERS MARINS (AVE DES)";"43,12587789";"5,90581492"
"202400011541";"3";"07";"2024";"21:30";"2";"04";"04096";"1";"1";"1";"7";"D900";"44,43459000";"6,74395300"
"202400011542";"15";"03";"2024";"08:20";"1";"80";"80021";"2";"1";"1";"3";"Rue d'Abbeville";"49,90931000";"2,26054000"
"202400011543";"4";"07";"2024";"20:35";"1";"13";"13100";"2";"1";"1";"3";"Chemin de Bigau";"43,78516200";"4,84763800"
"202400011544";"4";"07";"2024";"11:50";"1";"13";"13100";"2";"4";"1";"2";"Avenue du General Koenig";"43,79327800";"4,82403900"
"202400011545";"4";"07";"2024";"11:00";"1";"26";"26271";"1";"3";"1";"2";"Avenue du Vercors";"45,01526154";"4,85550642"
"202400011546";"15";"03";"2024";"15:40";"1";"78";"78643";"2";"1";"1";"5";"EUROPE BD DE L'";"48,97338000";"1,98753000"
"202400011547";"4";"07";"2024";"22:30";"3";"26";"26179";"2";"3";"1";"5";"Route de Tain";"45,10253702";"4,88370180"
"202400011548";"15";"03";"2024";"12:00";"1";"76";"76108";"2";"1";"2";"3";"Chemin de Clères";"49,45787130";"1,09428227"
"202400011549";"14";"03";"2024";"15:50";"1";"74";"74010";"2";"1";"1";"6";"FRANCE (AVENUE)(SECTEUR 320)";"45,90920000";"6,13900000"
"202400011550";"3";"07";"2024";"08:05";"1";"01";"01262";"2";"3";"1";"3";"intersection chemin de la pierre / RD1084";"45,84923500";"5,05087000"
"202400011551";"14";"03";"2024";"13:20";"1";"74";"74010";"2";"2";"1";"3";"ROCADE (BOULEVARD DE LA)";"45,91140000";"6,12159000"
"202400011552";"28";"06";"2024";"13:30";"1";"33";"33019";"2";"1";"1";"6";"N/A";"44,68049800";" -1,01186900"
"202400011553";"4";"07";"2024";"20:30";"1";"02";"02555";"2";"1";"1";"3";"Rue du Crochet";"48,96700600";"3,33009000"
"202400011554";"4";"07";"2024";"17:00";"1";"80";"80561";"1";"1";"1";"7";"D26";"49,64640300";"2,54217600"
"202400011555";"4";"07";"2024";"15:18";"1";"59";"59387";"1";"1";"9";"2";"rue François Mitterand D 49";"50,29254000";"3,27643100"
"202400011556";"4";"07";"2024";"15:20";"1";"13";"13215";"1";"1";"1";"2";"A7-Sens Marseille vers Lyon";"43,35267000";"5,36576000"
"202400011557";"29";"06";"2024";"12:04";"1";"13";"13211";"1";"1";"1";"4";"A50-Sens Marseille vers Aubagne";"43,29297841";"5,47637741"
"202400011558";"3";"07";"2024";"19:30";"1";"13";"13071";"1";"1";"1";"5";"A55 - Sens Marseille vers Martigues";"43,37210124";"5,32036195"
"202400011559";"4";"07";"2024";"12:50";"1";"83";"83137";"2";"1";"1";"6";"A50 ENTRÉE TUNNEL TUBE SUD";"43,12699683";"5,91543203"
"202400011560";"4";"07";"2024";"15:55";"1";"57";"57474";"1";"9";"1";"2";"Autoroute A31";"49,26649611";"6,17619780"
"202400011561";"28";"06";"2024";"17:00";"1";"54";"54232";"1";"1";"1";"1";"A31";"48,68341479";"5,94761610"
"202400011562";"4";"07";"2024";"12:10";"1";"33";"33143";"1";"1";"1";"4";"N/A";"44,95917204";" -0,44626143"
"202400011563";"4";"07";"2024";"11:15";"1";"33";"33318";"1";"1";"3";"2";"N/A";"44,78806000";" -0,63254000"
"202400011564";"2";"07";"2024";"13:20";"1";"33";"33075";"1";"1";"1";"1";"N/A";"44,89017000";" -0,61271000"
"202400011565";"4";"07";"2024";"18:09";"1";"91";"91064";"1";"1";"1";"4";"RN 118";"48,74906000";"2,21208000"
"202400011566";"4";"07";"2024";"09:45";"1";"91";"91377";"1";"1";"1";"6";"AUTOROUTE A10";"48,72559000";"2,30070000"
"202400011567";"4";"07";"2024";"08:40";"1";"92";"92048";"1";"1";"1";"3";"N118";"48,80093966";"2,21554546"
"202400011568";"3";"07";"2024";"05:50";"2";"92";"92036";"1";"1";"1";"6";"A86";"48,93800765";"2,29989311"
"202400011569";"4";"07";"2024";"16:35";"1";"93";"93063";"1";"1";"1";"3";"A3";"48,87402843";"2,43782792"
"202400011570";"4";"07";"2024";"14:50";"1";"93";"93066";"1";"1";"1";"2";"A1";"48,91936344";"2,35754643"
"202400011571";"4";"07";"2024";"09:40";"1";"93";"93010";"1";"1";"1";"5";"A3";"48,90337360";"2,47126769"
"202400011572";"3";"07";"2024";"21:00";"1";"93";"93053";"2";"9";"1";"3";"AUTOROUTE A3";"48,88398177";"2,46266324"
"202400011573";"3";"07";"2024";"14:05";"1";"93";"93078";"1";"1";"1";"3";"A104";"48,96839101";"2,50823077"
"202400011574";"3";"07";"2024";"08:55";"1";"93";"93063";"1";"1";"1";"2";"A3";"48,87528738";"2,44004158"
"202400011575";"4";"07";"2024";"17:45";"1";"94";"94073";"1";"1";"1";"2";"A86";"48,77111483";"2,39012767"
"202400011576";"4";"07";"2024";"17:25";"1";"77";"77363";"1";"1";"1";"2";"A104";"48,91479900";"2,63424400"
"202400011577";"4";"07";"2024";"17:15";"1";"94";"94079";"1";"1";"1";"2";"A4";"48,83343374";"2,53492004"
"202400011578";"8";"04";"2024";"18:29";"1";"45";"45234";"2";"3";"1";"6";"14 Rue du Gros Raisin";"47,89019000";"1,88696000"
"202400011579";"29";"04";"2024";"00:10";"3";"974";"97404";"1";"1";"2";"7";"D17";" -21,25840100";"55,34351000"
"202400011580";"12";"06";"2024";"08:42";"1";"44";"44143";"2";"6";"1";"3";"Rue du Vert Praud";"47,16168460";" -1,54988272"
"202400011581";"7";"06";"2024";"17:04";"1";"44";"44184";"2";"3";"1";"3";"272 Rue de Trignac";"47,30196223";" -2,18372249"
"202400011582";"13";"04";"2024";"15:02";"1";"49";"49099";"2";"1";"1";"6";"EUROPE (AVENUE DE L')";"47,05024000";" -0,88486000"
"202400011583";"3";"07";"2024";"19:55";"1";"2A";"2A004";"2";"1";"1";"1";"#ROSSINI PASCAL BD#";"41,91723000";"8,73559000"
"202400011584";"3";"07";"2024";"09:13";"1";"91";"91421";"2";"1";"1";"3";"SAINT HUBERT (RUE)";"48,69785000";"2,47032000"
"202400011585";"3";"07";"2024";"10:30";"1";"91";"91228";"2";"1";"1";"6";"RUE DU BONHOMME EN PIERRE";"48,62937000";"2,45325000"
"202400011586";"30";"06";"2024";"11:40";"1";"84";"84007";"2";"2";"1";"6";"PUY Guillaume ( Rue)";"43,94709000";"4,81435000"
"202400011587";"2";"07";"2024";"20:05";"1";"84";"84007";"2";"6";"1";"3";"C.De GAULLE (Rocade)";"43,92961000";"4,82027000"
"202400011588";"3";"07";"2024";"13:30";"1";"83";"83137";"2";"2";"1";"6";"FARON (BD DU)";"43,13563000";"5,92659000"
"202400011589";"2";"07";"2024";"17:25";"1";"76";"76351";"2";"1";"1";"6";"MULHOUSE (DE)";"49,48875000";"0,14008000"
"202400011590";"3";"07";"2024";"03:40";"3";"73";"73065";"1";"4";"1";"6";"N201";"45,60545457";"5,88998181"
"202400011591";"3";"07";"2024";"07:00";"1";"69";"69092";"1";"4";"2";"7";"Route de Montmelas";"46,00293000";"4,67990000"
"202400011592";"2";"07";"2024";"04:00";"5";"69";"69290";"2";"1";"1";"1";"Rue Pierre Sémard";"45,68893000";"4,92385000"
"202400011593";"1";"07";"2024";"13:00";"1";"69";"69029";"1";"3";"1";"5";"Boulevard de l'Université";"45,72520000";"4,92473000"
"202400011594";"3";"07";"2024";"15:25";"1";"64";"64445";"2";"1";"1";"6";"PASTEUR ALPHONSE CADIER DU";"43,30798000";" -0,36052000"
"202400011595";"3";"07";"2024";"08:30";"1";"64";"64348";"2";"6";"1";"3";"MARCEL DASSAULT";"43,30096000";" -0,41031000"
"202400011596";"3";"07";"2024";"08:35";"1";"63";"63014";"2";"6";"1";"2";"Giratoire NOELLET / Mont Mouchet";"45,75165681";"3,10879558"
"202400011597";"3";"07";"2024";"19:00";"1";"62";"62400";"1";"1";"2";"1";"Rue de Rebreuve";"50,47216000";"2,58643000"
"202400011598";"3";"07";"2024";"09:00";"1";"60";"60159";"2";"6";"1";"6";"Rond-point Guy Deniélou";"49,40154000";"2,79706000"
"202400011599";"3";"07";"2024";"00:40";"3";"59";"59512";"2";"2";"1";"3";"Boulevard de la Laine";"50,70776000";"3,18672000"
"202400011600";"3";"07";"2024";"20:40";"2";"59";"59410";"2";"9";"1";"6";"COTY RENE AVENUE";"50,64202000";"3,11208000"
"202400011601";"3";"07";"2024";"12:50";"1";"59";"59350";"2";"3";"8";"1";"Rue de Douai";"50,61901700";"3,07330400"
"202400011602";"29";"06";"2024";"06:50";"1";"59";"59247";"2";"1";"1";"6";"PRINCIPALE RUE";"50,63505000";"3,18837000"
"202400011603";"2";"07";"2024";"09:45";"1";"57";"57227";"2";"2";"1";"3";"SPICHEREN(AVENUE DE)";"49,18664700";"6,90503500"
"202400011604";"3";"07";"2024";"07:15";"2";"56";"56098";"1";"1";"1";"6";"Rue Denis Papin";"47,78109000";" -3,33511000"
"202400011605";"24";"11";"2024";"18:05";"5";"33";"33032";"2";"1";"1";"1";"N/A";"44,90725000";" -0,53092000"
"202400011606";"24";"11";"2024";"19:20";"5";"33";"33063";"2";"3";"1";"2";"N/A";"44,84972000";" -0,59652000"
"202400011607";"24";"11";"2024";"18:45";"3";"33";"33281";"2";"3";"1";"6";"N/A";"44,84212000";" -0,66068000"
"202400011608";"24";"11";"2024";"06:05";"5";"32";"32013";"2";"1";"8";"6";"ARAGO (RUE)";"43,65100000";"0,58392000"
"202400011609";"24";"11";"2024";"18:10";"3";"31";"31555";"2";"3";"1";"3";"RUE FONTENAY";"43,62094000";"1,46135000"
"202400011610";"23";"11";"2024";"18:00";"5";"27";"27562";"2";"1";"8";"4";"DE GAULLE (BOULEVARD)";"49,09804000";"1,45675000"
"202400011611";"23";"11";"2024";"12:46";"1";"22";"22113";"2";"1";"3";"3";"PALAIS DE JUSTICE (ALLEE DU)";"48,72800000";" -3,45830000"
"202400011612";"24";"11";"2024";"18:30";"3";"13";"13071";"2";"1";"1";"3";"CD 6";"43,41354000";"5,34273000"
"202400011613";"24";"11";"2024";"18:30";"5";"13";"13211";"2";"1";"1";"3";"CAMOINS (AVENUE DES)";"43,30606593";"5,51072601"
"202400011614";"22";"11";"2024";"15:30";"1";"13";"13210";"2";"1";"1";"3";"(RUE) NEGRESKO";"43,26972222";"5,39043680"
"202400011615";"23";"11";"2024";"02:45";"5";"11";"11262";"2";"2";"1";"3";"N/A";"43,19027700";"3,00611990"
"202400011616";"23";"11";"2024";"15:15";"1";"11";"11262";"2";"2";"1";"3";"23 Boulevard Gambetta";"43,18349200";"3,00817100"
"202400011617";"23";"11";"2024";"17:32";"5";"06";"06083";"2";"6";"1";"6";"1 Porte de France";"43,77901000";"7,50752300"
"202400011618";"23";"11";"2024";"09:20";"1";"75";"75116";"2";"1";"1";"3";"BD PERIPHERIQUE EXTERIEUR";"48,83632300";"2,25639600"
"202400011619";"19";"11";"2024";"10:35";"1";"75";"75116";"2";"1";"2";"3";"BD PERIPHERIQUE EXTERIEUR";"48,86659300";"2,26861500"
"202400011620";"24";"11";"2024";"19:25";"5";"75";"75120";"2";"1";"1";"2";"RUE DES PYRENEES";"48,87061100";"2,39371900"
"202400011621";"24";"11";"2024";"21:10";"5";"75";"75113";"2";"3";"1";"1";"PLACE D ITALIE";"48,83181100";"2,35679500"
"202400011622";"24";"11";"2024";"17:25";"5";"75";"75110";"2";"7";"1";"6";"PLACE FRANZ LISZT";"48,87792100";"2,35176200"
"202400011623";"23";"11";"2024";"12:43";"1";"75";"75108";"2";"5";"1";"6";"RUE DE LA NEVA";"48,87720500";"2,30032000"
"202400011624";"23";"11";"2024";"23:45";"5";"75";"75108";"2";"7";"1";"3";"VOIE GEORGES POMPIDOU";"48,86450300";"2,32040800"
"202400011625";"24";"11";"2024";"03:50";"5";"75";"75101";"2";"3";"1";"3";"RUE DU LOUVRE";"48,86384900";"2,34235800"
"202400011626";"24";"11";"2024";"02:00";"5";"75";"75102";"2";"3";"1";"7";"BOULEVARD DE BONNE NOUVELLE";"48,86970800";"2,35190800"
"202400011627";"24";"11";"2024";"16:20";"2";"94";"94046";"2";"1";"1";"6";"Avenue Gambetta";"48,81008022";"2,43800488"
"202400011628";"22";"11";"2024";"23:50";"5";"94";"94041";"2";"1";"1";"6";"Rue Robespierre";"48,80771100";"2,38690500"
"202400011629";"24";"11";"2024";"13:05";"1";"93";"93073";"2";"2";"1";"3";"PETITS PONTS (ROUTE DES)";"48,96546000";"2,56928000"
"202400011630";"24";"11";"2024";"06:40";"3";"93";"93073";"1";"1";"1";"6";"CHAPIT RE ( RUE DU)";"49,01189000";"2,56179000"
"202400011631";"23";"11";"2024";"22:50";"5";"93";"93064";"2";"9";"1";"3";"OFFENBACH (RUE JACQUES)";"48,88335577";"2,48101473"
"202400011632";"24";"11";"2024";"15:15";"1";"93";"93066";"2";"2";"1";"3";"WILSON (AVENUE DU PRESIDENT)";"48,91816000";"2,35774000"
"202400011633";"24";"11";"2024";"17:25";"2";"93";"93047";"2";"2";"1";"3";"PAUL DE KOCH  (RUE)";"48,89936777";"2,55951347"
"202400011634";"24";"11";"2024";"19:10";"5";"93";"93007";"2";"1";"8";"6";"""REPUBLIQUE (AVENUE DE LA """"COTE IMPAIRS";"48,93568923";"2,46802236"
"202400011635";"24";"11";"2024";"00:20";"5";"92";"92075";"2";"3";"1";"3";"MARY BESSEYRE (RUE)";"48,82195167";"2,28924282"
"202400011636";"24";"11";"2024";"17:35";"5";"92";"92051";"2";"1";"1";"6";"CHARLES DE GAULLE (AVENUE, N° 18 A 116)";"48,88266906";"2,26790875"
"202400011637";"22";"11";"2024";"16:40";"1";"92";"92025";"2";"9";"8";"3";"CHARLES DE GAULLE (BD)";"48,91459435";"2,22906840"