"Num_Acc";"jour";"mois";"an";"hrmn";"lum";"dep";"com";"agg";"int";"atm";"col";"adr";"lat";"long"
"202400011638";"24";"11";"2024";"20:10";"5";"92";"92002";"2";"1";"1";"7";"DIVISION LECLERC (31 A 51 -36 A 56 BIS)";"48,75065667";"2,30451420"
"202400011639";"25";"11";"2024";"11:30";"1";"47";"47100";"1";"1";"3";"7";"N1021";"44,23958877";"0,60429024"
"202400011640";"24";"11";"2024";"23:35";"3";"95";"95313";"1";"1";"1";"6";"A16";"49,12570879";"2,25342372"
"202400011641";"24";"11";"2024";"07:23";"2";"37";"37153";"1";"1";"1";"6";"Lieu Dit le Haut Pertuis";"47,51484282";"0,81112862"
"202400011642";"24";"11";"2024";"19:15";"3";"54";"54345";"1";"1";"6";"7";"D115";"48,61059227";"6,27426624"
"202400011643";"24";"11";"2024";"12:35";"1";"33";"33327";"2";"1";"1";"7";"N/A";"44,65714900";" -0,36005100"
"202400011644";"25";"11";"2024";"17:00";"1";"85";"85188";"1";"1";"1";"1";"RD 137";"46,62608400";" -1,04065400"
"202400011645";"23";"11";"2024";"05:50";"3";"27";"27306";"1";"1";"4";"6";"RD 52";"48,97206600";"1,19996700"
"202400011646";"25";"11";"2024";"07:50";"2";"83";"83049";"1";"1";"1";"3";"D43";"43,24952801";"6,07807875"
"202400011647";"25";"11";"2024";"16:55";"2";"95";"95352";"2";"9";"1";"2";"D316";"49,10985227";"2,42901336"
"202400011648";"22";"11";"2024";"15:30";"1";"76";"76692";"1";"2";"1";"3";"D5";"49,69398300";"0,63847300"
"202400011649";"24";"11";"2024";"18:30";"3";"2A";"2A181";"1";"1";"1";"1";"#U Gigliu#";"41,94200000";"8,91893500"
"202400011650";"25";"11";"2024";"16:45";"3";"2B";"2B319";"1";"1";"1";"3";"Penticchie";"42,42816900";"9,52542500"
"202400011651";"24";"11";"2024";"18:30";"3";"82";"82185";"1";"1";"1";"7";"D47";"44,37453000";"0,90080400"
"202400011652";"24";"11";"2024";"06:00";"3";"82";"82051";"1";"1";"2";"6";"Route de Moissac";"44,16915400";"1,11760100"
"202400011653";"23";"11";"2024";"17:30";"1";"82";"82131";"1";"2";"1";"3";"Route de Paris";"44,25382000";"1,49193900"
"202400011654";"24";"11";"2024";"03:10";"3";"71";"71161";"1";"1";"1";"6";"rd 60 aire des bottères";"46,59912000";"3,97765000"
"202400011655";"25";"11";"2024";"07:30";"2";"89";"89042";"1";"1";"1";"7";"D957";"47,60941800";"4,19739300"
"202400011656";"24";"11";"2024";"10:40";"1";"35";"35227";"1";"6";"1";"3";"Rue de Rennes";"48,17586300";" -1,92542900"
"202400011657";"24";"11";"2024";"16:00";"1";"03";"03157";"1";"1";"6";"4";"D907";"46,20497900";"3,49972600"
"202400011658";"24";"11";"2024";"13:45";"1";"03";"03213";"1";"3";"1";"5";"D2144";"46,44983300";"2,60772900"
"202400011659";"24";"11";"2024";"15:30";"1";"01";"01363";"2";"2";"1";"3";"Chemin de la Passe";"46,03513900";"5,38452400"
"202400011660";"24";"11";"2024";"10:40";"1";"14";"14005";"1";"1";"1";"1";"Route des Renardières";"49,08242200";" -0,16630800"
"202400011661";"25";"11";"2024";"17:00";"2";"64";"64436";"1";"1";"2";"1";"D918";"43,22968800";" -1,30091400"
"202400011662";"23";"04";"2024";"09:50";"1";"22";"22113";"2";"1";"1";"6";"MARZIN (AVENUE PIERRE)";"48,75327000";" -3,45835000"
"202400011663";"24";"11";"2024";"17:50";"5";"18";"18136";"2";"1";"1";"7";"10 Rue du Stade";"46,69727600";"2,37282700"
"202400011664";"23";"11";"2024";"16:15";"2";"43";"43079";"1";"1";"6";"7";"RN102";"45,19946258";"3,50441309"
"202400011665";"17";"04";"2024";"15:30";"1";"18";"18279";"1";"1";"1";"5";"N/A";"47,27124000";"2,11229000"
"202400011666";"23";"11";"2024";"18:00";"3";"04";"04116";"1";"2";"1";"3";"D4";"44,00016200";"5,93890400"
"202400011667";"24";"11";"2024";"17:45";"2";"17";"17471";"1";"1";"1";"6";"D222E1";"46,06060600";" -0,29477500"
"202400011668";"22";"11";"2024";"13:30";"1";"17";"17338";"1";"1";"1";"2";"D 911";"46,13504700";" -0,72788700"
"202400011669";"21";"04";"2024";"15:20";"1";"15";"15012";"1";"1";"1";"6";"RD 920";"44,89180000";"2,44641000"
"202400011670";"24";"11";"2024";"17:20";"2";"17";"17260";"1";"2";"1";"3";"D910bis";"45,24427100";" -0,20248500"
"202400011671";"23";"04";"2024";"11:00";"1";"13";"13205";"2";"8";"1";"3";"CHAVE (BOULEVARD)";"43,29561000";"5,39788000"
"202400011672";"24";"11";"2024";"05:30";"3";"87";"87205";"1";"1";"6";"6";"D57";"45,71656300";"1,28891900"
"202400011673";"22";"04";"2024";"07:50";"1";"13";"13206";"2";"1";"1";"6";"VINCENT DELPUECH (BOULEVARD)";"43,28305000";"5,39020000"
"202400011674";"24";"11";"2024";"04:05";"3";"30";"30276";"1";"1";"1";"7";"D58";"43,58728100";"4,22345900"
"202400011675";"23";"04";"2024";"12:20";"1";"13";"13028";"2";"1";"1";"3";"ANTIOPE (VOIE )";"43,20674000";"5,60189000"
"202400011676";"23";"11";"2024";"23:25";"5";"22";"22211";"2";"3";"1";"6";"Rue Yves le Cudennec";"48,70411300";" -3,45069100"
"202400011677";"21";"11";"2024";"20:47";"4";"69";"69244";"2";"9";"8";"7";"13 Avenue Victor Hugo";"45,77237600";"4,79122500"
"202400011678";"15";"11";"2024";"20:35";"3";"67";"67248";"1";"1";"1";"2";"Autoroute A35";"48,47884600";"7,54617000"
"202400011679";"23";"04";"2024";"18:30";"1";"13";"13001";"2";"1";"1";"3";"ANCIEN CHEMIN D'AVIGNON (CH)";"43,57142515";"5,39627344"
"202400011680";"23";"11";"2024";"21:10";"3";"57";"57073";"2";"4";"1";"3";"Bretelle d'accès A.4 et A.320";"49,13927000";"6,80187800"
"202400011681";"25";"11";"2024";"02:57";"3";"27";"27554";"1";"1";"1";"6";"La Chapelle-Longueville";"49,09243300";"1,36617400"
"202400011682";"22";"04";"2024";"17:30";"1";"06";"06069";"2";"1";"2";"5";"Chemin de l’Orme";"43,64876000";"6,94476000"
"202400011683";"23";"11";"2024";"16:30";"1";"34";"34123";"2";"3";"1";"3";"Avenue de l'Europe";"43,61670800";"3,79744000"
"202400011684";"16";"04";"2024";"16:30";"1";"03";"03185";"2";"1";"1";"6";"Avenue Albert Thomas";"46,35827800";"2,58455100"
"202400011685";"24";"11";"2024";"03:00";"5";"987";"98714";"1";"1";"1";"7";"RT 101 COLLÈGE/LYCÉE amanahune";" -16,52532400";" -151,73764900"
"202400011686";"23";"04";"2024";"20:10";"1";"02";"02738";"2";"1";"1";"6";"16 Chaussée Brunehaut (Vouël)";"49,66422200";"3,27894200"
"202400011687";"23";"11";"2024";"21:30";"5";"987";"98733";"2";"1";"1";"1";"RT1 PK 27 MARAA";" -17,69726824";" -149,58363712"
"202400011688";"23";"04";"2024";"19:00";"1";"75";"75113";"2";"4";"1";"3";"BD PERIPHERIQUE INTERIEUR";"48,82594268";"2,38696754"
"202400011689";"21";"11";"2024";"07:30";"1";"976";"97615";"2";"1";"1";"6";"Rue Vitta Lemengo";" -12,79428200";"45,28126600"
"202400011690";"22";"04";"2024";"18:30";"1";"75";"75117";"2";"1";"1";"2";"PORTE DE CHAMPERRET";"48,88959100";"2,29741700"
"202400011691";"23";"11";"2024";"07:30";"1";"974";"97418";"2";"1";"3";"1";"Route Tabur";" -20,91418300";"55,54144600"
"202400011692";"22";"04";"2024";"17:20";"1";"75";"75115";"2";"1";"1";"3";"BD PERIPHERIQUE EXTERIEUR";"48,83519500";"2,27208500"
"202400011693";"24";"11";"2024";"16:43";"2";"91";"91338";"2";"5";"2";"3";"D988";"48,64458200";"2,06751100"
"202400011694";"21";"04";"2024";"19:50";"1";"75";"75112";"2";"1";"1";"4";"BD PERIPHERIQUE INTERIEUR";"48,84494100";"2,41403500"
"202400011695";"25";"11";"2024";"06:55";"5";"84";"84132";"2";"1";"1";"1";"1083 toute l'isle sur la sorgue";"43,92200000";"5,01434700"
"202400011696";"23";"04";"2024";"18:55";"1";"75";"75119";"2";"1";"1";"6";"AVENUE MATHURIN MOREAU";"48,87877600";"2,37739000"
"202400011697";"11";"09";"2024";"09:11";"1";"41";"41018";"2";"1";"2";"6";"CHATEAUDUN (AVENUE DE)";"47,57958000";"1,34580000"
"202400011698";"9";"11";"2024";"19:30";"5";"38";"38537";"2";"1";"1";"6";"Rue Saint-cyr-girier";"45,63273600";"5,14734100"
"202400011699";"23";"04";"2024";"09:40";"1";"75";"75117";"2";"2";"1";"6";"RUE RENNEQUIN";"48,88049500";"2,29962900"
"202400011700";"24";"11";"2024";"21:40";"5";"07";"07324";"2";"1";"6";"2";"AVENUE MARECHAL FOCH";"45,07064900";"4,82723600"
"202400011701";"12";"09";"2024";"05:00";"5";"37";"37261";"2";"3";"8";"3";"MAGINOT (AV. ANDRE)";"47,41445000";"0,68757000"
"202400011702";"22";"04";"2024";"15:20";"1";"75";"75115";"2";"3";"1";"3";"RUE BRANCION";"48,83125300";"2,30251700"
"202400011703";"21";"11";"2024";"09:45";"1";"69";"69242";"1";"1";"2";"1";"Route de Dracé";"46,13653645";"4,76174144"
"202400011704";"12";"09";"2024";"14:30";"1";"37";"37261";"2";"2";"1";"3";"GRAMMONT (AVENUE DE)";"47,38402000";"0,69156000"
"202400011705";"23";"04";"2024";"15:40";"1";"75";"75114";"2";"3";"1";"6";"RUE D ALESIA";"48,83223300";"2,31291500"
"202400011706";"24";"11";"2024";"18:30";"5";"17";"17021";"2";"4";"1";"7";"Avenue de l'Etrade";"45,75461500";" -1,13885000"
"202400011707";"19";"11";"2024";"12:35";"1";"33";"33012";"1";"1";"2";"6";"N/A";"44,98465300";" -0,68040100"
"202400011708";"12";"09";"2024";"10:45";"1";"35";"35238";"2";"1";"1";"6";"NANTES (RUE DE)";"48,09256000";" -1,69142000"
"202400011709";"22";"04";"2024";"08:30";"1";"75";"75114";"2";"3";"1";"6";"RUE LIANCOURT";"48,83502100";"2,32406100"
"202400011710";"25";"11";"2024";"07:50";"3";"60";"60009";"2";"1";"3";"6";"Rue Pierre Debourge";"49,40193868";"2,11646891"
"202400011711";"23";"04";"2024";"16:10";"1";"75";"75113";"2";"1";"1";"3";"BOULEVARD DE L HOPITAL";"48,83498200";"2,35810100"
"202400011712";"11";"09";"2024";"18:00";"1";"35";"35238";"2";"3";"1";"3";"VOLTAIRE (BD)";"48,10520790";" -1,70405567"
"202400011713";"22";"11";"2024";"15:30";"1";"59";"59256";"1";"1";"1";"7";"M145";"50,56819300";"3,12428000"
"202400011714";"23";"04";"2024";"19:50";"1";"75";"75111";"2";"2";"1";"3";"AVENUE PARMENTIER";"48,86524900";"2,37454900"
"202400011715";"24";"11";"2024";"12:00";"1";"59";"59011";"2";"1";"7";"6";"49 Rue Jean-Baptiste Lebas";"50,53108300";"2,92939900"
"202400011716";"12";"09";"2024";"12:45";"1";"34";"34198";"2";"2";"1";"3";"D21E";"43,57789000";"3,93580000"
"202400011717";"23";"04";"2024";"13:00";"1";"75";"75111";"2";"4";"1";"6";"AVENUE LEDRU ROLLIN";"48,85446600";"2,37805800"
"202400011718";"11";"09";"2024";"19:50";"1";"29";"29039";"1";"1";"1";"7";"Zone Artisanale de Coat Conq";"47,92667151";" -3,89387002"
"202400011719";"24";"11";"2024";"07:54";"2";"13";"13106";"1";"1";"2";"6";"A51-Sens Marseille vers Aix en Provence";"43,39540000";"5,35153000"
"202400011720";"24";"11";"2024";"03:10";"3";"13";"13019";"1";"1";"1";"7";"A51-Sens Aix en Provence vers Marseille";"43,42519580";"5,37669759"
"202400011721";"23";"04";"2024";"12:57";"1";"75";"75108";"2";"7";"1";"3";"PLACE DE LA CONCORDE";"48,86583600";"2,31987400"
"202400011722";"11";"09";"2024";"20:30";"3";"27";"27299";"1";"1";"1";"6";"NETREVILLE (RUE DE)";"49,04263900";"1,17242500"
"202400011723";"19";"11";"2024";"15:45";"1";"13";"13106";"1";"1";"1";"2";"A7-Sens Lyon vers Marseille";"43,39066000";"5,35107000"
"202400011724";"23";"04";"2024";"14:30";"1";"94";"94068";"2";"2";"1";"6";"Avenue Balzac / Avenue du Bac";"48,79357000";"2,51451000"
"202400011725";"12";"09";"2024";"10:47";"1";"26";"26198";"2";"1";"1";"2";"Avenue d’Aygu";"44,55386293";"4,74881887"
"202400011726";"23";"04";"2024";"09:35";"1";"94";"94073";"2";"6";"1";"6";"Avenue du Général de Gaulle / Avenue de Fontainebleau";"48,76865000";"2,36841000"
"202400011727";"23";"11";"2024";"18:45";"5";"83";"83137";"1";"1";"1";"4";"A50";"43,12476769";"5,90137449"
"202400011728";"12";"09";"2024";"18:43";"1";"16";"16102";"2";"3";"1";"3";"N/A";"45,68769500";" -0,31169400"
"202400011729";"23";"04";"2024";"18:30";"1";"94";"94079";"2";"3";"1";"3";"Rue Jean Jaurès / Allée du Château";"48,82673000";"2,53738000"
"202400011730";"12";"09";"2024";"20:35";"5";"16";"16015";"2";"1";"2";"6";"N/A";"45,65599000";"0,14524000"
"202400011731";"23";"04";"2024";"07:50";"2";"94";"94017";"2";"6";"7";"6";"Rue de Bernau / Rue du Tunnel";"48,81696900";"2,52025600"
"202400011732";"22";"11";"2024";"16:25";"1";"83";"83137";"1";"1";"1";"4";"A57";"43,12324819";"5,95888522"
"202400011733";"12";"09";"2024";"18:15";"1";"15";"15014";"2";"1";"1";"3";"Avenue du Général Leclerc";"44,91211000";"2,44235000"
"202400011734";"24";"11";"2024";"20:20";"3";"69";"69287";"1";"1";"6";"2";"Autoroute 43  ";"45,68779000";"4,99471000"
"202400011735";"22";"04";"2024";"21:56";"3";"93";"93071";"2";"3";"1";"6";"Rue Gabriel Péri /Rue du Pont Blanc";"48,94228000";"2,53271000"
"202400011736";"12";"09";"2024";"16:30";"1";"13";"13216";"2";"2";"1";"3";"REDONNE (RUE DE LA)";"43,36205000";"5,31637000"
"202400011737";"18";"11";"2024";"09:15";"1";"93";"93006";"1";"1";"2";"3";"AUTOROUTE A3";"48,86627623";"2,41437177"
"202400011738";"23";"04";"2024";"20:55";"5";"93";"93062";"2";"2";"1";"3";"Avenue de Livry / Boulevard du Nord";"48,90275000";"2,52047000"
"202400011739";"12";"09";"2024";"14:30";"1";"13";"13005";"1";"1";"1";"3";"SAINT JEAN DE GARGUIER (CHEMIN)";"43,30614000";"5,60406000"
"202400011740";"19";"11";"2024";"20:45";"3";"77";"77058";"1";"1";"2";"2";"A4";"48,82957827";"2,74332614"
"202400011741";"23";"04";"2024";"08:40";"1";"93";"93055";"2";"3";"1";"3";"Rue Jules Auffret / Avenue Édouard Vaillant";"48,88490600";"2,41114800"
"202400011742";"17";"09";"2024";"22:00";"3";"30";"30010";"1";"1";"1";"7";"route d'ales rd 910";"44,05312800";"3,99172800"
"202400011743";"23";"04";"2024";"05:00";"5";"93";"93046";"2";"1";"1";"6";"Avenue Aristide Briand";"48,91348900";"2,52455900"
"202400011744";"23";"09";"2024";"21:30";"5";"74";"74012";"2";"1";"1";"6";"DE GAULLE (AVENUE CHARLES)";"46,18300000";"6,24680000"
"202400011745";"12";"09";"2024";"16:20";"1";"13";"13001";"2";"2";"1";"1";"EUROPE (AV)";"43,52380000";"5,43520000"
"202400011746";"23";"04";"2024";"17:00";"1";"92";"92064";"2";"1";"1";"7";"MARECHAL JUIN";"48,83664000";"2,22192000"
"202400011747";"2";"08";"2024";"09:45";"1";"84";"84089";"2";"6";"1";"3";"Rue Joseph Cugnot";"43,68176100";"5,50169700"
"202400011748";"22";"08";"2024";"19:50";"1";"11";"11262";"2";"2";"7";"3";"THERMES (RUE DES";"43,18848000";"3,00521000"
"202400011749";"23";"04";"2024";"09:15";"1";"92";"92047";"2";"3";"1";"3";"G ET X. SCHLUMBERGER";"48,83055112";"2,17856991"
"202400011750";"11";"09";"2024";"18:38";"1";"10";"10362";"2";"3";"2";"3";"LOUIS BLANC (RUE)";"48,29650000";"4,05107000"
"202400011751";"23";"07";"2024";"00:34";"3";"88";"88086";"2";"8";"1";"1";"Rue du Coq de Bruyères";"48,19809800";"6,72906800"
"202400011752";"23";"04";"2024";"13:40";"1";"92";"92044";"2";"1";"1";"2";"ANA. FRANCE(RUE)1A75 ET 2A72";"48,89205000";"2,28509000"
"202400011753";"12";"09";"2024";"07:45";"1";"06";"06088";"2";"3";"1";"6";"16 Avenue Saint-Jean-Baptiste";"43,70177090";"7,27812090"
"202400011754";"23";"11";"2024";"09:55";"1";"974";"97416";"1";"1";"1";"1";"RN 01";" -21,33223000";"55,45818000"
"202400011755";"23";"04";"2024";"09:00";"1";"92";"92044";"2";"1";"1";"3";"VIC. HUGO(RUE)091A113 ET 112A146";"48,89886192";"2,29385144"
"202400011756";"7";"09";"2024";"10:01";"1";"06";"06104";"2";"1";"1";"1";"30 Avenue de France";"43,75331760";"7,44444580"
"202400011757";"23";"11";"2024";"22:20";"3";"974";"97407";"1";"1";"1";"6";"ROUTE NATIONALE N° 1";" -20,94757000";"55,32264000"
"202400011758";"22";"04";"2024";"08:48";"1";"92";"92044";"2";"2";"1";"6";"ED.VAILLANT(RUE)133+ ET 110+";"48,89866937";"2,28680348"
"202400011759";"23";"11";"2024";"10:00";"1";"973";"97302";"2";"1";"1";"3";"MONTABO (ROUTE DE) 3";"4,93583053";" -52,29567254"
"202400011760";"12";"09";"2024";"05:56";"5";"01";"01283";"2";"2";"2";"3";"VANDEL";"46,25857600";"5,65798600"
"202400011761";"23";"11";"2024";"17:30";"5";"69";"69387";"2";"3";"1";"3";"Rue de Gerland";"45,73015000";"4,83810000"
"202400011762";"22";"04";"2024";"17:50";"1";"92";"92036";"2";"1";"1";"1";"CABOEUFS (RUE DES) (103/291)";"48,92392563";"2,30982685"
"202400011763";"11";"09";"2024";"17:53";"1";"01";"01289";"1";"2";"3";"3";"LENT ( ROUTE DE )";"46,16491000";"5,22067000"
"202400011764";"23";"11";"2024";"17:30";"2";"972";"97213";"1";"1";"2";"6";"ROUTE NATIONALE 1";"14,61670000";" -61,00820000"
"202400011765";"23";"04";"2024";"09:00";"1";"92";"92024";"2";"9";"1";"3";"REPUBLIQUE (PLACE DE LA)";"48,90323878";"2,31266109"
"202400011766";"12";"09";"2024";"17:40";"1";"75";"75115";"2";"1";"3";"3";"BOULEVARD PERIPHERIQUE EXTERIEUR SUD";"48,83468000";"2,27468100"
"202400011767";"23";"11";"2024";"11:05";"1";"972";"97213";"2";"1";"1";"2";"AUTOROUTE A1";"14,60342000";" -61,00189000"
"202400011768";"23";"04";"2024";"18:35";"1";"92";"92004";"2";"1";"1";"2";"AULAGNIER ( QUAI )";"48,91451314";"2,31139668"
"202400011769";"12";"09";"2024";"17:25";"1";"75";"75112";"2";"1";"1";"3";"BOULEVARD PERIPHERIQUE INTERIEUR NORD  ";"48,84135700";"2,41355200"
"202400011770";"13";"04";"2024";"05:50";"5";"974";"97415";"2";"6";"1";"6";"41 Rue des Cardinaux";" -21,02616200";"55,26556000"
"202400011771";"23";"11";"2024";"06:00";"2";"972";"97213";"2";"1";"2";"2";"AUTOROUTE A1";"14,59719000";" -60,99829000"
"202400011772";"23";"04";"2024";"20:30";"2";"31";"31423";"1";"1";"1";"6";"Vieille Route de Rieumes";"43,41086721";"1,08015239"
"202400011773";"12";"09";"2024";"00:45";"5";"75";"75116";"2";"1";"1";"6";"BOULEVARD PERIPHERIQUE INTERIEUR OUEST";"48,84496700";"2,25500200"
"202400011774";"22";"11";"2024";"17:50";"2";"972";"97209";"2";"6";"1";"1";"BRETELLE SORTIE ROCADE";"14,61684000";" -61,05794000"
"202400011775";"22";"04";"2024";"23:15";"5";"972";"97207";"2";"3";"1";"2";"Avenue Marc André";"14,57249900";" -60,98174900"
"202400011776";"12";"09";"2024";"07:20";"1";"75";"75105";"2";"2";"1";"3";"RUE SOUFFLOT";"48,84709500";"2,34194900"
"202400011777";"22";"11";"2024";"17:25";"5";"69";"69385";"2";"2";"1";"3";"6 Avenue Général Eisenhower";"45,75617484";"4,78216620"
"202400011778";"23";"04";"2024";"16:40";"1";"71";"71566";"2";"3";"1";"3";"21 Avenue Valéry Giscard d'Estaing";"46,89164300";"5,02417400"
"202400011779";"12";"09";"2024";"12:30";"1";"75";"75117";"2";"5";"1";"3";"AVENUE NIEL";"48,88126500";"2,29554800"
"202400011780";"23";"04";"2024";"09:28";"2";"91";"91272";"2";"1";"1";"6";"avenue des sciences";"48,71184200";"2,16512700"
"202400011781";"23";"11";"2024";"22:40";"5";"2B";"2B120";"2";"1";"1";"2";"11 - RT";"42,65311000";"9,44098000"
"202400011782";"20";"11";"2024";"08:10";"1";"971";"97107";"2";"1";"1";"6";"DUMANOIR ( ALLEE )";"16,03997000";" -61,56640000"
"202400011783";"11";"09";"2024";"16:40";"1";"75";"75117";"2";"3";"1";"5";"AVENUE DE LA PORTE D ASNIERES";"48,89181700";"2,30157300"
"202400011784";"24";"04";"2024";"13:45";"1";"77";"77444";"1";"1";"1";"6";"D1004";"48,69249000";"3,39572000"
"202400011785";"22";"11";"2024";"18:35";"5";"95";"95268";"2";"1";"1";"1";"D125";"48,97669294";"2,39191948"
"202400011786";"21";"01";"2024";"03:33";"3";"55";"55008";"1";"3";"4";"1";"D618";"49,27186500";"5,66123100"
"202400011787";"11";"09";"2024";"16:15";"1";"75";"75117";"2";"1";"1";"7";"AVENUE DE CLICHY";"48,89070100";"2,32000400"
"202400011788";"23";"04";"2024";"09:20";"1";"46";"46127";"2";"4";"1";"6";"8 Boulevard du Docteur Cabanes";"44,73589896";"1,38268590"
"202400011789";"12";"09";"2024";"13:50";"1";"75";"75116";"2";"1";"1";"3";"AVENUE D IENA";"48,87155900";"2,29542600"
"202400011790";"23";"11";"2024";"04:30";"5";"84";"84035";"2";"1";"1";"6";"JAUFFRET (AVENUE ALPHONSE)";"43,83315000";"5,02773000"
"202400011791";"22";"04";"2024";"11:10";"1";"29";"29217";"1";"1";"1";"7";"Lieu Dit Miniou";"47,88712081";" -3,76714163"
"202400011792";"23";"04";"2024";"19:30";"2";"70";"70119";"1";"1";"1";"7";"Rue Courbey";"47,34327200";"5,90481900"
"202400011793";"23";"11";"2024";"23:08";"5";"84";"84007";"1";"6";"2";"6";"PIERRE BEREGOVOY (AVENUE) MFT";"43,92456000";"4,86179000"
"202400011794";"11";"09";"2024";"17:00";"1";"75";"75116";"2";"7";"1";"3";"PLACE DE LA PORTE D AUTEUIL";"48,84811600";"2,25901200"
"202400011795";"23";"04";"2024";"21:15";"5";"14";"14287";"2";"3";"1";"6";"11 Rue Albert 1er";"49,13693600";" -0,24936300"
"202400011796";"23";"11";"2024";"15:25";"1";"82";"82121";"2";"1";"1";"1";"boulevard hubert gouze";"44,00755000";"1,36028000"
"202400011797";"11";"09";"2024";"20:10";"5";"75";"75114";"2";"7";"1";"3";"AVENUE DENFERT ROCHEREAU";"48,83455000";"2,33262800"
"202400011798";"24";"11";"2024";"00:40";"3";"78";"78551";"1";"1";"1";"7";"POISSY (DE)";"48,94159000";"2,11382000"
"202400011799";"26";"03";"2024";"15:00";"1";"73";"73121";"1";"6";"1";"3";"D69";"45,62429700";"6,32234500"
"202400011800";"12";"09";"2024";"18:40";"1";"75";"75113";"2";"1";"2";"1";"QUAI D AUSTERLITZ";"48,84025000";"2,37017000"
"202400011801";"23";"04";"2024";"18:50";"1";"53";"53271";"1";"1";"1";"1";"Les Pontceaux";"48,36344900";" -0,27959300"
"202400011802";"23";"11";"2024";"06:30";"4";"78";"78126";"1";"1";"1";"6";"VERSAILLES (ROUTE DE)";"48,84849000";"2,10890000"
"202400011803";"12";"09";"2024";"06:20";"2";"75";"75113";"2";"2";"1";"2";"RUE DE LA GLACIERE";"48,83417600";"2,34484400"
"202400011804";"2";"04";"2024";"15:50";"1";"27";"27284";"2";"5";"1";"6";"Rue Guynemer";"49,28799900";"1,79094800"
"202400011805";"23";"11";"2024";"21:28";"5";"74";"74010";"2";"1";"1";"2";"GENEVE (AVENUE DE)(SECTEUR 410)";"45,90841000";"6,12361000"
"202400011806";"23";"04";"2024";"08:30";"1";"31";"31395";"1";"1";"1";"2";"Bretelle d'accés 34   A64 Pk 273+000";"43,46733107";"1,31501198"
"202400011807";"11";"09";"2024";"13:55";"1";"75";"75113";"2";"1";"1";"3";"AVENUE D ITALIE";"48,82376700";"2,35791200"
"202400011808";"23";"04";"2024";"16:11";"1";"971";"97103";"2";"1";"1";"1";"Rue Henri Becquerel";"16,24243700";" -61,57102000"
"202400011809";"23";"11";"2024";"19:15";"5";"71";"71306";"2";"6";"1";"1";"ROGER SALENGRO (AVENUE)";"46,66613000";"4,35813000"
"202400011810";"11";"09";"2024";"01:15";"5";"75";"75112";"2";"2";"2";"2";"AVENUE DU TRONE";"48,84809800";"2,39912600"
"202400011811";"24";"04";"2024";"08:38";"1";"34";"34240";"1";"2";"1";"3";"D112";"43,63895700";"3,99341000"
"202400011812";"23";"11";"2024";"16:00";"1";"71";"71486";"2";"2";"1";"2";"RENE CASSIN (RUE)";"46,64310000";"4,37060000"
"202400011813";"12";"09";"2024";"18:15";"1";"75";"75111";"2";"1";"2";"6";"AVENUE PARMENTIER";"48,85989700";"2,37893000"
"202400011814";"23";"11";"2024";"18:20";"5";"69";"69259";"2";"1";"1";"6";"Rue Albert Camus";"45,69573403";"4,87374648"
"202400011815";"24";"04";"2024";"08:30";"1";"04";"04245";"2";"9";"1";"3";"Avenue des Farigoules";"43,87298200";"5,84334300"
"202400011816";"23";"11";"2024";"15:50";"1";"64";"64129";"2";"2";"1";"7";"CLAVERIE";"43,30197963";" -0,39238304"
"202400011817";"12";"09";"2024";"12:35";"1";"94";"94078";"2";"9";"1";"3";"129 Avenue Anatole France";"48,74849600";"2,45318600"
"202400011818";"23";"02";"2024";"20:30";"3";"74";"74128";"1";"4";"1";"3";"Route de thonon";"46,15204800";"6,32066800"
"202400011819";"22";"11";"2024";"20:16";"5";"63";"63300";"2";"9";"9";"3";"CLERMONT (AVENUE DE)";"45,88385317";"3,11557889"
"202400011820";"14";"04";"2024";"13:30";"1";"40";"40184";"2";"7";"1";"7";"Avenue Maurice Martin";"44,21347200";" -1,29205200"
"202400011821";"11";"09";"2024";"18:00";"1";"94";"94068";"2";"3";"1";"3";"Rue Delerue";"48,79569000";"2,49222900"
"202400011822";"22";"11";"2024";"14:40";"1";"62";"62119";"2";"9";"7";"3";"Rue Mannessier";"50,52089000";"2,65392000"
"202400011823";"12";"09";"2024";"22:00";"4";"94";"94073";"1";"1";"2";"7";"FONTAINEBLEAU - CAR BELLE EPINE (AV DE)";"48,76307300";"2,36871100"
"202400011824";"24";"04";"2024";"19:00";"1";"80";"80561";"2";"2";"1";"3";"Avenue Maurice Leconte";"49,64500300";"2,56540100"
"202400011825";"23";"11";"2024";"14:00";"1";"59";"59299";"1";"2";"1";"3";"CD 700";"50,64852000";"3,19658000"
"202400011826";"12";"09";"2024";"16:10";"1";"94";"94022";"2";"9";"1";"3";"92 Boulevard de Stalingrad";"48,77283700";"2,40008600"
"202400011827";"23";"11";"2024";"18:25";"5";"59";"59017";"2";"1";"1";"6";"Rue Albert de Mun";"50,68077000";"2,88842000"
"202400011828";"23";"04";"2024";"22:50";"5";"59";"59400";"2";"2";"2";"7";"D946";"50,64257900";"2,63957800"
"202400011829";"23";"04";"2024";"19:00";"5";"13";"13214";"1";"1";"1";"2";"A507 sens Marseille - Aubagne";"43,33009926";"5,39928460"
"202400011830";"23";"11";"2024";"14:15";"1";"54";"54184";"2";"1";"1";"2";"Avenue de Saulxures";"48,70786000";"6,24429000"