"Num_Acc";"jour";"mois";"an";"hrmn";"lum";"dep";"com";"agg";"int";"atm";"col";"adr";"lat";"long"
"202400011831";"12";"09";"2024";"04:40";"5";"94";"94075";"2";"3";"1";"1";"Rue Paul Doumer";"48,70601000";"2,53036000"
"202400011832";"23";"04";"2024";"02:10";"3";"13";"13088";"1";"1";"1";"7";"A55-Sens Martigues vers Marseille";"43,37970000";"5,22120000"
"202400011833";"22";"11";"2024";"17:52";"5";"54";"54578";"2";"2";"1";"3";"Avenue Paul Muller";"48,67009000";"6,15794000"
"202400011834";"20";"08";"2024";"07:45";"1";"94";"94002";"2";"3";"1";"3";"Rue de Verdun / Rue Emile Eudes";"48,79621600";"2,42748600"
"202400011835";"23";"11";"2024";"11:53";"1";"47";"47001";"2";"1";"1";"6";"DURRENS (RUE DE)";"44,20120000";"0,63463000"
"202400011836";"22";"04";"2024";"16:15";"1";"13";"13212";"1";"1";"1";"3";"A507 sens Aubagne- Marseille";"43,30321587";"5,42537928"
"202400011837";"23";"11";"2024";"15:30";"1";"45";"45286";"2";"1";"1";"6";"D951 PR 90 + 908";"47,89315000";"1,91619000"
"202400011838";"11";"09";"2024";"10:25";"1";"94";"94002";"2";"1";"8";"6";"Rue Micolon";"48,80458000";"2,41263000"
"202400011839";"23";"04";"2024";"09:15";"1";"67";"67152";"1";"1";"1";"4";"M35";"48,52615000";"7,67334000"
"202400011840";"23";"11";"2024";"06:25";"5";"45";"45234";"2";"6";"1";"6";"22 Avenue des Droits de l'Homme";"47,91870000";"1,92519000"
"202400011841";"12";"09";"2024";"13:50";"1";"93";"93053";"2";"9";"1";"6";"GALLIENI (AVENUE)";"48,90036000";"2,46528000"
"202400011842";"23";"04";"2024";"19:27";"1";"78";"78208";"1";"1";"1";"6";"RN12 EXT";"48,80000000";"1,96925000"
"202400011843";"23";"11";"2024";"15:00";"1";"37";"37214";"2";"1";"1";"2";"MURIER (RUE DU)";"47,42375744";"0,66255963"
"202400011844";"23";"04";"2024";"09:45";"1";"78";"78646";"1";"1";"1";"2";"RN12";"48,79243000";"2,08947000"
"202400011845";"12";"09";"2024";"15:15";"1";"93";"93057";"2";"1";"1";"2";"CHANZY AVENUE DE";"48,90936000";"2,51859000"
"202400011846";"23";"11";"2024";"20:27";"5";"33";"33119";"2";"3";"8";"2";"N/A";"44,85577000";" -0,53469000"
"202400011847";"22";"04";"2024";"17:00";"1";"78";"78029";"1";"1";"1";"2";"A13Y";"48,96549500";"1,84949500"
"202400011848";"11";"09";"2024";"17:05";"1";"93";"93061";"2";"1";"1";"3";"JAURES AVENUE JEAN";"48,88414478";"2,40803003"
"202400011849";"23";"11";"2024";"18:40";"2";"33";"33550";"2";"6";"1";"1";"N/A";"44,78263000";" -0,57666000"
"202400011850";"23";"04";"2024";"16:00";"1";"93";"93007";"1";"1";"1";"4";"A1";"48,94405205";"2,43712529"
"202400011851";"12";"09";"2024";"14:10";"1";"93";"93027";"2";"3";"2";"3";"PRESOV (AVENUE DE)";"48,92944000";"2,37626000"
"202400011852";"23";"11";"2024";"14:50";"1";"33";"33063";"2";"2";"1";"3";"N/A";"44,84577000";" -0,58406000"
"202400011853";"23";"04";"2024";"13:05";"1";"93";"93053";"1";"1";"1";"3";"A3";"48,88416228";"2,46099709"
"202400011854";"12";"09";"2024";"10:20";"1";"93";"93013";"2";"3";"1";"3";"LECLERC (AVENU DE LA DIVISION)";"48,93495000";"2,42594000"
"202400011855";"23";"04";"2024";"13:45";"1";"93";"93005";"1";"1";"1";"3";"A3";"48,95091347";"2,47454259"
"202400011856";"23";"11";"2024";"15:42";"1";"31";"31555";"1";"1";"1";"4";"18 MONTAUDRAN (PERIPH EST A61)";"43,57532800";"1,49652400"
"202400011857";"12";"09";"2024";"06:20";"2";"93";"93013";"2";"3";"1";"3";"KENNEDY (AVENUE JOHN FITZGERALD)";"48,93895000";"2,42417000"
"202400011858";"12";"09";"2024";"14:00";"1";"93";"93010";"2";"9";"2";"6";"GALLIENI (AV.) DE 1 A 109";"48,90611000";"2,48048000"
"202400011859";"23";"04";"2024";"09:00";"1";"93";"93063";"1";"1";"1";"4";"A3";"48,87528738";"2,44004158"
"202400011860";"22";"11";"2024";"17:00";"2";"28";"28134";"2";"2";"4";"3";"PAS DE LOUP (RUE JULES)";"48,75044000";"1,35313000"
"202400011861";"12";"09";"2024";"12:40";"1";"93";"93001";"2";"1";"1";"1";"JEAN JAURES (AVE)  => 53";"48,90345402";"2,39169142"
"202400011862";"22";"04";"2024";"07:05";"1";"93";"93027";"1";"1";"1";"5";"A86";"48,92786049";"2,40957519"
"202400011863";"23";"11";"2024";"01:00";"3";"27";"27234";"1";"1";"1";"6";"Chemin du Coudray";"49,02299000";"1,19333000"
"202400011864";"12";"09";"2024";"19:45";"1";"92";"92064";"2";"3";"2";"7";"REPUBLIQUE";"48,84939747";"2,21377149"
"202400011865";"23";"04";"2024";"16:50";"1";"94";"94028";"1";"1";"1";"3";"A86";"48,79510362";"2,44232708"
"202400011866";"22";"11";"2024";"16:45";"1";"15";"15014";"2";"1";"1";"7";"Rue Henri Delmont";"44,93378000";"2,44861000"
"202400011867";"12";"09";"2024";"13:50";"1";"92";"92048";"2";"1";"2";"1";"JEANNE BRACONNIER (RUE)";"48,78905883";"2,21175201"
"202400011868";"23";"04";"2024";"15:02";"1";"94";"94017";"1";"1";"1";"6";"A86";"48,83052214";"2,48890382"
"202400011869";"23";"11";"2024";"13:50";"1";"13";"13209";"1";"1";"8";"7";"COL DE LA GINESTE D559";"43,23878000";"5,47969000"
"202400011870";"12";"09";"2024";"08:30";"1";"92";"92023";"2";"1";"1";"3";"GENERAL DE GAULLE (AV DU) N°130 A 340 ET";"48,78423949";"2,24872202"
"202400011871";"23";"11";"2024";"01:50";"5";"13";"13207";"2";"1";"1";"5";"Corniche John Fitzgérald Kennedy";"43,27673359";"5,35771850"
"202400011872";"18";"02";"2024";"14:00";"1";"95";"95277";"2";"1";"3";"6";"D170";"48,97859212";"2,45406032"
"202400011873";"12";"09";"2024";"18:15";"1";"92";"92019";"2";"1";"1";"2";"QUATRE CHEMINS (AVENUE DES)";"48,77858000";"2,27970000"
"202400011874";"18";"02";"2024";"11:15";"1";"91";"91326";"2";"1";"2";"6";"CHATILLON (RUE DE)";"48,68433000";"2,38178000"
"202400011875";"22";"11";"2024";"17:30";"3";"13";"13047";"1";"1";"1";"5";"RN 1569 LA TRANSHUMANCE";"43,57478982";"4,98397376"
"202400011876";"12";"09";"2024";"09:20";"1";"92";"92012";"2";"1";"1";"3";"ALPHONSE LE GALLO (QUAI) 1/34";"48,83508700";"2,22570844"
"202400011877";"22";"11";"2024";"09:00";"2";"12";"12013";"2";"1";"1";"6";"MOULIN JEAN";"44,52684000";"2,24758000"
"202400011878";"19";"02";"2024";"08:30";"1";"59";"59508";"1";"3";"1";"3";"Rue des Champs";"50,74355000";"3,14049000"
"202400011879";"22";"11";"2024";"17:22";"2";"11";"11262";"2";"1";"8";"6";"Avenue Pierre Semard";"43,18948000";"3,00744000"
"202400011880";"12";"09";"2024";"13:30";"1";"92";"92009";"2";"2";"2";"2";"BOURGUIGNONS ( RUE 33 A FIN )";"48,91273852";"2,27229416"
"202400011881";"19";"02";"2024";"16:00";"1";"52";"52121";"2";"2";"1";"2";"IVREA (AVENUE D')";"48,09908000";"5,15317000"
"202400011882";"23";"11";"2024";"12:45";"1";"07";"07070";"2";"3";"1";"5";"COLONNEL ROUSSET (AVENUE DU)";"44,95897000";"4,84765000"
"202400011883";"12";"09";"2024";"09:00";"1";"92";"92002";"2";"3";"1";"3";"ABBAYE (RUE DE L')";"48,75152911";"2,29719222"
"202400011884";"22";"02";"2024";"09:10";"1";"45";"45234";"2";"1";"2";"2";"24 Boulevard Marie Stuart";"47,91179000";"1,92189000"
"202400011885";"21";"04";"2024";"03:05";"5";"987";"98735";"1";"1";"1";"6";"PIERRE LOTI (ALLEE QTIER GARNIER)";" -17,53685000";" -149,55508000"
"202400011886";"17";"08";"2024";"16:05";"1";"47";"47282";"1";"1";"2";"3";"3150 Route de Condom";"44,08956200";"0,53176800"
"202400011887";"23";"11";"2024";"19:10";"5";"03";"03190";"2";"1";"1";"2";"LYON (ROUTE DE)";"46,54984000";"3,33890000"
"202400011888";"22";"04";"2024";"23:00";"5";"69";"69383";"2";"2";"1";"6";"Avenue Félix Faure";"45,75449000";"4,86606000"
"202400011889";"8";"09";"2024";"17:40";"1";"24";"24236";"1";"1";"1";"3";"Route du Val de l'Isle";"45,16963333";"0,56371450"
"202400011890";"23";"11";"2024";"16:17";"1";"75";"75113";"2";"1";"1";"3";"QUAI D AUSTERLITZ";"48,84302200";"2,36639500"
"202400011891";"22";"04";"2024";"18:05";"1";"69";"69383";"2";"1";"1";"6";"Rue Duguesclin";"45,76278000";"4,84846000"
"202400011892";"23";"11";"2024";"19:20";"5";"75";"75106";"2";"3";"1";"6";"RUE DE SEVRES";"48,84739800";"2,31823000"
"202400011893";"12";"09";"2024";"16:05";"1";"17";"17172";"1";"3";"1";"3";"Route de Saintes";"45,58329000";" -0,67495600"
"202400011894";"22";"04";"2024";"15:40";"1";"69";"69383";"2";"3";"2";"3";"Route de Genas";"45,75452244";"4,88131939"
"202400011895";"23";"11";"2024";"21:50";"5";"75";"75111";"2";"3";"1";"2";"BOULEVARD VOLTAIRE";"48,86211800";"2,37296700"
"202400011896";"9";"09";"2024";"13:20";"1";"972";"97204";"1";"1";"2";"3";"Point de vue de l'Anse Marigot";"14,68052500";" -61,16881700"
"202400011897";"9";"09";"2024";"07:00";"1";"972";"97225";"2";"1";"3";"6";"Rue de la Vieille Halle";"14,74864100";" -61,17770600"
"202400011898";"22";"04";"2024";"12:30";"1";"69";"69386";"2";"2";"1";"6";"Rue Garibaldi";"45,76375257";"4,85140070"
"202400011899";"23";"11";"2024";"01:10";"5";"75";"75109";"2";"2";"1";"3";"RUE DE DUNKERQUE";"48,88235100";"2,34572800"
"202400011900";"23";"11";"2024";"14:59";"1";"75";"75108";"2";"7";"8";"2";"PLACE DE L'ALMA";"48,86473900";"2,30132100"
"202400011901";"12";"09";"2024";"22:50";"3";"974";"97414";"1";"1";"1";"5";"N1";" -21,28736100";"55,39975900"
"202400011902";"22";"04";"2024";"16:27";"1";"2B";"2B033";"2";"1";"8";"6";"MAGDELENA - RUE SANTA";"42,69728000";"9,45088000"
"202400011903";"22";"11";"2024";"18:53";"5";"94";"94046";"2";"2";"8";"6";"Avenue du Professeur Cadiot";"48,80437540";"2,43250769"
"202400011904";"22";"04";"2024";"10:12";"1";"2B";"2B033";"2";"1";"8";"2";"11 - RT";"42,69728000";"9,45088000"
"202400011905";"11";"09";"2024";"18:50";"1";"38";"38239";"2";"2";"3";"3";"D1085";"45,32948200";"5,56914000"
"202400011906";"16";"03";"2024";"12:45";"1";"971";"97113";"1";"1";"1";"1";"SECTION LEROUX";"16,24428000";" -61,46237000"
"202400011907";"23";"11";"2024";"17:20";"5";"93";"93077";"2";"2";"1";"3";"GUITLEVITCH (RUE SIMON)";"48,87802000";"2,52491000"
"202400011908";"13";"09";"2024";"20:45";"3";"42";"42271";"1";"1";"1";"2";"Route de la Croix de Montvieux";"45,44925200";"4,60398500"
"202400011909";"23";"11";"2024";"10:10";"1";"93";"93062";"2";"1";"1";"6";"PLATEAU (ALLEE DU)";"48,90138000";"2,52888000"
"202400011910";"22";"04";"2024";"11:55";"1";"2A";"2A004";"2";"3";"1";"3";"T20";"41,93706000";"8,80359000"
"202400011911";"12";"09";"2024";"11:20";"1";"14";"14475";"1";"1";"1";"2";"A84";"49,13193500";" -0,56496400"
"202400011912";"22";"04";"2024";"17:35";"1";"95";"95060";"2";"9";"1";"6";"ISLE (CHEMIN DE L')";"49,04459000";"2,20983000"
"202400011913";"23";"11";"2024";"15:30";"1";"93";"93055";"2";"3";"1";"3";"COURTILLIERES(AVENUE DES)";"48,91404999";"2,41136299"
"202400011914";"23";"11";"2024";"11:25";"1";"93";"93006";"2";"3";"1";"6";"FERRY JULES RUE";"48,86206682";"2,41650224"
"202400011915";"22";"04";"2024";"18:25";"1";"95";"95210";"2";"1";"1";"2";"CEINTURE (AVENUE DE)";"48,97507405";"2,29827225"
"202400011916";"12";"09";"2024";"07:20";"2";"44";"44187";"1";"1";"1";"5";"N/A";"47,26406200";" -2,03668700"
"202400011917";"23";"11";"2024";"15:30";"1";"93";"93001";"2";"1";"1";"3";"ANDRE KARMAN (RUE)  => 136/143";"48,91015696";"2,38499776"
"202400011918";"20";"04";"2024";"14:45";"1";"88";"88087";"2";"3";"1";"3";"LECLERC (RUE GENERAL-)";"48,16781000";"6,43482000"
"202400011919";"13";"09";"2024";"15:00";"1";"57";"57540";"2";"1";"2";"6";"2 Rue de Bitche";"48,76706500";"7,26393900"
"202400011920";"22";"11";"2024";"01:05";"3";"92";"92022";"2";"1";"4";"3";"PAVE DES GARDES (RUE DU)";"48,80777320";"2,19168127"
"202400011921";"21";"04";"2024";"05:40";"3";"86";"86133";"2";"1";"1";"6";"Avenue du Noyer du Roy";"46,52609000";"0,33195000"
"202400011922";"12";"09";"2024";"16:30";"1";"59";"59624";"2";"1";"1";"6";"41 Rue de Cambrai";"50,02986100";"3,29443600"
"202400011923";"12";"09";"2024";"08:43";"3";"56";"56061";"1";"1";"1";"6";"Navetterie";"47,75966600";" -2,14615300"
"202400011924";"22";"04";"2024";"13:00";"1";"84";"84007";"2";"1";"1";"3";"TARASCON ( Avenue de)";"43,91763500";"4,80939900"
"202400011925";"23";"11";"2024";"17:40";"5";"92";"92064";"2";"1";"1";"7";"DAILLY";"48,84294686";"2,22092181"
"202400011926";"21";"04";"2024";"17:28";"1";"80";"80021";"2";"1";"1";"6";"Place Vogel";"49,89780000";"2,29547000"
"202400011927";"13";"09";"2024";"11:00";"1";"82";"82112";"2";"1";"1";"6";"Boulevard Camille Delthil";"44,10225200";"1,08638900"
"202400011928";"23";"11";"2024";"12:12";"1";"92";"92026";"2";"1";"1";"3";"EUROPE ( ROND POINT DE L' )";"48,90521424";"2,25592956"
"202400011929";"18";"04";"2024";"13:25";"1";"78";"78640";"2";"9";"1";"6";"MORANE-SAULNIER (AVENUE)";"48,78120000";"2,20860000"
"202400011930";"23";"11";"2024";"11:50";"1";"92";"92025";"2";"9";"1";"3";"KLEBER (AV)";"48,93356402";"2,25220489"
"202400011931";"13";"09";"2024";"13:00";"1";"11";"11040";"1";"2";"6";"1";"N/A";"43,15498000";"2,86292600"
"202400011932";"22";"04";"2024";"15:00";"1";"77";"77284";"2";"1";"1";"6";"APPEL DU 18 JUIN 1940 (AV.DE L')";"48,95154000";"2,90801000"
"202400011933";"22";"11";"2024";"11:25";"1";"80";"80693";"2";"1";"2";"3";"Rue de Moreuil";"49,90730200";"2,60987100"
"202400011934";"21";"04";"2024";"01:05";"5";"76";"76351";"2";"1";"1";"6";"HERMANN DU PASQUIER (CHAUSSEE)";"49,47824000";"0,14024000"
"202400011935";"11";"09";"2024";"15:15";"1";"11";"11255";"2";"1";"1";"1";"RD6113";"43,18484400";"2,93134300"
"202400011936";"23";"11";"2024";"23:40";"3";"95";"95395";"1";"1";"1";"1";"D316";"49,04208310";"2,39655562"
"202400011937";"21";"04";"2024";"04:45";"5";"72";"72181";"2";"1";"1";"6";"COURTILLE (RUE DE LA)";"48,00993000";"0,17904000"
"202400011938";"13";"09";"2024";"07:30";"2";"63";"63276";"2";"2";"1";"6";"3 Route de Thiers";"45,83859400";"3,49898200"
"202400011939";"23";"11";"2024";"17:57";"5";"85";"85233";"2";"1";"2";"3";"RD137";"46,52174400";" -1,08426200"
"202400011940";"22";"04";"2024";"07:30";"1";"69";"69029";"2";"3";"1";"2";"Avenue Ferdinand Buisson";"45,74186572";"4,91653680"
"202400011941";"10";"09";"2024";"17:30";"1";"63";"63034";"1";"1";"1";"7";"D2089";"45,79607860";"3,30402390"
"202400011942";"24";"11";"2024";"11:45";"1";"14";"14061";"1";"1";"6";"6";"1 le Val la Mer";"48,93549400";" -0,91938600"
"202400011943";"23";"11";"2024";"18:10";"3";"30";"30299";"1";"1";"2";"7";"Chemin de St Quentin la Poterie";"44,02689700";"4,45952900"
"202400011944";"12";"09";"2024";"13:00";"1";"12";"12037";"1";"1";"1";"7";"Lieu-dit La Caze";"44,02250100";"2,68117400"
"202400011945";"22";"04";"2024";"11:15";"1";"69";"69091";"2";"1";"8";"3";"Avenue Anatole France";"45,56973000";"4,79716000"
"202400011946";"11";"09";"2024";"10:49";"1";"22";"22251";"2";"1";"1";"6";"12 Rue Allenou";"48,57068600";" -2,81779500"
"202400011947";"22";"11";"2024";"18:50";"3";"76";"76755";"2";"1";"8";"6";"Route du Hameau Joyeux";"49,69099500";"0,53435000"
"202400011948";"22";"04";"2024";"10:45";"1";"67";"67482";"2";"3";"1";"3";"FEDERATION (ROUTE DE LA)";"48,56362000";"7,74196000"
"202400011949";"12";"09";"2024";"21:00";"3";"44";"44069";"1";"1";"1";"1";"Route des Marais";"47,31692300";" -2,45342700"
"202400011950";"23";"11";"2024";"17:45";"2";"82";"82097";"1";"3";"1";"3";"Chemin les Mérits";"43,97260000";"0,95042500"
"202400011951";"21";"04";"2024";"05:10";"5";"67";"67482";"2";"4";"2";"3";"SAINT NICOLAS (QUAI)";"48,57858000";"7,74880000"
"202400011952";"12";"09";"2024";"17:20";"1";"29";"29135";"2";"6";"1";"3";"Rue du Général de Gaulle";"47,83479378";" -4,18918343"
"202400011953";"23";"11";"2024";"22:22";"5";"65";"65258";"2";"1";"1";"3";"rue alsace lorraine";"43,12437400";"0,38496700"
"202400011954";"21";"04";"2024";"06:08";"5";"64";"64102";"2";"1";"1";"6";"SOULT (AVENUE MARECHAL)";"43,48488000";" -1,49552000"
"202400011955";"22";"11";"2024";"17:19";"2";"65";"65002";"1";"1";"1";"4";"N21";"43,14343626";" -0,02598798"
"202400011956";"20";"04";"2024";"20:10";"2";"59";"59334";"1";"1";"2";"6";"RD 643";"50,39165100";"3,04669300"
"202400011957";"24";"11";"2024";"17:00";"3";"89";"89315";"1";"1";"1";"6";"Préhy";"47,75902300";"3,75858500"
"202400011958";"13";"09";"2024";"09:20";"1";"70";"70236";"1";"1";"1";"3";"D434";"47,73245400";"6,10191800"
"202400011959";"24";"11";"2024";"11:30";"1";"61";"61145";"2";"1";"1";"7";"12 Rue de la Gare";"48,59064500";" -0,65598200"
"202400011960";"12";"09";"2024";"09:40";"1";"72";"72344";"1";"6";"1";"3";"Lieu-dit champfleury";"47,93903663";"0,15681803"
"202400011961";"22";"04";"2024";"14:15";"1";"54";"54096";"1";"1";"1";"6";"Lieu dit Thiery";"49,44313800";"5,86954800"
"202400011962";"23";"11";"2024";"14:50";"1";"61";"61123";"1";"2";"1";"3";"D916";"48,82354100";"0,02060200"
"202400011963";"13";"09";"2024";"14:18";"1";"14";"14540";"2";"1";"1";"7";"152 Route de Lisieux";"49,16952000";"0,24245600"
"202400011964";"24";"11";"2024";"17:45";"3";"55";"55566";"1";"1";"1";"7";"N/A";"49,02318000";"5,41441400"
"202400011965";"12";"09";"2024";"16:25";"1";"50";"50429";"1";"1";"1";"7";"Route départementale 49";"49,00091500";" -1,54677600"
"202400011966";"22";"11";"2024";"22:54";"3";"55";"55204";"1";"1";"1";"2";"D964";"49,03955600";"5,43454200"
"202400011967";"13";"09";"2024";"10:45";"1";"60";"60670";"1";"1";"1";"6";"D120";"49,29053100";"2,52999900"
"202400011968";"24";"11";"2024";"11:15";"1";"49";"49261";"2";"1";"1";"3";"Route de Saumur";"47,33971400";" -0,22575600"
"202400011969";"13";"09";"2024";"11:40";"1";"16";"16421";"2";"1";"1";"7";"N/A";"45,66434756";"0,45439571"
"202400011970";"22";"04";"2024";"18:25";"1";"51";"51108";"2";"2";"2";"3";"GROUPE LIBERATION NORD (RUE)";"48,93872000";"4,38272000"
"202400011971";"23";"11";"2024";"17:55";"2";"47";"47004";"1";"1";"1";"6";"RD642";"44,29584900";"0,33122100"
"202400011972";"12";"09";"2024";"18:00";"1";"53";"53180";"1";"1";"1";"7";"chemin de la touche éperon";"47,81838300";" -0,93952900"
"202400011973";"21";"11";"2024";"08:10";"1";"22";"22079";"1";"1";"4";"1";"D28";"48,40095500";" -2,72277500"
"202400011974";"22";"04";"2024";"09:45";"1";"49";"49353";"2";"6";"1";"3";"BAHONNEAU BOULEVARD";"47,44953000";" -0,48591000"
"202400011975";"13";"09";"2024";"09:15";"1";"40";"40185";"1";"1";"1";"6";"Route de Sensacq";"43,59729500";" -0,34816400"
"202400011976";"23";"11";"2024";"06:30";"3";"29";"29076";"1";"3";"2";"6";"D67";"48,43643309";" -4,57760786"
"202400011977";"22";"04";"2024";"10:20";"1";"45";"45234";"2";"1";"1";"2";"D2020 PR 36 + 6934";"47,88515000";"1,89730000"
"202400011978";"23";"11";"2024";"19:05";"3";"31";"31145";"1";"1";"9";"6";"Lieu Dit Barrau";"43,33053600";"1,52895000"
"202400011979";"12";"09";"2024";"16:20";"1";"04";"04024";"1";"1";"1";"7";"D900";"44,19768200";"6,37046100"
"202400011980";"22";"04";"2024";"15:35";"1";"44";"44184";"2";"6";"1";"3";"22 Boulevard Albert 1er";"47,26708000";" -2,22148000"
"202400011981";"23";"11";"2024";"12:27";"1";"50";"50487";"2";"3";"6";"6";"16 Rue de Rennes";"48,49593000";" -1,42068600"
"202400011982";"12";"09";"2024";"12:15";"1";"17";"17353";"2";"1";"1";"3";"Rue du Bois Mache";"45,98876200";" -1,02982900"
"202400011983";"24";"11";"2024";"04:50";"3";"60";"60021";"1";"1";"1";"7";"D130";"49,57477500";"3,11582600"
"202400011984";"22";"04";"2024";"08:00";"1";"34";"34108";"2";"1";"1";"1";"BALARUC (ROUTE DE)";"43,43664100";"3,70080500"
"202400011985";"12";"09";"2024";"18:35";"1";"30";"30348";"2";"9";"1";"3";"N/A";"44,05014800";"4,13520700"
"202400011986";"23";"11";"2024";"16:13";"1";"18";"18281";"2";"1";"1";"1";"61 Rue de la République";"47,19720700";"2,17529300"
"202400011987";"24";"11";"2024";"05:38";"3";"10";"10031";"1";"1";"8";"6";"D40";"48,54593400";"3,55378600"
"202400011988";"13";"09";"2024";"05:30";"3";"13";"13118";"1";"2";"1";"1";"Carrefour RD10 / entrée A8";"43,55036000";"5,23647900"
"202400011989";"21";"04";"2024";"03:00";"3";"34";"34129";"1";"1";"1";"2";"PALAVAS D986 (ROUTE DE)";"43,55177000";"3,89346000"
"202400011990";"24";"11";"2024";"11:45";"1";"24";"24547";"1";"1";"1";"7";"Route du Château";"45,11816000";"1,31781200"
"202400011991";"10";"09";"2024";"16:40";"1";"68";"68267";"1";"1";"1";"2";"autoroute A36 point kilométrique 004+620";"47,74111300";"7,23511900"
"202400011992";"22";"04";"2024";"08:15";"1";"33";"33075";"2";"2";"1";"3";"N/A";"44,87964800";" -0,62680000"
"202400011993";"23";"11";"2024";"19:50";"5";"85";"85084";"2";"6";"1";"3";"avenue de la promenade";"46,77505700";" -1,23204600"
"202400011994";"15";"11";"2024";"01:10";"3";"08";"08255";"2";"1";"1";"6";"N/A";"49,61678600";"5,22716400"
"202400011995";"12";"09";"2024";"18:00";"1";"30";"30169";"1";"9";"1";"6";"A9 PK 58+400 sens 2";"43,79687900";"4,30724700"
"202400011996";"13";"09";"2024";"08:20";"1";"77";"77474";"1";"1";"1";"2";"N3";"48,95722800";"2,79436800"
"202400011997";"22";"11";"2024";"12:03";"1";"38";"38229";"2";"1";"1";"1";"25 Avenue des 7 Laux";"45,21775100";"5,78574700"
"202400011998";"22";"04";"2024";"06:45";"1";"13";"13047";"2";"4";"6";"2";"RASSUEN ROUTE DE";"43,49572000";"4,97388000"
"202400011999";"23";"11";"2024";"07:00";"1";"987";"98729";"2";"1";"1";"7";"Maharepa";" -17,48504900";" -149,81670500"
"202400012000";"13";"09";"2024";"00:40";"3";"66";"66065";"1";"1";"1";"5";"D914";"42,59519651";"2,98107147"
"202400012001";"24";"11";"2024";"15:00";"1";"988";"98814";"1";"3";"2";"6";"Tribu de Hmelek";" -21,03819400";"167,27257900"
"202400012002";"13";"09";"2024";"07:45";"1";"83";"83047";"2";"3";"7";"3";"750 Chemin de Terrimas";"43,12214600";"6,06354100"
"202400012003";"21";"04";"2024";"04:20";"5";"75";"75116";"2";"1";"1";"5";"BD PERIPHERIQUE EXTERIEUR";"48,84408500";"2,25468100"
"202400012004";"23";"11";"2024";"15:40";"1";"971";"97117";"2";"3";"1";"3";"Boulevard Rougé";"16,33023000";" -61,34471100"
"202400012005";"24";"11";"2024";"10:22";"1";"21";"21540";"1";"1";"6";"6";"M700";"47,32820700";"5,10430800"
"202400012006";"12";"09";"2024";"09:10";"1";"13";"13105";"1";"1";"1";"3";"D7n";"43,74074700";"5,10321400"
"202400012007";"22";"04";"2024";"11:05";"1";"75";"75106";"2";"3";"1";"3";"BOULEVARD SAINT MICHEL";"48,84830300";"2,34156600"
"202400012008";"12";"09";"2024";"11:10";"1";"21";"21183";"1";"1";"1";"6";"D116";"47,24087100";"5,28607600"
"202400012009";"22";"11";"2024";"15:45";"1";"18";"18207";"2";"2";"1";"3";"Avenue Gabriel Dordain";"46,99380000";"2,24826500"
"202400012010";"6";"04";"2024";"18:20";"1";"75";"75106";"2";"3";"1";"3";"RUE DE CONDE";"48,85153000";"2,33826500"
"202400012011";"13";"09";"2024";"15:20";"1";"55";"55122";"2";"3";"1";"6";"21 Place Charles de Gaulle";"48,76187900";"5,59295300"
"202400012012";"23";"11";"2024";"17:15";"2";"34";"34327";"1";"2";"2";"3";"M65";"43,65898900";"3,98092400"
"202400012013";"22";"04";"2024";"18:30";"1";"75";"75111";"2";"3";"1";"3";"RUE DU FAUBOURG SAINT ANTOINE";"48,84931800";"2,39009900"
"202400012014";"12";"09";"2024";"15:10";"1";"42";"42046";"2";"4";"1";"3";"Chemin de la Ville";"45,64192900";"4,04612800"
"202400012015";"23";"11";"2024";"21:25";"3";"84";"84067";"1";"1";"1";"3";"Route de Carpentras";"44,06860500";"5,02114600"
"202400012016";"12";"09";"2024";"19:30";"2";"40";"40114";"1";"1";"1";"7";"2475 Route de Herm";"43,81242000";" -1,07304500"
"202400012017";"23";"11";"2024";"23:58";"3";"69";"69001";"1";"1";"6";"6";"Route Départementale 38";"45,84744276";"4,39913853"
"202400012018";"22";"04";"2024";"18:15";"1";"75";"75103";"2";"3";"1";"2";"RUE REAUMUR";"48,86531900";"2,35658900"
"202400012019";"12";"09";"2024";"13:20";"1";"85";"85226";"1";"3";"1";"3";"RD2038";"46,73389700";" -1,95046500"
"202400012020";"20";"04";"2024";"18:20";"1";"94";"94068";"2";"3";"1";"6";"Rue Lafayette / Avenue Pierre Semard";"48,80668000";"2,51038000"
"202400012021";"13";"09";"2024";"09:35";"1";"50";"50025";"2";"2";"1";"3";"Avenue du Rocher";"48,67862500";" -1,34143200"
"202400012022";"24";"11";"2024";"02:50";"3";"35";"35019";"2";"1";"6";"6";"4bis Rue du Châtelet";"48,42576004";" -1,57379260"
"202400012023";"22";"04";"2024";"09:30";"1";"94";"94043";"2";"2";"1";"6";"Rue Gabriel Péri / Rue de la Convention";"48,81244100";"2,35324700"
"202400012024";"15";"11";"2024";"14:30";"1";"60";"60139";"2";"6";"1";"1";"Rue François Truffaut";"49,15700100";"2,25518500"