"Num_Acc";"jour";"mois";"an";"hrmn";"lum";"dep";"com";"agg";"int";"atm";"col";"adr";"lat";"long"
"202400012412";"5";"08";"2024";"17:58";"1";"14";"14366";"2";"3";"1";"1";"105 Rue Roger Aini";"49,14366000";"0,24311000"
"202400012413";"2";"02";"2024";"08:00";"2";"69";"69388";"2";"2";"1";"6";"Rue Ludovic Arrachart";"45,73056000";"4,86447000"
"202400012414";"2";"08";"2024";"15:40";"1";"14";"14366";"2";"1";"1";"7";"157 Rue Nicolas Dulong";"49,14565600";"0,26917900"
"202400012415";"2";"02";"2024";"08:37";"1";"972";"97209";"2";"1";"1";"2";"AUTOROUTE (A1)";"14,61445000";" -61,04943000"
"202400012416";"4";"08";"2024";"17:45";"1";"14";"14487";"1";"1";"1";"6";"Route de Coquainvilliers";"49,17385800";"0,21245400"
"202400012417";"30";"12";"2024";"15:25";"1";"33";"33205";"1";"1";"8";"4";"N/A";"44,59699200";" -0,36161500"
"202400012418";"2";"02";"2024";"14:15";"1";"69";"69382";"2";"3";"1";"3";"3 Place Bellecour";"45,75881503";"4,83090470"
"202400012419";"5";"08";"2024";"19:30";"1";"13";"13117";"2";"1";"1";"1";"RHIN DANUBE ( AVENUE )";"43,42472036";"5,27183135"
"202400012420";"28";"12";"2024";"15:00";"1";"11";"11170";"2";"3";"1";"3";"N/A";"43,10788800";"3,09455600"
"202400012421";"2";"02";"2024";"09:00";"1";"69";"69385";"2";"1";"1";"6";"40 Quai Fulchiron";"45,75231000";"4,82219000"
"202400012422";"30";"12";"2024";"06:26";"1";"988";"98808";"2";"3";"1";"7";"Gondé";" -21,30001200";"165,46338000"
"202400012423";"5";"08";"2024";"22:25";"5";"13";"13201";"2";"2";"1";"3";"ROME (RUE DE)        2 A 64";"43,29433000";"5,37901000"
"202400012424";"1";"02";"2024";"19:38";"5";"69";"69381";"2";"3";"1";"3";"3 Quai Jean Moulin";"45,76778000";"4,83788000"
"202400012425";"27";"04";"2024";"20:30";"3";"986";"98613";"1";"1";"1";"1";"Ha'atofo";" -13,32794900";" -176,19190700"
"202400012426";"2";"02";"2024";"09:20";"1";"2B";"2B120";"1";"1";"1";"5";"11 - RT";"42,64991000";"9,44063000"
"202400012427";"5";"08";"2024";"04:30";"5";"13";"13215";"2";"6";"1";"3";"BOURRELY (CHEMIN DES)";"43,38065000";"5,36263000"
"202400012428";"2";"02";"2024";"09:05";"2";"2B";"2B033";"2";"1";"7";"6";"TOUTES RUES";"42,70474600";"9,44164700"
"202400012429";"5";"08";"2024";"19:18";"1";"13";"13005";"2";"9";"1";"3";"CD 2 (CAMP MAJOR)";"43,28851000";"5,54781000"
"202400012430";"2";"02";"2024";"07:05";"5";"2A";"2A004";"2";"1";"1";"6";"FREDIANI RUE LOUIS";"41,92495000";"8,73825000"
"202400012431";"31";"12";"2024";"15:40";"1";"29";"29234";"1";"3";"1";"2";"Ty Brabant";"47,87925689";" -3,49835660"
"202400012432";"30";"01";"2024";"20:05";"5";"95";"95428";"2";"3";"1";"1";"D144";"48,98847480";"2,32777164"
"202400012433";"15";"07";"2024";"16:40";"1";"12";"12146";"1";"1";"1";"1";"MILLAU (AVENUE DE)";"44,32657000";"2,58371000"
"202400012434";"30";"12";"2024";"19:56";"3";"2B";"2B355";"1";"1";"1";"1";"T20";"42,51470100";"9,39337500"
"202400012435";"2";"02";"2024";"06:30";"5";"91";"91161";"2";"3";"8";"6";" LONGJUMEAU (ROUTE DE)";"48,71032800";"2,29761100"
"202400012436";"5";"08";"2024";"21:10";"2";"10";"10387";"2";"1";"1";"3";"Rue des Sénardes";"48,29169000";"4,09308000"
"202400012437";"31";"12";"2024";"11:20";"1";"66";"66037";"2";"2";"1";"3";"Avenue Edouard Herriot";"42,68897300";"3,03186200"
"202400012438";"29";"12";"2024";"15:05";"1";"11";"11178";"1";"1";"7";"6";"D6113";"43,34337600";"1,86177500"
"202400012439";"30";"12";"2024";"20:02";"5";"69";"69204";"2";"1";"5";"1";"Route de Vourles";"45,67993100";"4,78929300"
"202400012440";"2";"02";"2024";"15:42";"1";"91";"91228";"2";"1";"1";"6";"L'EUROPE (BOULEVARD DE)";"48,63060000";"2,43085000"
"202400012441";"30";"12";"2024";"17:54";"3";"44";"44052";"1";"1";"1";"3";"Saint Lucien";"47,34389700";" -2,09710100"
"202400012442";"29";"12";"2024";"17:35";"2";"29";"29042";"2";"6";"1";"7";"Tal ar Groas - Route de Crozon (Arrêt de bus)";"48,24829018";" -4,41871701"
"202400012443";"31";"01";"2024";"08:05";"2";"87";"87085";"2";"3";"1";"3";"CHABEAUDIE  (CHEMIN DE LA)";"45,84319349";"1,21863842"
"202400012444";"5";"08";"2024";"07:45";"1";"06";"06088";"2";"1";"1";"6";"26 Boulevard de Cimiez";"43,71033500";"7,27096100"
"202400012445";"30";"12";"2024";"18:50";"3";"60";"60222";"1";"2";"5";"3";"D938";"49,46897600";"2,26196100"
"202400012446";"2";"02";"2024";"12:45";"1";"30";"30011";"1";"1";"1";"5";"R.N. 100";"43,95413000";"4,75673000"
"202400012447";"4";"08";"2024";"09:50";"1";"05";"05023";"2";"3";"1";"3";"Avenue du Dauphiné";"44,90443093";"6,62793428"
"202400012448";"30";"12";"2024";"19:50";"3";"57";"57206";"1";"9";"2";"2";"Autoroute A30";"49,31035838";"6,11302575"
"202400012449";"2";"02";"2024";"13:10";"1";"83";"83137";"2";"1";"1";"6";"15EME CORPS (AVE DU)";"43,12852820";"5,91446060"
"202400012450";"4";"08";"2024";"19:25";"1";"75";"75114";"2";"1";"1";"2";"PORTE DE CHATILLON";"48,82400400";"2,30766900"
"202400012451";"2";"08";"2024";"18:38";"1";"75";"75120";"2";"1";"1";"2";"BD PERIPHERIQUE INTERIEUR";"48,86784500";"2,41324100"
"202400012452";"2";"02";"2024";"20:40";"5";"83";"83061";"2";"2";"1";"3";"AVENUE DE PROVENCE";"43,42765489";"6,74572703"
"202400012453";"2";"02";"2024";"16:10";"1";"78";"78350";"2";"1";"1";"1";"CONTI (QUAI)";"48,87631300";"2,11714400"
"202400012454";"5";"08";"2024";"10:55";"1";"75";"75117";"2";"3";"1";"3";"RUE GUSTAVE CHARPENTIER";"48,88061800";"2,28103600"
"202400012455";"28";"12";"2024";"17:35";"2";"92";"92025";"1";"1";"1";"4";"A86";"48,93400494";"2,25573622"
"202400012456";"1";"02";"2024";"18:25";"5";"78";"78372";"2";"1";"1";"3";"PRESIDENT J.F KENNEDY (AVENUE DU)";"48,88108900";"2,09745700"
"202400012457";"13";"07";"2024";"21:55";"3";"972";"97213";"1";"1";"1";"3";"ROUTE DEPARTEMENTALE 15";"14,62220000";" -61,00655200"
"202400012458";"4";"08";"2024";"19:50";"1";"75";"75116";"2";"5";"1";"6";"AVENUE VICTOR HUGO";"48,86785400";"2,28107100"
"202400012459";"1";"02";"2024";"17:50";"2";"77";"77083";"2";"6";"1";"7";"ALBERT EINSTEIN (BOULEVARD)";"48,83785000";"2,58515000"
"202400012460";"10";"06";"2024";"16:00";"1";"91";"91174";"2";"3";"2";"3";"RUE DE L AVENIR";"48,58074000";"2,47636000"
"202400012461";"5";"08";"2024";"16:20";"1";"75";"75110";"2";"3";"1";"6";"QUAI DE VALMY";"48,87926400";"2,36674400"
"202400012462";"16";"01";"2024";"08:20";"2";"77";"77373";"1";"1";"1";"2";"DEPARTEMENTALE 1004";"48,79086400";"2,61848000"
"202400012463";"1";"07";"2024";"10:35";"1";"03";"03310";"2";"2";"1";"6";"avenue de Gramont";"46,13055900";"3,43318200"
"202400012464";"5";"08";"2024";"06:50";"5";"75";"75108";"2";"3";"1";"2";"RUE PIERRE CHARRON";"48,86869800";"2,30174100"
"202400012465";"2";"02";"2024";"20:00";"4";"76";"76486";"2";"1";"1";"6";"Rue de Rouen";"49,30230000";"0,99227000"
"202400012466";"3";"02";"2024";"02:40";"3";"03";"03001";"2";"1";"5";"3";"N/A";"46,10081000";"3,42894000"
"202400012467";"5";"08";"2024";"09:10";"1";"75";"75103";"2";"3";"1";"6";"RUE REAUMUR";"48,86497700";"2,35827600"
"202400012468";"8";"01";"2024";"19:00";"5";"03";"03310";"2";"1";"1";"6";"avenue des Célestins";"46,12068800";"3,42651000"
"202400012469";"2";"02";"2024";"08:00";"2";"76";"76231";"1";"1";"8";"3";"Rue Bourgtheroulde";"49,28776000";"0,97436000"
"202400012470";"28";"12";"2024";"17:30";"1";"974";"97411";"2";"1";"1";"6";"LECONTE DE LISLE (AVENUE)";" -20,89564000";"55,49056000"
"202400012471";"4";"08";"2024";"03:45";"5";"75";"75101";"2";"3";"1";"2";"RUE DE RIVOLI";"48,86275200";"2,33527200"
"202400012472";"1";"02";"2024";"19:30";"5";"76";"76351";"2";"6";"2";"7";"SEIZIEME PORT (AVENUE DU)";"49,45842000";"0,18599000"
"202400012473";"29";"12";"2024";"10:50";"1";"973";"97302";"2";"1";"2";"6";"14 ET 22 JUIN 1962";"4,93453000";" -52,32710000"
"202400012474";"5";"08";"2024";"19:40";"1";"94";"94073";"1";"9";"1";"6";"Rdpt d'Espagne";"48,75425700";"2,37420200"
"202400012475";"1";"02";"2024";"08:15";"2";"76";"76351";"2";"1";"2";"6";"FRISSARD (QUAI)";"49,49001000";"0,12614000"
"202400012476";"29";"12";"2024";"02:30";"5";"69";"69387";"2";"1";"5";"2";"Quai Claude Bernard";"45,75360659";"4,83835893"
"202400012477";"5";"08";"2024";"15:25";"1";"94";"94073";"2";"2";"1";"3";"Avenue de Pourtour";"48,75429500";"2,37511100"
"202400012478";"2";"02";"2024";"21:10";"5";"74";"74012";"2";"3";"1";"1";"BROUAZ (RUE DU)";"46,18451000";"6,22874000"
"202400012479";"29";"12";"2024";"11:15";"1";"972";"97209";"1";"1";"1";"7";"RD 41 (ROCADE)";"14,61594000";" -61,05729000"
"202400012480";"5";"08";"2024";"08:35";"1";"94";"94033";"2";"1";"1";"1";"Avenue de Stalingrad";"48,85244000";"2,44963000"
"202400012481";"29";"12";"2024";"16:45";"2";"69";"69149";"2";"3";"5";"3";"Rue Fleury";"45,71437000";"4,80969000"
"202400012482";"25";"01";"2024";"11:05";"1";"73";"73008";"2";"1";"1";"2";"VERDUN AVENUE DE";"45,69078000";"5,91052000"
"202400012483";"5";"08";"2024";"13:40";"1";"94";"94017";"2";"3";"1";"3";"Rue Louis Talamoni";"48,81281000";"2,51404000"
"202400012484";"2";"02";"2024";"10:26";"1";"72";"72181";"2";"9";"1";"6";"MADRID (ALLEE DE)";"48,02012000";"0,20970000"
"202400012485";"29";"12";"2024";"07:15";"5";"95";"95252";"2";"2";"1";"2";"D508";"48,98445000";"2,24067000"
"202400012486";"5";"08";"2024";"01:40";"4";"95";"95527";"1";"4";"1";"3";"COMMUNE (ROUTE DE LA)";"49,00800456";"2,52519786"
"202400012487";"1";"02";"2024";"19:30";"5";"72";"72181";"2";"6";"1";"2";"BOUTTIE GEORGES (PL) DE N° 7 A 14";"48,01126000";"0,18929000"
"202400012488";"29";"12";"2024";"17:30";"5";"91";"91027";"2";"1";"2";"4";"AV FRANCOIS MITTERRAND";"48,70943714";"2,37144828"
"202400012489";"4";"08";"2024";"22:30";"5";"93";"93055";"2";"2";"1";"6";"Rue Delizy / Rue Victor Hugo";"48,89392502";"2,40965152"
"202400012490";"1";"02";"2024";"13:55";"1";"72";"72181";"2";"9";"1";"3";"ANATOLE FRANCE (BD )";"48,00111000";"0,18891000"
"202400012491";"29";"12";"2024";"10:15";"1";"83";"83062";"2";"1";"1";"6";"DE LATTRE DE TASSIGNY (AVENUE)";"43,11340163";"5,99004579"
"202400012492";"5";"08";"2024";"11:40";"1";"93";"93050";"2";"1";"1";"6";"MARECHAL FOCH (AVENUE) COTE PAIR";"48,85504600";"2,52450600"
"202400012493";"29";"12";"2024";"09:15";"1";"78";"78586";"2";"1";"1";"6";"DIJOU";"48,93840000";"2,15096000"
"202400012494";"5";"08";"2024";"20:30";"1";"93";"93046";"2";"1";"1";"6";"POSTES CHEMIN DES";"48,90818000";"2,53275500"
"202400012495";"29";"12";"2024";"05:15";"5";"76";"76108";"2";"1";"2";"6";"Route de Neufchâtel";"49,47224000";"1,12244000"
"202400012496";"31";"01";"2024";"17:45";"2";"72";"72181";"2";"3";"1";"2";"LAIGNE RUE DE N° PAIRS 260 ET >";"47,96036000";"0,20813000"
"202400012497";"3";"08";"2024";"21:25";"1";"93";"93014";"2";"1";"2";"6";"BELLEVUE (ALLEE DE)";"48,91481000";"2,54883000"
"202400012498";"29";"12";"2024";"18:00";"5";"76";"76217";"2";"1";"1";"2";"AVENUE JEAN JAURES";"49,91017000";"1,06672000"
"202400012499";"2";"02";"2024";"15:10";"1";"71";"71445";"1";"1";"1";"2";"RD673";"46,78219000";"4,88608000"
"202400012500";"5";"08";"2024";"09:30";"1";"93";"93057";"2";"2";"1";"3";"Avenue Jean Jaurès / Avenue du Président Wilson";"48,90281000";"2,50844000"
"202400012501";"29";"12";"2024";"23:50";"5";"69";"69259";"2";"1";"1";"7";"Allée des Savoies";"45,71706000";"4,85774000"
"202400012502";"29";"01";"2024";"13:45";"1";"70";"70550";"2";"2";"7";"6";"Rue Jean Jaurès";"47,61582200";"6,15300600"
"202400012503";"29";"12";"2024";"19:50";"5";"69";"69029";"2";"9";"1";"3";"Rue Jean Voillot";"45,73269179";"4,90158753"
"202400012504";"5";"08";"2024";"22:20";"5";"93";"93005";"2";"1";"1";"3";"Route de Bondy";"48,92516052";"2,49069431"
"202400012505";"29";"12";"2024";"21:30";"5";"66";"66136";"2";"1";"1";"6";"Rue de Torremila";"42,72137000";"2,87722000"
"202400012506";"5";"08";"2024";"17:40";"1";"93";"93001";"2";"1";"1";"6";"Avenue de la République";"48,91087261";"2,38499737"
"202400012507";"2";"02";"2024";"22:48";"5";"69";"69256";"2";"2";"1";"1";"Rue Jean Foucaud";"45,77404000";"4,92103000"
"202400012508";"28";"12";"2024";"17:58";"2";"64";"64483";"2";"1";"1";"3";"LAHANCHIPIA (AVENUE)";"43,40201000";" -1,62728000"
"202400012509";"3";"08";"2024";"21:15";"2";"92";"92035";"2";"2";"2";"3";"Verdun 1916 ( avenue de )";"48,90672261";"2,23879266"
"202400012510";"23";"12";"2024";"14:15";"1";"62";"62427";"2";"1";"1";"3";"Chemin de Noyelles";"50,40145241";"2,97701669"
"202400012511";"2";"02";"2024";"16:20";"1";"69";"69199";"2";"3";"1";"3";"Rue Mathieu Dussurgey";"45,71227000";"4,86251000"
"202400012512";"29";"12";"2024";"15:50";"1";"56";"56260";"2";"3";"1";"2";"Boulevard des Îles";"47,65507000";" -2,77496000"
"202400012513";"5";"08";"2024";"09:51";"1";"92";"92024";"2";"2";"1";"3";"HENRI BARBUSSE (RUE) DE (1 A 73)   (2 A";"48,90003000";"2,30622000"
"202400012514";"2";"02";"2024";"21:20";"5";"64";"64122";"2";"6";"1";"2";"SEEGER ALAN (RUE)";"43,45835000";" -1,54749000"
"202400012515";"3";"02";"2024";"02:20";"4";"64";"64024";"2";"1";"2";"2";"BIARRITZ (AVENUE DE)";"43,48044000";" -1,52768000"
"202400012516";"4";"08";"2024";"18:15";"1";"35";"35151";"1";"4";"1";"6";"Les Landriaux";"47,84463100";" -1,95436500"
"202400012517";"28";"12";"2024";"17:00";"1";"56";"56260";"2";"1";"1";"3";"Rue Ferdinand Le Dressay";"47,65342000";" -2,75767000"
"202400012518";"29";"12";"2024";"10:00";"1";"54";"54323";"2";"3";"1";"6";"Avenue Hippolyte d’Huart";"49,51615000";"5,77763000"
"202400012519";"1";"02";"2024";"17:22";"1";"64";"64024";"2";"3";"8";"2";"HAUSQUETTE (RUE DE)";"43,49875000";" -1,50695000"
"202400012520";"28";"12";"2024";"15:25";"1";"39";"39300";"2";"1";"7";"6";"Route de Besançon";"46,68617800";"5,56227600"
"202400012521";"18";"07";"2024";"08:40";"1";"37";"37082";"1";"2";"1";"3";"La Parfaiterie";"47,35625100";"0,27380500"
"202400012522";"2";"02";"2024";"02:30";"5";"62";"62563";"2";"6";"1";"6";"D943";"50,47018348";"2,75176596"
"202400012523";"29";"12";"2024";"05:00";"3";"29";"29232";"1";"1";"1";"6";"RN 165";"48,03918399";" -4,07541312"
"202400012524";"5";"08";"2024";"09:35";"1";"86";"86128";"2";"2";"1";"3";"Rue Charles de Gaulle";"46,81054300";"0,32035300"
"202400012525";"28";"12";"2024";"17:17";"1";"19";"19031";"2";"1";"1";"1";"FERRY (BOULEVARD JULES)";"45,15862167";"1,53600001"
"202400012526";"2";"02";"2024";"08:10";"1";"59";"59560";"2";"1";"1";"6";"Boulevard Joseph Hentges";"50,55307800";"3,03180600"
"202400012527";"6";"08";"2024";"02:45";"3";"22";"22368";"2";"1";"1";"6";"Rue Marcel Lesné";"48,55808600";" -2,06257000"
"202400012528";"28";"12";"2024";"11:45";"1";"13";"13056";"2";"2";"1";"3";"DROITS DE L'HOMME AVENUE DES";"43,42887000";"5,03900000"
"202400012529";"5";"08";"2024";"15:10";"1";"68";"68112";"2";"2";"1";"6";"Rue de l'Ancien Hôpital";"47,90888500";"7,21108700"
"202400012530";"2";"02";"2024";"07:25";"5";"59";"59350";"2";"2";"1";"3";"Rue du Docteur Calmette";"50,62913000";"3,07547000"
"202400012531";"28";"12";"2024";"19:00";"5";"08";"08409";"2";"3";"2";"5";"31 Rue Jean Jaurés";"49,69737000";"4,93144000"
"202400012532";"30";"12";"2024";"00:45";"5";"04";"04070";"2";"1";"1";"6";"CUZIN (AV. F.)";"44,08638000";"6,23080000"
"202400012533";"2";"02";"2024";"00:30";"5";"59";"59350";"2";"2";"1";"3";"Rue du Faubourg de Béthune";"50,61792662";"3,02988614"
"202400012534";"3";"08";"2024";"13:50";"1";"13";"13078";"1";"3";"1";"3";"route d'arles";"43,43070200";"4,76050300"
"202400012535";"13";"11";"2024";"06:30";"5";"04";"04070";"2";"7";"1";"6";"GASSEND (R. J-C)";"44,08574000";"6,21796000"
"202400012536";"2";"02";"2024";"15:20";"1";"57";"57751";"2";"1";"1";"6";"Avenue des Deux Fontaines";"49,14891360";"6,17156982"
"202400012537";"25";"07";"2024";"17:30";"1";"83";"83054";"1";"1";"7";"2";"A57 PK 9";"43,15435400";"6,04102100"
"202400012538";"2";"02";"2024";"08:00";"2";"56";"56083";"2";"1";"2";"6";"ALLENDE ( AV. PRES. SALVADOR )";"47,81348000";" -3,24770000"
"202400012539";"29";"12";"2024";"20:00";"5";"75";"75119";"2";"2";"1";"3";"BOULEVARD DE LA VILLETTE";"48,88237700";"2,37043300"
"202400012540";"5";"08";"2024";"19:20";"3";"972";"97203";"1";"1";"1";"1";"N3";"14,83309400";" -61,10115100"
"202400012541";"1";"02";"2024";"18:00";"1";"56";"56121";"2";"1";"1";"6";"COUEDIC (RUE  DU )";"47,74998000";" -3,36340000"
"202400012542";"29";"12";"2024";"10:50";"1";"75";"75115";"2";"2";"1";"6";"RUE LECOURBE";"48,84047500";"2,29572200"
"202400012543";"5";"08";"2024";"16:00";"1";"35";"35172";"1";"5";"1";"1";"Tournebride";"48,41501400";" -1,83909400"
"202400012544";"2";"02";"2024";"08:10";"2";"56";"56083";"1";"1";"2";"2";"Pont de Locoyarn";"47,78886000";" -3,28816000"
"202400012545";"28";"12";"2024";"18:15";"5";"75";"75109";"2";"2";"1";"3";"RUE DU FAUBOURG MONTMARTRE";"48,87585500";"2,34035900"
"202400012546";"29";"01";"2024";"17:11";"1";"54";"54528";"2";"1";"7";"1";"Avenue du Colonel Péchot";"48,67949900";"5,88841400"
"202400012547";"29";"12";"2024";"06:50";"5";"75";"75117";"2";"3";"1";"6";"PLACE DU MARECHAL JUIN";"48,88486100";"2,29791000"
"202400012548";"4";"08";"2024";"04:10";"3";"35";"35235";"1";"4";"1";"6";"D463";"47,90551500";" -1,18817800"
"202400012549";"4";"08";"2024";"16:10";"1";"67";"67391";"1";"1";"1";"7";"D218";"48,67264900";"7,31153000"
"202400012550";"29";"12";"2024";"11:40";"1";"75";"75104";"2";"2";"1";"6";"RUE DE RIVOLI";"48,85803700";"2,34977800"
"202400012551";"2";"02";"2024";"09:20";"1";"54";"54395";"2";"2";"1";"3";"Rue de Nabecor";"48,67957660";"6,18975788"
"202400012552";"6";"08";"2024";"16:50";"1";"22";"22018";"2";"2";"1";"1";"intersection RD15/RD20";"48,66011000";" -3,22110100"
"202400012553";"30";"01";"2024";"13:10";"1";"52";"52121";"2";"1";"1";"2";"LAVOISIER (RUE)";"48,09344000";"5,13577000"
"202400012554";"29";"12";"2024";"06:00";"3";"94";"94060";"2";"3";"8";"3";"Rue du Général de Gaulle";"48,78088000";"2,57346000"
"202400012555";"4";"08";"2024";"16:55";"1";"79";"79307";"2";"1";"1";"1";"N/A";"46,13397800";"0,11509300"
"202400012556";"29";"12";"2024";"17:45";"5";"93";"93050";"2";"1";"1";"2";"MARX DORMOY (RUE)";"48,85445000";"2,53224000"
"202400012557";"2";"02";"2024";"17:00";"2";"51";"51454";"2";"1";"1";"2";"BOULEVARD DES TONDEURS";"49,27380000";"4,05840000"
"202400012558";"5";"08";"2024";"14:15";"1";"44";"44195";"1";"1";"1";"6";"N/A";"47,37659000";" -1,94505800"
"202400012559";"29";"12";"2024";"19:10";"5";"93";"93047";"2";"2";"2";"3";"Avenue Gabriel Péri / Avenue des Coquelicots";"48,89020000";"2,55205000"
"202400012560";"1";"02";"2024";"12:20";"1";"51";"51454";"2";"1";"2";"2";"CLEMENCEAU (AVENUE GEORGES)";"49,25101000";"4,05055000"
"202400012561";"4";"08";"2024";"04:40";"3";"87";"87143";"1";"1";"1";"6";"D28";"45,91649900";"1,12176500"
"202400012562";"6";"08";"2024";"10:50";"1";"51";"51212";"1";"1";"1";"7";"D79";"48,75940403";"4,28194486"
"202400012563";"29";"12";"2024";"18:20";"2";"92";"92064";"2";"1";"2";"4";"MARECHAL JUIN";"48,84030961";"2,22120032"
"202400012564";"1";"02";"2024";"12:20";"1";"51";"51454";"2";"2";"1";"3";"SAINT BRICE (RUE)";"49,25861000";"4,01848000"
"202400012565";"5";"08";"2024";"12:40";"1";"59";"59663";"1";"1";"1";"3";"Route de Cassel";"50,87123001";"2,47012552"
"202400012566";"29";"12";"2024";"18:55";"5";"92";"92044";"2";"1";"2";"7";"VILLIERS(RUE DE)  2A52";"48,88754919";"2,28249852"
"202400012567";"2";"02";"2024";"20:50";"3";"38";"38563";"1";"1";"1";"1";"D1076";"45,38952000";"5,57309000"
"202400012568";"4";"08";"2024";"11:30";"1";"67";"67199";"1";"1";"1";"3";"RD 323";"48,95776700";"6,99489500"
"202400012569";"2";"02";"2024";"08:30";"1";"38";"38185";"2";"1";"1";"1";"CHEMIN DE HALAGE";"45,18870000";"5,74458000"
"202400012570";"5";"08";"2024";"19:15";"1";"76";"76336";"1";"4";"1";"7";"rue bricoté";"49,82727000";"0,76490200"
"202400012571";"29";"12";"2024";"01:35";"5";"92";"92024";"2";"1";"2";"2";"CLICHY (QUAI DE) DE (104 A 202)";"48,91064000";"2,30548000"
"202400012572";"2";"02";"2024";"05:45";"3";"38";"38053";"1";"6";"1";"1";"BOURG EN BRESSE";"45,60721000";"5,25272000"
"202400012573";"6";"08";"2024";"10:55";"1";"76";"76655";"2";"2";"1";"6";"Avenue Foch";"49,86283800";"0,71348900"
"202400012574";"29";"12";"2024";"17:08";"5";"92";"92007";"2";"1";"2";"3";"VERDUN (RUE DE) N° IMPAIRS";"48,80202095";"2,31822520"
"202400012575";"29";"12";"2024";"22:30";"3";"01";"01290";"1";"1";"5";"6";"rd 4";"45,90792800";"5,15970600"
"202400012576";"4";"08";"2024";"22:00";"3";"79";"79351";"2";"5";"1";"6";"N/A";"46,41075200";" -0,53860900"
"202400012577";"2";"02";"2024";"18:30";"2";"37";"37233";"2";"6";"1";"3";"REPUBLIQUE (AVENUE DE LA)";"47,38985000";"0,72443000"
"202400012578";"4";"08";"2024";"22:50";"5";"80";"80228";"2";"1";"1";"7";"28 Route de la Maye";"50,24447878";"1,61890090"
"202400012579";"29";"12";"2024";"16:50";"1";"76";"76652";"1";"1";"1";"1";"D22";"49,81183300";"1,25870700"
"202400012580";"2";"02";"2024";"01:45";"3";"35";"35278";"1";"1";"1";"6";"RD 137";"48,15458000";" -1,70200000"
"202400012581";"19";"12";"2024";"21:00";"4";"01";"01033";"1";"1";"2";"6";"D101f";"46,11065100";"5,80504100"
"202400012582";"1";"02";"2024";"22:30";"5";"35";"35238";"2";"1";"1";"6";"BOURGOGNE (DE)";"48,11925000";" -1,70750000"
"202400012583";"4";"08";"2024";"07:30";"1";"82";"82093";"2";"3";"1";"1";"D928";"43,92970800";"1,08299000"
"202400012584";"29";"12";"2024";"20:35";"5";"56";"56053";"2";"2";"1";"3";"Rue Rochefort";"47,73286040";" -2,58919045"
"202400012585";"2";"02";"2024";"11:00";"1";"35";"35115";"2";"1";"5";"6";"BOURDON (RUE LOUIS)";"48,35977404";" -1,18982188"
"202400012586";"7";"12";"2024";"19:30";"5";"80";"80533";"2";"1";"2";"6";"Rue Roger Salengro";"50,06730200";"1,38672900"
"202400012587";"6";"08";"2024";"10:29";"1";"63";"63276";"1";"1";"7";"3";"route de pont-astier";"45,85929966";"3,47635606"
"202400012588";"28";"12";"2024";"10:45";"1";"71";"71157";"1";"1";"1";"7";"D11";"46,50459600";"5,33377600"
"202400012589";"2";"02";"2024";"20:15";"5";"34";"34129";"2";"2";"1";"3";"FIGUIERES (AVENUE DE)";"43,58285000";"3,92536000"
"202400012590";"30";"12";"2024";"15:15";"1";"89";"89485";"1";"1";"1";"6";"D606";"47,56480000";"3,78060000"
"202400012591";"5";"08";"2024";"19:00";"1";"63";"63022";"1";"1";"1";"2";"D710";"45,43462286";"3,30247417"
"202400012592";"3";"02";"2024";"00:11";"3";"33";"33281";"2";"1";"1";"3";"N/A";"44,82779000";" -0,67460000"
"202400012593";"30";"12";"2024";"15:10";"1";"63";"63267";"1";"1";"1";"6";"Route des Sarraix";"45,90011800";"3,63128200"
"202400012594";"6";"08";"2024";"11:15";"1";"12";"12258";"1";"1";"1";"6";"le moulin de bouscal";"44,22852570";"2,19692409"
"202400012595";"29";"12";"2024";"00:35";"3";"47";"47019";"1";"1";"5";"6";"1710 Route du Lac";"44,26849900";"0,72389300"
"202400012596";"2";"02";"2024";"22:22";"5";"33";"33063";"2";"2";"1";"3";"N/A";"44,83621600";" -0,58084310"
"202400012597";"4";"08";"2024";"19:10";"1";"12";"12088";"1";"3";"1";"6";"D921";"44,64761500";"2,85024100"
"202400012598";"2";"02";"2024";"21:00";"5";"29";"29232";"2";"1";"2";"6";"Plasenn Alexandre Massé";"47,99708100";" -4,10056500"
"202400012599";"5";"08";"2024";"18:00";"1";"68";"68273";"1";"1";"1";"6";"D9BIS5";"47,52964800";"7,28843100"
"202400012600";"2";"02";"2024";"15:30";"1";"29";"29232";"2";"1";"1";"5";"Rue Guy Autret";"47,99498000";" -4,07919000"
"202400012601";"27";"12";"2024";"11:20";"1";"01";"01304";"2";"1";"7";"4";"Rue Gabriel Vicaire";"46,04175300";"5,33672200"
"202400012602";"5";"08";"2024";"16:00";"1";"25";"25357";"1";"1";"1";"7";"chemin du train";"46,95838400";"6,40619900"
"202400012603";"29";"12";"2024";"23:00";"4";"26";"26042";"2";"4";"1";"6";"Rue des Ecoles";"44,85397500";"4,90797000"
"202400012604";"3";"08";"2024";"06:35";"2";"29";"29220";"1";"1";"1";"6";"D785";"47,88804805";" -4,20969292"
"202400012605";"2";"02";"2024";"02:10";"5";"29";"29019";"2";"2";"2";"3";"boulevard de l'Europe";"48,41306400";" -4,48669000"
"202400012606";"5";"08";"2024";"23:45";"3";"02";"02141";"1";"1";"1";"3";"N/A";"49,96063378";"3,91192580"