"Num_Acc";"jour";"mois";"an";"hrmn";"lum";"dep";"com";"agg";"int";"atm";"col";"adr";"lat";"long"
"202400012607";"30";"12";"2024";"09:45";"1";"40";"40046";"1";"1";"5";"1";"D46 PK9";"44,41885425";" -1,07374191"
"202400012608";"1";"02";"2024";"13:15";"1";"29";"29019";"2";"3";"1";"3";"rue Marcellin Duval";"48,41531400";" -4,48674700"
"202400012609";"6";"08";"2024";"05:00";"2";"84";"84030";"1";"1";"1";"6";"D974";"44,08280700";"5,10971500"
"202400012610";"29";"12";"2024";"17:45";"3";"24";"24211";"1";"1";"1";"1";"route des moulins";"45,01772900";"0,42136400"
"202400012611";"1";"02";"2024";"08:35";"2";"29";"29019";"2";"2";"2";"3";"rue Mozart";"48,39660400";" -4,52950500"
"202400012612";"6";"08";"2024";"15:30";"1";"03";"03018";"1";"1";"1";"1";"Route de Gannat";"46,25675200";"3,28788400"
"202400012613";"29";"12";"2024";"17:00";"1";"06";"06030";"1";"1";"1";"2";"A8 PK 161.700 Chaussée Nord";"43,57024100";"6,97438700"
"202400012614";"30";"01";"2024";"12:40";"1";"28";"28085";"2";"1";"8";"7";"LECLERC (RUE DU MARECHAL)";"48,44000000";"1,47500000"
"202400012615";"29";"12";"2024";"19:55";"3";"91";"91017";"1";"1";"1";"6";"A10";"48,59283900";"2,04413300"
"202400012616";"5";"08";"2024";"21:30";"3";"01";"01124";"1";"1";"1";"1";"Route de Bourg";"46,41845200";"5,23744200"
"202400012617";"2";"02";"2024";"01:30";"5";"28";"28085";"2";"1";"5";"6";"COURTILLE (BOULEVARD DE LA)";"48,44221000";"1,49353000"
"202400012618";"29";"12";"2024";"22:15";"5";"978";"97801";"2";"1";"2";"1";"VOI 8 RUE DE HOLLANDE";"18,07049300";" -63,08215500"
"202400012619";"6";"08";"2024";"09:30";"1";"70";"70398";"1";"1";"7";"1";"route des gouvets";"47,80377300";"6,31680500"
"202400012620";"1";"02";"2024";"08:21";"1";"27";"27229";"2";"1";"2";"2";"COCHEREL (RUE DE)";"49,01955000";"1,18307000"
"202400012621";"29";"12";"2024";"15:00";"1";"73";"73176";"1";"1";"1";"3";"D1090 - Route du Col du Petit Saint Bernard";"45,62112100";"6,85832300"
"202400012622";"6";"08";"2024";"09:35";"1";"58";"58083";"2";"1";"1";"6";"Avenue Saint-jean";"47,25477200";"3,68029100"
"202400012623";"2";"02";"2024";"18:50";"5";"26";"26362";"2";"1";"1";"3";"Avenue Sadi Carnot";"44,93502300";"4,89739180"
"202400012624";"29";"12";"2024";"18:30";"3";"73";"73054";"1";"1";"1";"1";"D119 - Route des Arcs";"45,60362700";"6,77278200"
"202400012625";"2";"02";"2024";"10:15";"1";"26";"26252";"2";"1";"1";"6";"Route des Mernes";"44,86306822";"4,90387201"
"202400012626";"28";"12";"2024";"18:30";"5";"01";"01043";"2";"1";"1";"7";"Chemin des Malettes";"45,82664600";"4,99888700"
"202400012627";"6";"08";"2024";"10:45";"1";"66";"66063";"1";"1";"1";"3";"D900";"42,48682513";"2,83724070"
"202400012628";"1";"02";"2024";"18:00";"2";"19";"19031";"2";"2";"1";"3";"Avenue Ribot";"45,16479000";"1,51526000"
"202400012629";"5";"08";"2024";"17:20";"1";"72";"72165";"2";"9";"1";"1";"Rue de la Martinière";"48,08262300";"0,41666000"
"202400012630";"30";"12";"2024";"16:40";"1";"17";"17219";"1";"1";"8";"4";"D728";"45,82523300";" -1,09039800"
"202400012631";"2";"02";"2024";"03:20";"3";"17";"17274";"1";"1";"1";"7";"D108";"46,15763000";" -1,07504000"
"202400012632";"29";"12";"2024";"14:50";"1";"56";"56146";"1";"1";"8";"7";"Le Stumo";"48,14307800";" -3,00516300"
"202400012633";"4";"08";"2024";"17:00";"1";"14";"14078";"1";"2";"1";"3";"Route de Longuemare";"49,27730900";" -0,84927900"
"202400012634";"29";"12";"2024";"14:30";"1";"13";"13203";"1";"1";"1";"3";"A557-Liaison A7 Marseille-A55 Marseille";"43,31700000";"5,36400000"
"202400012635";"5";"08";"2024";"12:30";"1";"05";"05142";"1";"1";"1";"6";"Route Napoléon";"44,77723500";"6,01049800"
"202400012636";"2";"02";"2024";"15:20";"1";"16";"16015";"2";"1";"1";"3";"BASSEAU (RUE DE N° 1 A 237)";"45,65102800";"0,14280080"
"202400012637";"27";"12";"2024";"13:35";"1";"13";"13015";"1";"1";"1";"2";"A515CD-Gardanne vers A51-Marseille";"43,42830000";"5,39939000"
"202400012638";"1";"02";"2024";"22:15";"3";"14";"14059";"1";"1";"1";"7";"37 Chemin des Enclos";"49,33162000";"0,05184000"
"202400012639";"5";"08";"2024";"19:30";"1";"45";"45272";"1";"1";"1";"2";"D2020 PR 46 + 565";"47,79978300";"1,93129100"
"202400012640";"1";"02";"2024";"16:10";"1";"14";"14366";"2";"1";"1";"7";"1 Rue du Carmel";"49,14335000";"0,22906000"
"202400012641";"29";"12";"2024";"05:25";"3";"69";"69276";"1";"1";"5";"1";"Autoroute 7";"45,67701000";"4,84794000"
"202400012642";"5";"08";"2024";"10:00";"1";"64";"64326";"1";"1";"1";"2";"ROUTE DE LA PLAINE";"43,29379400";" -0,72780100"
"202400012643";"2";"02";"2024";"18:40";"2";"13";"13075";"2";"1";"1";"3";"L'ENJOLRAS (AVE DE)";"43,33836709";"5,45330282"
"202400012644";"6";"08";"2024";"14:40";"1";"43";"43152";"1";"3";"1";"3";"D13";"45,08382809";"3,85720618"
"202400012645";"28";"12";"2024";"16:11";"1";"33";"33366";"1";"1";"1";"4";"N/A";"45,00886800";" -0,42839800"
"202400012646";"2";"02";"2024";"20:05";"5";"13";"13208";"2";"1";"1";"3";"PARADIS (RUE)";"43,28146482";"5,38184881"
"202400012647";"6";"08";"2024";"09:30";"1";"36";"36007";"1";"2";"1";"3";"N/A";"46,94510703";"1,44047313"
"202400012648";"29";"12";"2024";"14:40";"1";"91";"91687";"1";"1";"1";"2";"AUTOROUTE A6";"48,66209200";"2,36889000"
"202400012649";"5";"08";"2024";"10:25";"1";"07";"07041";"1";"1";"1";"7";"Route de Vidalon";"45,26288000";"4,68601400"
"202400012650";"2";"02";"2024";"18:15";"5";"13";"13211";"2";"1";"1";"3";"CARTONNERIE (BOULEVARD DE LA )";"43,29253000";"5,45975000"
"202400012651";"29";"12";"2024";"07:37";"5";"94";"94043";"1";"1";"1";"6";"A6B";"48,81594025";"2,35678126"
"202400012652";"5";"08";"2024";"14:00";"1";"24";"24388";"1";"1";"1";"7";"Route du Château de Labatut";"44,85667354";"0,91483507"
"202400012653";"2";"02";"2024";"14:30";"1";"13";"13213";"1";"6";"1";"2";"OLIVES (AVENUE DES)";"43,32985000";"5,42946000"
"202400012654";"29";"12";"2024";"15:45";"2";"93";"93048";"1";"1";"1";"4";"AUTOROUTE A3";"48,87086130";"2,43145626"
"202400012655";"4";"08";"2024";"19:45";"1";"24";"24082";"1";"1";"1";"1";"D704a";"44,86589198";"1,26778364"
"202400012656";"31";"07";"2024";"15:00";"1";"24";"24479";"1";"1";"7";"7";"Route de Miallet";"45,50730934";"0,79238892"
"202400012657";"1";"02";"2024";"23:10";"5";"13";"13005";"2";"1";"1";"2";"SALENGRO (AVENUE ROGER)";"43,29865000";"5,56913000"
"202400012658";"29";"12";"2024";"18:30";"3";"77";"77294";"1";"1";"1";"2";"A104";"48,96164633";"2,61726537"
"202400012659";"6";"08";"2024";"07:25";"1";"37";"37098";"1";"1";"1";"6";"D91";"47,05724800";"0,62762600"
"202400012660";"3";"02";"2024";"01:00";"3";"13";"13001";"2";"1";"1";"6";"R.N 7";"43,56319000";"5,40747000"
"202400012661";"6";"08";"2024";"08:30";"1";"48";"48104";"1";"1";"1";"7";"D900";"44,65345200";"3,07591400"
"202400012662";"25";"09";"2024";"07:40";"1";"28";"28027";"1";"1";"2";"1";"D9";"48,14693300";"0,96323500"
"202400012663";"2";"02";"2024";"08:30";"1";"13";"13001";"2";"1";"1";"3";"JAURES JEAN (BD)";"43,53203250";"5,44493038"
"202400012664";"18";"09";"2024";"19:20";"2";"28";"28309";"1";"1";"1";"7";"Le Hasard";"48,37347000";"1,59615000"
"202400012665";"6";"08";"2024";"10:30";"1";"08";"08070";"2";"2";"1";"1";"1 Rue d?Avancon";"49,48669500";"4,17369400"
"202400012666";"2";"02";"2024";"07:40";"1";"13";"13001";"2";"2";"1";"3";"REPUBLIQUE (BD DE LA)";"43,52900183";"5,43939629"
"202400012667";"13";"09";"2024";"19:50";"3";"28";"28191";"2";"1";"1";"6";"39 Rue de la Billardiere";"48,60205300";"1,65019500"
"202400012668";"6";"08";"2024";"08:53";"1";"06";"06152";"2";"1";"1";"2";"23 Route de Nice";"43,64258800";"7,01024700"
"202400012669";"26";"01";"2024";"15:35";"1";"12";"12202";"2";"2";"1";"3";"EUROPE (AVENUE DE L')";"44,35408000";"2,56387000"
"202400012670";"6";"08";"2024";"16:50";"1";"13";"13001";"1";"1";"1";"1";"autoroute A8, pk 18+400, sens sud";"43,51791800";"5,43003600"
"202400012671";"25";"10";"2024";"22:55";"5";"74";"74012";"2";"3";"1";"1";"ARVE (QUAI D')";"46,18539047";"6,22581005"
"202400012672";"20";"10";"2024";"22:45";"5";"74";"74081";"2";"6";"1";"6";"25 Grande rue";"46,06100800";"6,58012500"
"202400012673";"21";"01";"2024";"03:15";"4";"12";"12202";"2";"2";"9";"3";"LAROMIGUIERE (BOULEVARD)";"44,34825000";"2,57283000"
"202400012674";"17";"01";"2024";"13:00";"1";"12";"12202";"2";"1";"1";"6";"BELLE ISLE (BOULEVARD)";"44,35328000";"2,57683000"
"202400012675";"17";"10";"2024";"22:10";"3";"74";"74010";"1";"1";"2";"7";"Chemin du purgatoire";"45,85497700";"6,09357700"
"202400012676";"4";"08";"2024";"05:00";"3";"13";"13032";"1";"1";"1";"2";"Autoroute A8, pk 011+750, sens sud/nord";"43,53585657";"5,35589912"
"202400012677";"2";"02";"2024";"17:11";"1";"11";"11069";"1";"1";"1";"4";"N/A";"43,21870000";"2,38147000"
"202400012678";"4";"10";"2024";"22:15";"5";"74";"74010";"2";"1";"1";"6";"243 Route des creuses (Seynod)";"45,88919500";"6,07977600"
"202400012679";"28";"08";"2024";"12:15";"1";"74";"74185";"1";"1";"1";"6";"Route des bornes";"46,14914200";"6,21895900"
"202400012680";"31";"07";"2024";"17:50";"1";"971";"97118";"1";"1";"1";"1";"404 Chemin de Bel Air Desrozieres";"16,20361000";" -61,64507600"
"202400012681";"1";"02";"2024";"17:26";"2";"11";"11069";"2";"9";"1";"3";"22 Boulevard Barbès";"43,21034000";"2,34971000"
"202400012682";"5";"08";"2024";"21:40";"3";"28";"28317";"1";"2";"1";"7";"d.24";"48,43141100";"1,74405800"
"202400012683";"30";"09";"2024";"07:00";"3";"33";"33029";"1";"1";"1";"2";"N/A";"44,68284300";" -0,78674600"
"202400012684";"24";"01";"2024";"20:59";"5";"10";"10362";"2";"3";"1";"1";"Rue Chanteloup";"48,29510000";"4,04440000"
"202400012685";"2";"07";"2024";"09:50";"1";"13";"13208";"2";"1";"1";"3";"PICON JACQUES RUE";"43,26778715";"5,39155298"
"202400012686";"6";"08";"2024";"13:05";"1";"77";"77031";"2";"1";"1";"1";"D201A";"48,68350200";"2,95005400"
"202400012687";"1";"02";"2024";"18:35";"5";"10";"10265";"2";"1";"1";"6";"LAMARTINE (RUE)";"48,29960000";"4,04910000"
"202400012688";"17";"08";"2024";"09:50";"1";"84";"84031";"2";"1";"1";"3";"NOTRE DAME DE SANTE AVENUE";"44,06024000";"5,04876000"
"202400012689";"1";"02";"2024";"12:14";"1";"10";"10060";"1";"1";"1";"3";"ROCADE OUEST";"48,26090000";"4,09300000"
"202400012690";"5";"08";"2024";"18:20";"1";"34";"34022";"2";"3";"1";"6";"N113";"43,65950900";"4,01778300"
"202400012691";"15";"08";"2024";"09:47";"1";"84";"84031";"1";"1";"1";"2";"D942";"44,04632000";"5,02397000"
"202400012692";"2";"02";"2024";"08:20";"1";"07";"07070";"1";"1";"1";"5";"ROUTE DEPARTEMENTALE 86";"44,97802000";"4,85108000"
"202400012693";"6";"08";"2024";"16:50";"1";"05";"05136";"1";"1";"1";"3";"RN94";"44,69217028";"6,61212902"
"202400012694";"11";"08";"2024";"20:45";"1";"84";"84031";"2";"1";"1";"3";"DURAND BOULEVARD ALBIN";"44,05453000";"5,04506000"
"202400012695";"2";"02";"2024";"10:40";"1";"07";"07316";"2";"1";"1";"1";"MONTGOLFIERS (AVENENUE DES FRERES)";"44,89281000";"4,85059000"
"202400012696";"6";"08";"2024";"09:50";"1";"04";"04019";"2";"2";"1";"3";"Avenue Ernest Pellotier";"44,38762700";"6,63985700"
"202400012697";"19";"08";"2024";"07:49";"1";"84";"84080";"2";"1";"7";"3";"ROULIERS CHEMIN DES";"44,03035000";"4,96907000"
"202400012698";"5";"08";"2024";"07:50";"2";"13";"13059";"1";"6";"1";"3";"Départementale 556";"43,64760500";"5,49143700"
"202400012699";"2";"02";"2024";"15:40";"1";"06";"06088";"2";"1";"1";"2";"Promenade des Anglais";"43,67869000";"7,22965000"
"202400012700";"3";"08";"2024";"16:40";"1";"84";"84031";"1";"6";"1";"7";"D942";"44,06083000";"5,03913000"
"202400012701";"2";"08";"2024";"21:40";"3";"84";"84031";"2";"1";"2";"6";"ROUTE DE BEDOIN";"44,07368000";"5,08738000"
"202400012702";"5";"08";"2024";"05:20";"2";"67";"67519";"1";"1";"1";"7";"M223";"48,66899800";"7,82740700"
"202400012703";"2";"02";"2024";"13:50";"1";"06";"06069";"2";"9";"1";"3";"Avenue Mathias Duval";"43,65053000";"6,92212000"
"202400012704";"1";"08";"2024";"10:24";"1";"84";"84080";"2";"1";"1";"6";"TREWEY BOULEVARD";"44,03354000";"4,99792000"
"202400012705";"4";"08";"2024";"09:35";"1";"69";"69255";"2";"4";"7";"6";"Rue du Dronaud";"45,73198100";"4,65839400"
"202400012706";"23";"07";"2024";"04:40";"3";"84";"84031";"1";"6";"1";"7";"SAINT ROCH AVENUE";"44,07352400";"5,05848800"
"202400012707";"2";"02";"2024";"10:45";"1";"06";"06069";"2";"1";"1";"2";"Boulevard Fragonard";"43,65763000";"6,92206000"
"202400012708";"5";"08";"2024";"15:10";"1";"09";"09157";"1";"1";"1";"1";"Avenue Pierre Sémard";"42,96410400";"1,87369200"
"202400012709";"20";"07";"2024";"15:51";"1";"84";"84089";"2";"6";"1";"3";"Route d?Aix";"43,68189400";"5,50075500"
"202400012710";"2";"02";"2024";"02:50";"5";"06";"06029";"2";"1";"1";"6";"44 Boulevard Carnot";"43,55776000";"7,01712000"
"202400012711";"13";"03";"2024";"15:03";"1";"84";"84056";"1";"1";"1";"6";"Route de Violès";"44,13645300";"4,93744800"
"202400012712";"2";"02";"2024";"07:05";"2";"06";"06004";"2";"3";"1";"6";"Chemin de Saint Claude";"43,59490740";"7,10715580"
"202400012713";"26";"10";"2024";"20:55";"3";"19";"19151";"1";"1";"2";"7";"N/A";"45,08336845";"1,51425862"
"202400012714";"5";"08";"2024";"21:10";"1";"72";"72244";"1";"3";"7";"3";"1134 route de sable";"47,77770800";" -0,31953700"
"202400012715";"28";"12";"2024";"23:20";"5";"974";"97407";"2";"6";"1";"3";"VERGES(AVENUE)";" -20,93970000";"55,30329000"
"202400012716";"28";"12";"2024";"15:50";"1";"2B";"2B037";"2";"6";"1";"3";"TOUTES RUES";"42,37420000";"9,26140000"
"202400012717";"6";"08";"2024";"14:00";"1";"50";"50616";"1";"3";"8";"3";"D456";"48,67167900";" -1,36992200"
"202400012718";"28";"12";"2024";"14:20";"1";"2A";"2A004";"2";"9";"1";"3";"MARECHAL JUIN AVENUE";"41,93761000";"8,75097000"
"202400012719";"31";"07";"2024";"11:00";"1";"29";"29046";"2";"3";"1";"7";"Route de Quimper";"48,07895820";" -4,32238353"
"202400012720";"28";"12";"2024";"11:06";"1";"2A";"2A004";"2";"3";"1";"3";"#Rue Achille Peretti#";"41,93768000";"8,74238000"
"202400012721";"4";"08";"2024";"22:45";"3";"22";"22168";"2";"2";"1";"3";"Route de Pleumeur-bodou";"48,80101600";" -3,47337500"
"202400012722";"5";"08";"2024";"23:40";"4";"22";"22162";"2";"3";"1";"6";"Rue Gilles le Guen";"48,78254200";" -3,03847600"
"202400012723";"28";"12";"2024";"14:22";"1";"91";"91286";"2";"6";"8";"6";"ROUTE NATIONALE 7";"48,66927000";"2,39354000"
"202400012724";"6";"08";"2024";"00:30";"3";"27";"27114";"2";"1";"1";"6";"rue guy de maupassant";"48,96275100";"1,43094800"
"202400012725";"28";"12";"2024";"19:02";"5";"91";"91228";"2";"9";"1";"3";"BD DE L EUROPE";"48,63084000";"2,43412000"
"202400012726";"6";"08";"2024";"17:05";"1";"59";"59659";"2";"1";"1";"6";"Rue Camille Desmoulins";"50,01630200";"4,00950400"
"202400012727";"5";"08";"2024";"18:40";"1";"91";"91692";"1";"1";"1";"6";"AUTOROUTE A10";"48,67290000";"2,19720000"
"202400012728";"27";"12";"2024";"19:45";"3";"77";"77459";"1";"1";"5";"1";"D619";"48,54223486";"3,34411431"
"202400012729";"4";"08";"2024";"20:45";"1";"92";"92050";"1";"1";"1";"7";"A86";"48,89224922";"2,18406703"
"202400012730";"28";"12";"2024";"06:00";"5";"68";"68066";"2";"6";"5";"7";"LADHOF (RUE DU)";"48,09542000";"7,37500000"
"202400012731";"4";"08";"2024";"20:40";"2";"95";"95277";"1";"1";"1";"2";"A3";"48,97316958";"2,48646812"
"202400012732";"28";"12";"2024";"19:30";"4";"66";"66136";"2";"2";"1";"3";"WILSON (BOULEVARD THOMAS";"42,70149274";"2,89408743"
"202400012733";"28";"12";"2024";"13:24";"1";"64";"64024";"2";"9";"1";"3";"MONTBRUN (AVENUE DE)";"43,50180000";" -1,52050000"
"202400012734";"3";"08";"2024";"02:53";"3";"77";"77495";"1";"1";"1";"2";"A5B";"48,57525736";"2,63912291"
"202400012735";"28";"12";"2024";"09:30";"2";"64";"64102";"2";"1";"1";"6";"LORRAINE (BOULEVARD D'ALSACE)";"43,49069000";" -1,46252000"
"202400012736";"28";"12";"2024";"12:15";"1";"63";"63113";"2";"1";"1";"6";"BLANZAT (RUE DE)";"45,78635476";"3,08466911"
"202400012737";"28";"02";"2024";"13:15";"1";"14";"14475";"1";"1";"1";"2";"2871 Route de Bretagne (Noyers-Bocage)";"49,11541400";" -0,57811300"
"202400012738";"28";"12";"2024";"05:40";"3";"54";"54149";"1";"1";"9";"6";"RN52";"49,43543604";"5,90932488"
"202400012739";"3";"08";"2024";"00:50";"5";"34";"34301";"2";"9";"1";"6";"CLERVILLE CHEVALIER DE (BOULEVARD)";"43,40600000";"3,68400000"
"202400012740";"27";"12";"2024";"17:35";"5";"51";"51454";"2";"3";"1";"6";"VASNIER (BOULEVARD HENRI) COTE IMPAIR";"49,24726000";"4,04498000"
"202400012741";"29";"04";"2024";"03:50";"5";"95";"95323";"2";"1";"1";"6";"GIROLLES (RUE DES)";"49,01317000";"2,03225000"
"202400012742";"28";"12";"2024";"16:20";"1";"46";"46042";"2";"1";"1";"6";"CAVAIGNAC (QUAI EUGENE)";"44,44252000";"1,44166000"
"202400012743";"4";"08";"2024";"20:00";"3";"988";"98818";"2";"1";"1";"6";"Sur parking Hyprocal";" -22,22845000";"166,44446000"
"202400012744";"28";"12";"2024";"07:50";"5";"35";"35115";"2";"6";"1";"3";"CARNOT (PLACE DU PRESIDENT)";"48,35330000";" -1,19867800"
"202400012745";"4";"08";"2024";"11:50";"1";"974";"97411";"2";"1";"1";"6";"PROVIDENCE (BOULEVARD DE LA)";" -20,89134000";"55,45499000"
"202400012746";"28";"12";"2024";"16:10";"1";"33";"33529";"2";"1";"1";"7";"N/A";"44,64130300";" -1,13478900"
"202400012747";"4";"08";"2024";"00:01";"5";"2A";"2A004";"1";"6";"1";"7";"T21";"41,92706000";"8,77917000"
"202400012748";"28";"12";"2024";"18:00";"5";"29";"29039";"2";"6";"1";"3";"Rue de la Villeneuve";"47,89436187";" -3,91378747"
"202400012749";"4";"08";"2024";"15:50";"1";"95";"95277";"1";"1";"1";"4";"D170";"48,97762705";"2,46379338"
"202400012750";"28";"12";"2024";"03:30";"3";"26";"26252";"1";"9";"5";"7";"RN7";"44,87073000";"4,86289000"
"202400012751";"4";"08";"2024";"17:28";"1";"91";"91552";"2";"1";"1";"6";"RTE DE CORBEIL";"48,59550000";"2,26764000"
"202400012752";"4";"08";"2024";"13:45";"1";"90";"90010";"2";"1";"1";"6";"FRANCE BOULEVARD ANATOLE )";"47,63736000";"6,83837000"
"202400012753";"27";"12";"2024";"17:25";"3";"14";"14271";"1";"1";"1";"4";"N814";"49,13680000";" -0,37125000"
"202400012754";"4";"08";"2024";"20:10";"1";"83";"83090";"2";"1";"1";"2";"RESISTANCE (AVE DE LA)";"43,13084601";"5,84424931"
"202400012755";"28";"12";"2024";"19:00";"5";"13";"13103";"2";"1";"1";"6";"BOULEVARD JOLY - VICTOR";"43,63895321";"5,09533962"
"202400012756";"3";"08";"2024";"19:55";"1";"83";"83126";"2";"3";"1";"1";"POMPIDOU (CORNICHE GEORGES)";"43,08879075";"5,89894177"
"202400012757";"28";"12";"2024";"18:08";"5";"13";"13203";"2";"2";"1";"3";"CHANTERAC (RUE DE)";"43,31271000";"5,36975000"
"202400012758";"28";"12";"2024";"07:45";"3";"13";"13213";"2";"1";"1";"1";"ALBERT EINSTEIN (RUE)";"43,49260000";"5,37348000"
"202400012759";"4";"08";"2024";"16:10";"1";"82";"82121";"2";"6";"1";"6";"avenue du 10e dragon";"44,02386672";"1,34192750"
"202400012760";"28";"12";"2024";"18:45";"3";"13";"13001";"2";"6";"1";"7";"RD 543";"43,48788000";"5,35230000"
"202400012761";"4";"08";"2024";"04:15";"3";"82";"82121";"1";"1";"1";"1";"A20";"44,01177670";"1,38623833"
"202400012762";"28";"12";"2024";"19:40";"5";"07";"07102";"2";"6";"1";"6";"REPUBLIQUE (AV.DE LA) [DU N° AU N°]";"44,93821000";"4,86883000"
"202400012763";"27";"12";"2024";"17:55";"5";"75";"75119";"2";"1";"1";"6";"BOULEVARD MACDONALD";"48,89857800";"2,38508800"
"202400012764";"28";"12";"2024";"14:20";"1";"75";"75111";"2";"2";"1";"6";"AVENUE PARMENTIER";"48,86668700";"2,37359500"
"202400012765";"1";"06";"2024";"14:10";"1";"94";"94069";"1";"1";"2";"2";"A4";"48,81725883";"2,42989898"
"202400012766";"31";"05";"2024";"06:45";"2";"77";"77373";"1";"1";"2";"7";"RN104";"48,80238000";"2,62687000"
"202400012767";"31";"05";"2024";"13:42";"1";"987";"98735";"2";"9";"1";"3";"POMARE (BVD BLOC DU FOYER DES J.FILLES)";" -17,54042919";" -149,56982714"
"202400012768";"31";"05";"2024";"12:35";"1";"976";"97611";"2";"1";"1";"6";"tsoundzou-Maternelle";" -12,81440000";"45,20091000"
"202400012769";"31";"05";"2024";"08:00";"1";"974";"97416";"2";"3";"1";"3";"CHATEAU D'EAU (CHEMIN DU)";" -21,32606000";"55,47458000"
"202400012770";"31";"05";"2024";"14:20";"1";"974";"97407";"2";"1";"1";"3";"ROMERO(AVENUE)";" -20,94571000";"55,29749000"
"202400012771";"31";"05";"2024";"13:00";"1";"973";"97302";"2";"1";"1";"2";"TROUBIRAN (CHEMIN DE)";"4,92319952";" -52,30385399"
"202400012772";"31";"05";"2024";"11:30";"1";"973";"97302";"2";"1";"1";"3";"REPUBLIQUE (BD DE LA)";"4,93761000";" -52,32471000"
"202400012773";"30";"05";"2024";"07:47";"1";"973";"97302";"2";"3";"1";"3";"MONTABO (ROUTE DE) 1";"4,92978000";" -52,29038000"
"202400012774";"29";"05";"2024";"12:35";"1";"973";"97302";"2";"3";"1";"1";"MADELEINE (ROUTE DE LA)";"4,91065253";" -52,32147771"
"202400012775";"31";"05";"2024";"20:55";"2";"69";"69387";"2";"2";"1";"3";"Pont de l'Université";"45,75199000";"4,83688000"
"202400012776";"30";"04";"2024";"21:25";"5";"972";"97213";"1";"1";"1";"2";"ROUTE NATIONALE 5";"14,59611000";" -60,98865000"
"202400012777";"31";"05";"2024";"10:25";"1";"972";"97209";"2";"9";"1";"3";"BOUILLE (RUE)";"14,60456000";" -61,06538000"
"202400012778";"31";"05";"2024";"18:40";"1";"2B";"2B033";"2";"1";"1";"7";"FAVALE - COURS";"42,69322000";"9,45018000"
"202400012779";"31";"05";"2024";"13:40";"1";"91";"91692";"2";"1";"2";"6";"BERRY (AVENUE DU)";"48,68270000";"2,16638000"
"202400012780";"31";"05";"2024";"05:15";"2";"91";"91687";"2";"3";"2";"3";"GENERAL DE GAULLE (AVENUE DU)";"48,68240000";"2,37760000"
"202400012781";"31";"05";"2024";"16:00";"1";"91";"91433";"2";"1";"3";"3";"PONTS (RUE DES)";"48,45000000";"2,20000000"
"202400012782";"31";"05";"2024";"05:11";"5";"87";"87085";"2";"3";"1";"3";"ALLENDE (QUAI SALVADOR)";"45,81742000";"1,25276000"
"202400012783";"31";"05";"2024";"23:10";"3";"85";"85194";"1";"1";"1";"7";"RD 949";"46,51405949";" -1,73504055"
"202400012784";"30";"05";"2024";"20:00";"1";"30";"30011";"2";"1";"1";"3";"N/A";"43,96126000";"4,74891000"
"202400012785";"29";"05";"2024";"16:35";"1";"83";"83144";"1";"6";"1";"3";"Rond point de l'Université";"43,13815000";"6,01757000"
"202400012786";"29";"05";"2024";"17:15";"1";"83";"83126";"2";"2";"1";"3";"JUIN (AV MARECHAL)";"43,10761000";"5,87704000"
"202400012787";"31";"05";"2024";"14:47";"1";"83";"83061";"1";"1";"1";"6";"D7";"43,50163079";"6,79395747"
"202400012788";"29";"05";"2024";"18:20";"1";"81";"81163";"2";"6";"1";"3";"RICHARDE";"43,49916690";"2,38647723"
"202400012789";"31";"05";"2024";"16:00";"1";"80";"80001";"2";"3";"2";"2";"MENCHECOURT (de)";"50,11816600";"1,81911200"
"202400012790";"31";"05";"2024";"20:00";"1";"78";"78311";"2";"1";"2";"6";"BLAISE PASCAL (RUE)";"48,92689300";"2,18961500"
"202400012791";"22";"05";"2024";"13:10";"1";"77";"77468";"2";"1";"2";"6";"LAGNY (ROUTE DE)";"48,85934000";"2,65019000"
"202400012792";"31";"05";"2024";"12:20";"1";"77";"77014";"2";"2";"8";"6";"FRANKLIN ROOSEVELT (AVENUE)";"48,41548000";"2,72035000"
"202400012793";"30";"05";"2024";"20:45";"1";"69";"69029";"2";"3";"2";"3";"Rue Lionel Terray";"45,72569000";"4,91100000"
"202400012794";"30";"05";"2024";"08:50";"1";"69";"69259";"1";"1";"1";"2";"Rue des Frères Louis et Emile Bertrand";"45,71821988";"4,87158256"
"202400012795";"31";"05";"2024";"17:45";"1";"66";"66136";"2";"1";"1";"2";"Avenue de l'Ancien-Champs-de-Mars";"42,70481000";"2,89103000"
"202400012796";"31";"05";"2024";"19:48";"1";"64";"64445";"2";"2";"1";"1";"LUCIEN FAVRE";"43,31901278";" -0,36412463"
"202400012797";"28";"05";"2024";"18:10";"1";"63";"63103";"1";"3";"1";"3";"RD227 / rue de St-Hubert";"45,91949850";"3,05324154"
"202400012798";"31";"05";"2024";"15:30";"1";"63";"63113";"2";"1";"1";"7";"MONTLOSIER (RUE)";"45,78133000";"3,08806000"
"202400012799";"31";"05";"2024";"13:57";"1";"63";"63113";"2";"1";"1";"2";"VERNE (RUE JULES)";"45,78603000";"3,13615000"
"202400012800";"31";"05";"2024";"11:00";"1";"63";"63113";"2";"1";"1";"6";"BLANZAT (RUE DE)";"45,78525000";"3,08471000"
"202400012801";"31";"05";"2024";"13:05";"1";"59";"59350";"2";"3";"2";" -1";"Avenue de Dunkerque (Lomme)";"50,64207000";"3,01734000"