"Num_Acc";"jour";"mois";"an";"hrmn";"lum";"dep";"com";"agg";"int";"atm";"col";"adr";"lat";"long"
"202400012802";"30";"05";"2024";"20:05";"1";"59";"59378";"2";"1";"1";"2";"Avenue du Maréchal Foch";"50,67166000";"3,09731000"
"202400012803";"30";"05";"2024";"16:45";"1";"57";"57672";"2";"1";"1";"6";"ALLIES (PONT DES)";"49,35850000";"6,17022000"
"202400012804";"31";"05";"2024";"12:30";"1";"56";"56260";"2";"6";"1";"3";"Rue Robert Schuman";"47,64999000";" -2,77055000"
"202400012805";"31";"05";"2024";"12:30";"1";"56";"56098";"2";"2";"1";"3";"CHARCOT (RUE  COMMANDANT )";"47,75826000";" -3,32773770"
"202400012806";"30";"05";"2024";"14:30";"1";"54";"54339";"2";"1";"1";"1";"rue Antoine de Saint Exupéry";"48,71367600";"6,19364400"
"202400012807";"30";"05";"2024";"13:20";"1";"54";"54395";"2";"2";"1";"3";"Rue Jeannot";"48,68893200";"6,18855200"
"202400012808";"31";"05";"2024";"12:35";"1";"49";"49007";"2";"1";"1";"6";"TOURAINE RUE ET SQUARE";"47,48458000";" -0,52885000"
"202400012809";"30";"05";"2024";"18:39";"1";"49";"49007";"2";"2";"1";"5";"VOLNEY";"47,46000000";" -0,53721000"
"202400012810";"31";"05";"2024";"12:46";"1";"45";"45169";"2";"3";"1";"3";"Route d'Orleans";"47,91513000";"1,84463000"
"202400012811";"1";"06";"2024";"00:21";"5";"42";"42187";"2";"3";"2";"6";"Rue Albert Thomas";"46,05165000";"4,07396000"
"202400012812";"31";"05";"2024";"21:22";"5";"42";"42187";"2";"3";"1";"6";"Quai du Canal";"46,04492506";"4,08706382"
"202400012813";"30";"05";"2024";"19:45";"1";"41";"41226";"1";"6";"2";"3";"PARIS (ROUTE DE)";"47,82431000";"1,07693000"
"202400012814";"31";"05";"2024";"06:00";"3";"37";"37233";"2";"1";"1";"6";"LOIRE (LEVEE DE LA)";"47,40202000";"0,74973000"
"202400012815";"31";"05";"2024";"12:00";"1";"35";"35238";"2";"3";"1";"3";"MABILAIS (DE LA)";"48,10635000";" -1,69513000"
"202400012816";"31";"05";"2024";"12:00";"1";"34";"34172";"2";"1";"1";"6";"LOUISVILLE (AVENUE DE)";"43,62548000";"3,81565000"
"202400012817";"31";"05";"2024";"07:24";"1";"33";"33167";"2";"3";"1";"5";"N/A";"44,82634000";" -0,52665000"
"202400012818";"31";"05";"2024";"21:14";"1";"31";"31555";"2";"1";"1";"6";"AV DU CHATEAU D EAU";"43,60084000";"1,42787000"
"202400012819";"31";"05";"2024";"12:33";"1";"31";"31555";"2";"1";"1";"3";"AV DE MURET";"43,58643591";"1,42929286"
"202400012820";"31";"05";"2024";"20:23";"1";"29";"29019";"2";"2";"1";"3";"rue Massillon";"48,39823900";" -4,47759800"
"202400012821";"31";"05";"2024";"21:50";"3";"28";"28223";"1";"1";"2";"3";"D 152";"48,72125000";"1,41305000"
"202400012822";"31";"05";"2024";"13:50";"1";"27";"27528";"2";"2";"2";"3";"NOTRE DAME (RUE)";"49,25784000";"1,20824000"
"202400012823";"31";"05";"2024";"20:25";"1";"27";"27229";"2";"6";"2";"3";"MOULIN (RUE JEAN)";"49,01144000";"1,15239000"
"202400012824";"30";"05";"2024";"13:17";"1";"27";"27229";"2";"1";"3";"3";"LAVOISIER (RUE)";"49,00033000";"1,14767000"
"202400012825";"31";"05";"2024";"12:55";"1";"25";"25056";"2";"1";"3";"1";"RIVOTTE  FAUBOURG";"47,23137000";"6,03578000"
"202400012826";"30";"05";"2024";"08:30";"1";"15";"15012";"1";"9";"2";"7";"RD 990";"44,90167000";"2,49661000"
"202400012827";"30";"05";"2024";"15:15";"1";"14";"14574";"1";"1";"1";"7";"1570 Route de Dives";"49,16105300";"0,19099400"
"202400012828";"30";"05";"2024";"14:06";"1";"14";"14574";"1";"1";"1";"5";"1993 Route de Dives";"49,16375800";"0,18812300"
"202400012829";"31";"05";"2024";"22:39";"5";"13";"13203";"2";"3";"1";"3";"PLOMBIERES (BOULEVARD DES)";"43,31887000";"5,37899000"
"202400012830";"31";"05";"2024";"20:00";"1";"13";"13203";"2";"1";"1";"1";"CASSIN (RUE)";"43,31535000";"5,37318000"
"202400012831";"31";"05";"2024";"11:05";"1";"13";"13207";"2";"2";"1";"3";"CÉSAR ALEMAN (RUE)";"43,29024000";"5,35749000"
"202400012832";"31";"05";"2024";"10:30";"1";"13";"13001";"2";"1";"1";"2";"JUVENAL MAX (AV)";"43,52564307";"5,43864151"
"202400012833";"31";"05";"2024";"14:13";"1";"10";"10333";"2";"6";"1";"3";"Rue Charles Baltet";"48,28200000";"4,05940000"
"202400012834";"30";"05";"2024";"18:19";"1";"10";"10387";"2";"2";"8";"6";"MARECHAL FOCH (RUE DU)";"48,29688000";"4,07550000"
"202400012835";"30";"05";"2024";"13:39";"1";"10";"10387";"2";"1";"1";"6";"CHAILLOUET RUE)";"48,30550000";"4,08580000"
"202400012836";"30";"05";"2024";"07:36";"1";"10";"10343";"2";"9";"1";"3";"MICHEL BAROIN (RUE)";"48,27670000";"4,09330000"
"202400012837";"27";"05";"2024";"17:50";"1";"02";"02304";"2";"3";"1";"2";"1 rue des bigors";"49,66358000";"3,36948000"
"202400012838";"23";"05";"2024";"10:15";"1";"01";"01289";"2";"1";"1";"6";"BELLEVUE ( CHEMIN DE) PAIR";"46,18174000";"5,20551000"
"202400012839";"31";"05";"2024";"17:30";"1";"75";"75118";"2";"2";"1";"6";"RUE DES POISSONNIERS";"48,88827900";"2,35148500"
"202400012840";"31";"05";"2024";"16:30";"1";"75";"75118";"2";"3";"2";"6";"RUE DE L EVANGILE";"48,89436100";"2,36600900"
"202400012841";"31";"05";"2024";"10:40";"1";"75";"75118";"2";"2";"8";"6";"RUE DE LA CHAPELLE";"48,89086800";"2,36000700"
"202400012842";"31";"05";"2024";"18:50";"1";"75";"75108";"2";"4";"2";"7";"VOIE GEORGES POMPIDOU";"48,86487100";"2,31808000"
"202400012843";"31";"05";"2024";"08:00";"1";"75";"75101";"2";"3";"1";"1";"BOULEVARD DE SEBASTOPOL";"48,85852100";"2,34822100"
"202400012844";"30";"05";"2024";"20:27";"1";"75";"75104";"2";"1";"8";"6";"QUAI DE L HOTEL DE VILLE";"48,85468300";"2,35436900"
"202400012845";"30";"05";"2024";"16:22";"1";"75";"75101";"2";"7";"1";"3";"AVENUE DE L OPERA";"48,86393600";"2,33519900"
"202400012846";"30";"05";"2024";"14:40";"1";"75";"75103";"2";"2";"2";"2";"BOULEVARD SAINT MARTIN";"48,86897800";"2,35575400"
"202400012847";"31";"05";"2024";"09:15";"1";"94";"94080";"2";"1";"2";"3";"Rue de Montreuil";"48,84797306";"2,43469208"
"202400012848";"30";"05";"2024";"20:00";"1";"94";"94078";"2";"1";"1";"6";"Avenue du President John Fitzgerald Kennedy";"48,73717294";"2,46940062"
"202400012849";"30";"05";"2024";"09:00";"1";"94";"94073";"2";"4";"2";"4";"rue de Thiais / Bretelle D7";"48,75939000";"2,37028600"
"202400012850";"31";"05";"2024";"07:00";"2";"94";"94033";"2";"3";"2";"6";"Sentier de la Prairie / Rue des Alouettes";"48,85632857";"2,49636680"
"202400012851";"30";"05";"2024";"17:47";"1";"94";"94022";"2";"3";"1";"2";"Boulevard de Stalingrad / Avenue de la République";"48,77385100";"2,39949000"
"202400012852";"31";"05";"2024";"18:00";"1";"92";"92063";"2";"6";"2";"2";"FOUILLEUSE (AVENUE DE)";"48,86211282";"2,19637996"
"202400012853";"29";"05";"2024";"12:09";"1";"92";"92063";"2";"1";"2";"3";"HOPITAL STELL (BOULEVARD DE L')";"48,88096494";"2,18451476"
"202400012854";"30";"05";"2024";"23:45";"4";"92";"92050";"1";"6";"1";"6";"CHEMIN ACCES USINE EDF";"48,90780377";"2,21064967"
"202400012855";"30";"05";"2024";"15:00";"1";"92";"92050";"2";"3";"2";"2";"OMBRAIES RUE DES";"48,88349000";"2,19801000"
"202400012856";"30";"05";"2024";"09:15";"1";"92";"92025";"2";"1";"1";"3";"RENOUILLERS  (RUE DES)";"48,92413178";"2,23791897"
"202400012857";"31";"05";"2024";"07:50";"1";"92";"92024";"2";"2";"1";"6";"ALSACE (RUE D') DE (1 A 25)   (2 A 36)";"48,90072200";"2,31419876"
"202400012858";"31";"05";"2024";"20:55";"1";"92";"92023";"1";"9";"3";"2";"GENERAL DE GAULLE (AV DU) N°130 A 340 ET";"48,78446370";"2,24926472"
"202400012859";"31";"05";"2024";"10:00";"1";"92";"92004";"2";"1";"1";"2";"DOCTEUR DERVAUX  ( QUAI DU )";"48,90410651";"2,28599507"
"202400012860";"31";"05";"2024";"21:45";"5";"974";"97415";"2";"6";"1";"2";"Rue de la Croix";" -20,99179400";"55,28758600"
"202400012861";"31";"05";"2024";"19:45";"1";"08";"08403";"2";"2";"1";"2";"279 Rue de Perthes";"49,49413500";"4,36518800"
"202400012862";"27";"05";"2024";"20:30";"1";"91";"91390";"2";"9";"1";"2";"Rue de la Gare";"48,31732600";"2,09366800"
"202400012863";"24";"05";"2024";"16:17";"1";"45";"45187";"1";"1";"1";"1";"D88 PR 11 + 627";"47,87378500";"2,46351200"
"202400012864";"1";"06";"2024";"01:20";"3";"63";"63116";"1";"1";"2";"1";"d2144 pr 13+200";"46,00226749";"3,09387830"
"202400012865";"31";"05";"2024";"19:49";"1";"01";"01354";"1";"6";"1";"3";"Route de Meyrin";"46,23682800";"6,04419200"
"202400012866";"30";"05";"2024";"18:15";"1";"83";"83140";"2";"1";"1";"1";"D205";"43,41523400";"5,91733900"
"202400012867";"31";"05";"2024";"17:45";"1";"04";"04126";"1";"1";"1";"7";"D900";"44,40581000";"6,33405800"
"202400012868";"6";"04";"2024";"09:15";"1";"2B";"2B346";"2";"7";"1";"6";"Village";"42,49357900";"9,43825400"
"202400012869";"31";"05";"2024";"19:00";"1";"82";"82195";"1";"1";"1";"7";"1519 Route de Bordeaux";"44,07202900";"1,28540600"
"202400012870";"31";"05";"2024";"11:50";"1";"33";"33394";"2";"1";"1";"6";"N/A";"44,89268900";" -0,15739700"
"202400012871";"1";"06";"2024";"13:20";"1";"32";"32181";"1";"1";"1";"3";"N21";"43,41915400";"0,23917800"
"202400012872";"31";"05";"2024";"20:56";"2";"11";"11206";"2";"1";"1";"6";"63 Avenue de Catalogne";"43,04537000";"2,22289100"
"202400012873";"1";"06";"2024";"17:00";"1";"71";"71093";"1";"1";"1";"6";"3a Route de Mervans";"46,82025290";"5,23647498"
"202400012874";"12";"05";"2024";"05:45";"2";"61";"61063";"1";"1";"1";"5";"D924";"48,71186100";" -0,39407600"
"202400012875";"31";"05";"2024";"07:30";"2";"12";"12088";"1";"1";"2";"6";"lieu-dit Miegevie";"44,66781512";"2,84938931"
"202400012876";"31";"05";"2024";"05:45";"2";"34";"34229";"1";"1";"2";"7";"RD908";"43,50893100";"2,79481900"
"202400012877";"30";"05";"2024";"10:40";"1";"34";"34187";"1";"3";"1";"2";"RD908, PR18+580";"43,55747400";"2,92332900"
"202400012878";"1";"06";"2024";"04:45";"2";"68";"68062";"1";"1";"1";"7";"D419";"47,62926055";"7,21076314"
"202400012879";"31";"05";"2024";"19:30";"1";"39";"39520";"2";"1";"1";"1";"49 route Nationale";"46,99366100";"5,55379200"
"202400012880";"16";"10";"2024";"07:40";"1";"973";"97302";"2";"3";"1";"3";"HAMEAU DES ENCENS (RUE DU) Cité St Marti";"4,91917385";" -52,29721999"
"202400012881";"29";"05";"2024";"15:00";"1";"25";"25321";"1";"1";"1";"3";"D461";"47,05877600";"6,67709600"
"202400012882";"31";"05";"2024";"17:30";"1";"25";"25203";"1";"1";"8";"6";"D31";"47,17916800";"6,48464500"
"202400012883";"1";"06";"2024";"15:00";"1";"29";"29174";"1";"3";"1";"3";"Lieu Dit Creac H Calvic";"47,92149509";" -4,25456645"
"202400012884";"16";"10";"2024";"13:00";"1";"972";"97213";"1";"1";"1";"7";"Z I CALIFORNIE";"14,61823000";" -61,03310000"
"202400012885";"30";"05";"2024";"16:15";"1";"31";"31037";"2";"2";"1";"3";"Chemin du Rivet";"43,36928300";"1,78221000"
"202400012886";"1";"06";"2024";"17:45";"1";"02";"02315";"1";"1";"2";"3";"Rue du Petit Détroit";"49,70068400";"3,19611800"
"202400012887";"16";"10";"2024";"09:15";"1";"69";"69202";"2";"3";"1";"3";"Rue Commandant Charcot";"45,74957115";"4,79566752"
"202400012888";"31";"05";"2024";"10:20";"1";"03";"03236";"2";"6";"2";"2";"Rue de Vichy";"46,20200000";"3,43338800"
"202400012889";"1";"06";"2024";"13:00";"1";"58";"58287";"1";"1";"3";"7";"Départementale 973";"46,76450500";"3,94372200"
"202400012890";"1";"06";"2024";"01:00";"5";"10";"10187";"2";"1";"1";"6";"Grande Rue";"48,07433700";"4,46424500"
"202400012891";"1";"06";"2024";"00:01";"3";"24";"24394";"1";"1";"1";"6";"L?Echanleuil";"45,43848000";"0,40953000"
"202400012892";"16";"10";"2024";"14:00";"1";"95";"95219";"2";"6";"1";"3";"GENERAL DECAEN (RUE DU)";"48,98069181";"2,25073420"
"202400012893";"31";"05";"2024";"09:15";"1";"04";"04094";"1";"1";"1";"1";"D4";"43,75042000";"5,80395700"
"202400012894";"28";"05";"2024";"23:15";"3";"85";"85145";"1";"1";"1";"6";"guinefolle";"46,70800000";" -0,95372000"
"202400012895";"1";"06";"2024";"15:05";"1";"85";"85008";"1";"1";"1";"7";"D4 PK 29 - 600";"46,60420000";" -1,50244900"
"202400012896";"16";"10";"2024";"10:43";"1";"91";"91326";"2";"2";"1";"3";"REPUBLIQUE (AVENUE DE LA)";"48,69074900";"2,38019200"
"202400012897";"31";"05";"2024";"17:15";"1";"27";"27383";"1";"2";"2";"2";"D926";"48,74411200";"0,84281400"
"202400012898";"1";"06";"2024";"07:56";"1";"28";"28232";"1";"1";"2";"6";"48 Rue Louis Houde - D15";"48,52414400";"0,97025400"
"202400012899";"15";"10";"2024";"14:10";"1";"87";"87085";"2";"1";"1";"7";"CORGNAC (CHEMIN ET IMPASSE DE)";"45,84357000";"1,23581000"
"202400012900";"1";"06";"2024";"18:50";"1";"28";"28130";"1";"1";"1";"6";"La Pelletiere";"48,54602500";"1,10423900"
"202400012901";"31";"05";"2024";"19:00";"1";"87";"87059";"1";"1";"1";"6";"D675";"46,19682400";"1,06853800"
"202400012902";"1";"06";"2024";"02:17";"3";"87";"87003";"1";"1";"2";"6";"8 La Gare";"46,26822700";"1,36553900"
"202400012903";"31";"05";"2024";"16:15";"1";"52";"52114";"2";"6";"2";"3";"Rue Saint-jacques";"48,03437800";"4,91435900"
"202400012904";"31";"05";"2024";"20:10";"2";"01";"01228";"1";"1";"2";"6";"A 40 PK 127+600 direction Macon";"46,13173100";"5,52000800"
"202400012905";"1";"06";"2024";"08:00";"1";"973";"97309";"2";"9";"1";"1";"2316 Route de Rémire";"4,90713700";" -52,27285800"
"202400012906";"31";"05";"2024";"15:20";"1";"53";"53108";"1";"1";"1";"6";"barrière de péage la gravelle";"48,08302800";" -1,02754400"
"202400012907";"13";"10";"2024";"02:00";"5";"84";"84007";"2";"3";"3";"3";"QUAI DE LA LIGNE (BOULEVARD DU)";"43,95325000";"4,81385800"
"202400012908";"31";"05";"2024";"21:00";"2";"45";"45051";"2";"2";"8";"3";"D952 PR 35 + 621";"47,83155300";"2,36715700"
"202400012909";"31";"05";"2024";"15:19";"1";"78";"78120";"1";"1";"2";"3";"149";"48,63571800";"1,99659400"
"202400012910";"1";"06";"2024";"19:40";"2";"30";"30258";"2";"1";"1";"7";"Rue de l'Occitan";"43,67356600";"4,41422400"
"202400012911";"16";"10";"2024";"13:30";"1";"83";"83137";"2";"1";"2";"4";"15EME CORPS (AVE DU)";"43,12824000";"5,91664000"
"202400012912";"1";"06";"2024";"02:45";"3";"11";"11281";"1";"1";"1";"6";"Route départementale 33 l'Hazard";"43,25910400";"2,06164200"
"202400012913";"1";"06";"2024";"14:10";"1";"84";"84003";"2";"1";"1";"6";"Quai de la Liberté";"43,87676000";"5,39364600"
"202400012914";"29";"05";"2024";"16:49";"1";"13";"13007";"1";"1";"1";"3";"Route de la Sainte Baume";"43,34293900";"5,65661800"
"202400012915";"16";"10";"2024";"09:20";"1";"83";"83137";"2";"1";"8";"2";"BRIAND (AVE ARISTIDE PROLONGEE)";"43,12012275";"5,88788867"
"202400012916";"31";"05";"2024";"17:30";"1";"13";"13030";"1";"1";"1";"1";"D8n";"43,26858900";"5,73607600"
"202400012917";"31";"05";"2024";"14:00";"1";"88";"88091";"1";"1";"8";"7";"Pont Bresson";"48,18949300";"6,57983700"
"202400012918";"1";"06";"2024";"04:19";"3";"73";"73211";"1";"1";"1";"7";"D925 - Pont de la louie";"45,71869230";"6,49567947"
"202400012919";"1";"06";"2024";"03:00";"3";"38";"38467";"1";"1";"1";"7";"1191 Route du Bugey";"45,66862200";"5,33545000"
"202400012920";"16";"10";"2024";"12:30";"1";"81";"81060";"2";"1";"1";"1";"14 Rue de la Salle";"44,05765000";"2,16410000"
"202400012921";"31";"05";"2024";"21:00";"2";"85";"85092";"2";"4";"1";"3";"Rue du port";"46,46393600";" -0,80136900"
"202400012922";"31";"05";"2024";"15:45";"1";"14";"14325";"2";"4";"2";"3";"288 Route de Caen";"49,27818332";" -0,31743503"
"202400012923";"31";"05";"2024";"17:50";"1";"22";"22214";"1";"1";"1";"3";"Route de Saint Brieuc";"48,74680500";" -2,98068000"
"202400012924";"31";"05";"2024";"17:45";"1";"59";"59534";"1";"1";"1";"6";"Route d'Avesnes";"50,13330300";"3,91298900"
"202400012925";"16";"10";"2024";"09:45";"1";"77";"77404";"2";"3";"1";"3";"GENERAL LECLERC (AVENUE DU)";"48,52913000";"3,25384000"
"202400012926";"31";"05";"2024";"12:44";"1";"13";"13106";"1";"1";"1";"4";"A7-Sens Marseille vers Lyon";"43,38800000";"5,35100000"
"202400012927";"27";"05";"2024";"14:30";"1";"13";"13043";"1";"1";"1";"2";"A55-Sens Martigues vers Marseille";"43,39127000";"5,26385000"
"202400012928";"15";"10";"2024";"16:25";"1";"77";"77447";"1";"1";"1";"6";"D82";"48,55263108";"2,55904638"
"202400012929";"30";"04";"2024";"15:30";"1";"13";"13211";"1";"1";"1";"2";"A50-Sens Marseille vers Aubagne";"43,29412401";"5,45835278"
"202400012930";"29";"05";"2024";"12:45";"1";"13";"13005";"1";"1";"1";"3";"Sens Aubagne vers Marseille";"43,28992464";"5,55419007"
"202400012931";"16";"10";"2024";"09:00";"1";"77";"77284";"2";"1";"1";"3";"PALAIS DE JUSTICE (RUE DU)";"48,96067595";"2,88334185"
"202400012932";"26";"05";"2024";"20:52";"3";"13";"13056";"1";"1";"1";"2";"A55-Sens Martigues vers Marseille";"43,39965809";"5,09574943"
"202400012933";"31";"05";"2024";"15:52";"1";"67";"67482";"1";"1";"1";"4";"M351";"48,58690000";"7,71593000"
"202400012934";"16";"10";"2024";"18:25";"1";"76";"76498";"2";"3";"1";"3";"Rue des Patis";"49,42814000";"1,04845400"
"202400012935";"31";"05";"2024";"21:25";"1";"33";"33550";"1";"1";"1";"7";"N/A";"44,77833800";" -0,55680300"
"202400012936";"16";"10";"2024";"11:30";"1";"76";"76575";"1";"2";"1";"6";"Boulevard Lénine";"49,38119900";"1,10987700"
"202400012937";"31";"05";"2024";"12:55";"1";"33";"33096";"1";"1";"1";"2";"N/A";"44,90322000";" -0,49330000"
"202400012938";"31";"05";"2024";"19:50";"1";"92";"92078";"1";"1";"2";"4";"AUTOROUTE A86";"48,92875327";"2,33034474"
"202400012939";"30";"05";"2024";"19:10";"3";"93";"93053";"1";"1";"2";"2";"A3";"48,88375570";"2,45953658"
"202400012940";"16";"10";"2024";"23:30";"5";"74";"74010";"2";"1";"8";"5";"GENEVE (AVENUE DE)(SECTEUR 410)";"45,91607000";"6,12383000"
"202400012941";"31";"05";"2024";"23:12";"3";"77";"77018";"1";"1";"1";"6";"A4";"48,83581269";"2,80819590"
"202400012942";"13";"10";"2024";"11:20";"1";"73";"73087";"2";"1";"1";"3";"D14 BORDEAUX HENRY (AVENUE)";"45,56329107";"5,89348419"
"202400012943";"30";"05";"2024";"13:30";"1";"974";"97411";"2";"3";"1";"3";"GAULLE (DU GENERAL DE)";" -20,88513000";"55,46264000"
"202400012944";"30";"05";"2024";"07:30";"1";"974";"97411";"2";"1";"1";"3";"JAURES (BLD 2 JEAN)";" -20,89035000";"55,45945000"
"202400012945";"16";"10";"2024";"19:10";"5";"69";"69264";"2";"1";"8";"6";"Avenue Theodore Braun";"45,97824622";"4,73862433"
"202400012946";"30";"05";"2024";"17:20";"2";"974";"97407";"2";"3";"1";"3";"PASTEUR(AVENUE)";" -20,94602100";"55,29299200"
"202400012947";"30";"05";"2024";"12:02";"1";"69";"69387";"2";"1";"2";"1";"Rue de Créqui";"45,75131000";"4,84857000"
"202400012948";"30";"05";"2024";"19:00";"1";"69";"69389";"2";"4";"8";"3";"111 Rue Marietton";"45,77470000";"4,79393000"
"202400012949";"30";"05";"2024";"16:45";"1";"2A";"2A004";"2";"1";"1";"3";"18 Avenue du Docteur Noel Franchini";"41,93849180";"8,75451162"
"202400012950";"15";"10";"2024";"13:38";"1";"69";"69259";"2";"2";"1";"3";"Rue Pierre Stoppa";"45,72122000";"4,89075000"
"202400012951";"30";"05";"2024";"19:15";"1";"95";"95051";"2";"9";"1";"3";"D106";"49,01100563";"2,20169211"
"202400012952";"29";"05";"2024";"15:05";"1";"91";"91201";"2";"1";"3";"4";"BD HENRI BARBUSSE";"48,67941000";"2,41000000"
"202400012953";"15";"10";"2024";"22:06";"5";"64";"64445";"2";"2";"1";"1";"TOURASSE";"43,30931000";" -0,34413000"
"202400012954";"30";"05";"2024";"14:40";"2";"91";"91286";"2";"6";"3";"6";"CORBEIL (ROUTE DE)";"48,65397000";"2,39375000"
"202400012955";"30";"05";"2024";"15:00";"1";"83";"83144";"2";"6";"1";"6";"AUTOROUTE EST (ECHANG LA BIGUE-LA FARLED";"43,14151000";"6,00089000"
"202400012956";"15";"10";"2024";"17:15";"1";"64";"64102";"2";"1";"8";"1";"MAI 1945 (AVENUE DU 8)";"43,46911000";" -1,48998000"
"202400012957";"30";"05";"2024";"18:15";"1";"83";"83123";"2";"1";"1";"3";"HUIDE (CHEMIN DE) N° IMPAIRS";"43,12776000";"5,79911000"
"202400012958";"29";"05";"2024";"17:12";"1";"81";"81144";"1";"6";"1";"3";"HERMET ( ROND POINT DE )";"43,96481000";"2,18330000"
"202400012959";"29";"05";"2024";"14:15";"1";"80";"80021";"2";"1";"1";"3";"Boulevard Saint-Quentin";"49,87901800";"2,30275700"
"202400012960";"16";"10";"2024";"20:21";"5";"63";"63113";"2";"2";"1";"3";"rue d'Aline / rue de la Cerisière";"45,79420000";"3,11090000"
"202400012961";"16";"10";"2024";"08:35";"1";"63";"63075";"2";"1";"1";"6";"ROYAT (AVENUE DE)";"45,76849835";"3,05682242"
"202400012962";"29";"05";"2024";"09:20";"1";"78";"78168";"2";"5";"2";"5";"Route nationale 10";"48,74687000";"1,92121000"
"202400012963";"30";"05";"2024";"23:00";"3";"77";"77462";"1";"1";"1";"2";"ROUTE NATIONALE 2";"49,00942000";"2,65065000"
"202400012964";"30";"05";"2024";"16:00";"1";"77";"77169";"2";"1";"1";"3";"TOLENTINO (RUE DE)";"48,83210000";"2,58730000"
"202400012965";"30";"05";"2024";"09:34";"1";"77";"77079";"2";"1";"1";"6";"PL DE L'EUROPE";"48,40606000";"2,79941000"
"202400012966";"16";"10";"2024";"09:25";"1";"59";"59410";"2";"1";"1";"3";"DE GAULLE RUE DU GENERAL";"50,64631000";"3,10837000"
"202400012967";"30";"05";"2024";"12:27";"1";"77";"77335";"1";"1";"1";"3";"RD129 (ROUTE DEPARTEMENTALE)";"48,96985000";"2,82979800"
"202400012968";"15";"10";"2024";"15:20";"1";"56";"56098";"1";"4";"1";"3";"Rue Jean-Marie Tjibaou";"47,77854000";" -3,34952000"
"202400012969";"30";"05";"2024";"06:20";"1";"77";"77369";"1";"1";"1";"6";"D405A";"48,98711000";"2,91190000"
"202400012970";"30";"05";"2024";"08:20";"1";"71";"71306";"2";"2";"1";"2";"ANATOLE FRANCE (RUE)";"46,68713755";"4,34689254"
"202400012971";"15";"10";"2024";"17:50";"1";"54";"54526";"2";"2";"1";"6";"Rue Cécile Brunschvicg";"48,68060300";"6,22597200"
"202400012972";"30";"05";"2024";"18:25";"1";"69";"69266";"2";"1";"1";"6";"Rue des Mûriers";"45,76256000";"4,88125000"
"202400012973";"24";"05";"2024";"23:45";"5";"69";"69115";"2";"1";"1";"7";"Route d’Anse";"45,97802000";"4,71748000"
"202400012974";"15";"10";"2024";"09:40";"1";"54";"54357";"2";"6";"1";"1";"Rue Lafayette";"48,71049000";"6,17251000"
"202400012975";"29";"05";"2024";"17:40";"1";"69";"69264";"2";"1";"1";"3";"Impasse Albert de Mun";"45,98408000";"4,73536000"
"202400012976";"11";"10";"2024";"09:30";"1";"51";"51230";"2";"1";"1";"6";"HUGUES PLOMB (PLACE)";"49,04388000";"3,95392000"
"202400012977";"15";"10";"2024";"11:45";"1";"50";"50218";"2";"1";"1";"6";"MATIGNON (AV DES)";"48,83795000";" -1,56537000"
"202400012978";"29";"05";"2024";"07:30";"1";"69";"69029";"2";"4";"8";"3";"Route de Genas";"45,74592688";"4,92700550"
"202400012979";"16";"10";"2024";"19:25";"5";"49";"49007";"2";"2";"3";"3";"CHAUVAT BOULEVARD";"47,45304000";" -0,56549000"
"202400012980";"29";"05";"2024";"09:58";"1";"69";"69271";"1";"8";"1";"3";"Boulevard de l'Europe";"45,73833000";"4,94319000"
"202400012981";"28";"05";"2024";"08:30";"1";"69";"69259";"2";"8";"1";"6";"Boulevard Ambroise Croizat";"45,70467000";"4,88755000"
"202400012982";"16";"10";"2024";"13:10";"1";"45";"45147";"2";"1";"1";"4";"123 Rue André Dessaux";"47,93548400";"1,89593300"
"202400012983";"30";"05";"2024";"12:00";"1";"64";"64445";"2";"1";"2";"2";"UNIVERSITE DE L'";"43,31153000";" -0,36535000"
"202400012984";"16";"10";"2024";"06:50";"5";"45";"45234";"1";"9";"1";"1";"73 Boulevard Marie Stuart";"47,91086000";"1,93158000"
"202400012985";"30";"05";"2024";"11:20";"1";"64";"64445";"2";"1";"2";"6";"RONSARD";"43,31866000";" -0,35981000"
"202400012986";"30";"05";"2024";"21:00";"1";"64";"64122";"2";"1";"1";"6";"DE LATTRE DE TASSIGNY MAL (AV)";"43,48026000";" -1,53941000"
"202400012987";"30";"05";"2024";"07:30";"1";"64";"64102";"2";"1";"2";"7";"ARITXAGUE (BD D')";"43,47907000";" -1,49233000"
"202400012988";"15";"10";"2024";"12:30";"1";"45";"45004";"2";"6";"2";"2";"Rue de l'Europe";"47,97798000";"2,72925000"
"202400012989";"30";"05";"2024";"18:25";"1";"63";"63300";"2";"1";"2";"6";"LIBERATION (AVENUE DE LA)";"45,88798000";"3,11395000"
"202400012990";"16";"10";"2024";"12:30";"1";"38";"38151";"2";"1";"2";"2";"COURS JEAN JAURÈS";"45,14689474";"5,70502236"
"202400012991";"16";"10";"2024";"08:55";"1";"38";"38151";"1";"9";"2";"3";"RN87";"45,15177064";"5,72130277"
"202400012992";"30";"05";"2024";"16:00";"1";"61";"61001";"2";"3";"1";"4";"D438";"48,41781000";"0,08953000"
"202400012993";"16";"10";"2024";"08:15";"1";"35";"35238";"2";"1";"1";"3";"TOUR D'AUVERGNE (BD DE LA)";"48,10425981";" -1,68434411"