"Num_Acc";"jour";"mois";"an";"hrmn";"lum";"dep";"com";"agg";"int";"atm";"col";"adr";"lat";"long"
"202400012994";"30";"05";"2024";"07:14";"1";"59";"59650";"2";"2";"1";"6";"Boulevard Pierre Mauroy";"50,71121950";"3,20675039"
"202400012995";"15";"10";"2024";"19:30";"5";"34";"34301";"2";"3";"8";"3";"CLERVILLE CHEVALIER DE (BOULEVARD)";"43,40740000";"3,68066000"
"202400012996";"16";"10";"2024";"21:45";"5";"34";"34172";"2";"9";"2";"3";"JUSTICE DE CASTELNAU (AVENUE DE LA)";"43,62613000";"3,87723000"
"202400012997";"16";"10";"2024";"08:15";"1";"34";"34172";"2";"1";"2";"4";"LODEVE (ROUTE DE)";"43,61557000";"3,81886000"
"202400012998";"16";"10";"2024";"20:35";"5";"33";"33063";"2";"1";"1";"6";"N/A";"44,86120000";" -0,55474000"
"202400012999";"16";"10";"2024";"07:55";"2";"33";"33281";"2";"2";"1";"6";"N/A";"44,85430000";" -0,65772000"
"202400013000";"16";"10";"2024";"16:15";"1";"32";"32013";"2";"3";"1";"3";"PIERRE DE MONTESQUIOU (AVENUE)";"43,63381000";"0,58834000"
"202400013001";"16";"10";"2024";"17:45";"1";"27";"27229";"2";"1";"1";"6";"JAURES (RUE JEAN)";"49,02016000";"1,15182000"
"202400013002";"16";"10";"2024";"11:10";"1";"27";"27229";"2";"9";"1";"2";"VAL ITON (RUE DU)";"49,03243000";"1,14111000"
"202400013003";"16";"10";"2024";"01:10";"3";"27";"27299";"1";"1";"1";"6";"RN 154";"49,04886200";"1,18054900"
"202400013004";"16";"10";"2024";"11:00";"1";"25";"25204";"1";"1";"1";"3";"Grande rue";"46,92480000";"6,33876000"
"202400013005";"16";"10";"2024";"20:25";"2";"19";"19031";"2";"3";"2";"2";"COMTE (RUE ERNEST)";"45,15562500";"1,48040800"
"202400013006";"14";"10";"2024";"16:55";"1";"14";"14181";"2";"3";"1";"3";"1 Rue des Étercelets";"49,15878357";" -0,33795297"
"202400013007";"16";"10";"2024";"00:10";"5";"13";"13208";"2";"3";"2";"3";"PARADIS (RUE)";"43,27395000";"5,38504000"
"202400013008";"15";"10";"2024";"16:25";"1";"11";"11069";"2";"1";"1";"3";"120 Av du Pdt Franklin Roosevelt";"43,22323000";"2,33598000"
"202400013009";"16";"10";"2024";"06:55";"5";"07";"07281";"2";"1";"2";"3";"AVENUE DU 8 MAI";"44,94601000";"4,84886000"
"202400013010";"16";"10";"2024";"09:10";"1";"04";"04070";"2";"3";"2";"3";"ST BENOIT (AV.)";"44,10268000";"6,22961000"
"202400013011";"15";"10";"2024";"23:15";"5";"03";"03185";"2";"1";"1";"6";"Avenue John Fitzgerald Kennedy";"46,32630000";"2,60880000"
"202400013012";"16";"10";"2024";"07:15";"3";"75";"75112";"2";"1";"1";"3";"BD PERIPHERIQUE INTERIEUR";"48,82776500";"2,39348600"
"202400013013";"16";"10";"2024";"04:35";"5";"75";"75116";"2";"1";"1";"2";"BD PERIPHERIQUE EXTERIEUR";"48,84142700";"2,25414800"
"202400013014";"15";"10";"2024";"07:04";"5";"75";"75106";"2";"3";"1";"1";"RUE DE VAUGIRARD";"48,84918700";"2,33842800"
"202400013015";"16";"10";"2024";"12:46";"1";"75";"75119";"2";"2";"1";"6";"BOULEVARD DE LA COMMANDERIE";"48,90167700";"2,38547200"
"202400013016";"16";"10";"2024";"12:55";"1";"75";"75119";"2";"1";"1";"6";"RUE DE L OURCQ";"48,89151900";"2,38065000"
"202400013017";"16";"10";"2024";"12:55";"1";"75";"75119";"2";"2";"1";"3";"RUE CURIAL";"48,89379400";"2,37332800"
"202400013018";"16";"10";"2024";"08:20";"1";"75";"75119";"2";"1";"1";"6";"RUE COMPANS";"48,87881900";"2,39259200"
"202400013019";"16";"10";"2024";"13:10";"1";"75";"75118";"2";"2";"1";"6";"BOULEVARD BARBES";"48,89156500";"2,34960600"
"202400013020";"16";"10";"2024";"15:55";"1";"75";"75115";"2";"1";"1";"6";"RUE LEBLANC";"48,83971800";"2,27381800"
"202400013021";"16";"10";"2024";"12:05";"1";"75";"75114";"2";"3";"1";"3";"RUE DE RIDDER";"48,83209400";"2,31047300"
"202400013022";"15";"10";"2024";"17:55";"1";"75";"75112";"2";"2";"1";"3";"RUE DE CHARENTON";"48,83737800";"2,39182500"
"202400013023";"16";"10";"2024";"08:51";"1";"75";"75110";"2";"2";"1";"6";"BOULEVARD DE MAGENTA";"48,87382900";"2,35831600"
"202400013024";"16";"10";"2024";"09:20";"1";"75";"75110";"2";"3";"1";"6";"BOULEVARD DE LA VILLETTE";"48,87527900";"2,37316600"
"202400013025";"16";"10";"2024";"08:18";"1";"75";"75110";"2";"4";"1";"2";"BOULEVARD DE MAGENTA";"48,87328900";"2,35874700"
"202400013026";"16";"10";"2024";"21:10";"5";"75";"75108";"2";"3";"2";"3";"Rue Saint-Lazare";"48,87535300";"2,32498500"
"202400013027";"15";"10";"2024";"18:30";"2";"94";"94068";"2";"1";"8";"1";"Rue Chevalier";"48,78994456";"2,50409069"
"202400013028";"16";"10";"2024";"20:35";"5";"94";"94016";"2";"3";"1";"3";"Avenue Cousin de Méricourt";"48,79922000";"2,33297000"
"202400013029";"16";"10";"2024";"18:19";"1";"94";"94011";"2";"1";"1";"4";"Route de la Pompadour";"48,76515000";"2,47929000"
"202400013030";"14";"10";"2024";"18:40";"1";"94";"94073";"2";"3";"1";"3";"Av du Mal de Lattre de Tassigny";"48,75575167";"2,40481308"
"202400013031";"16";"10";"2024";"16:30";"1";"94";"94017";"2";"2";"1";"1";"Avenue Marx Dormoy";"48,80630607";"2,53005803"
"202400013032";"16";"10";"2024";"18:20";"1";"93";"93073";"2";"1";"1";"3";"RESISTANCE (RUE DE LA)";"48,95258000";"2,56346000"
"202400013033";"16";"10";"2024";"11:50";"1";"93";"93051";"2";"1";"1";"1";"GEORGES CLEMENCEAU (AVENUE)";"48,84503374";"2,55624000"
"202400013034";"16";"10";"2024";"07:35";"2";"93";"93051";"2";"1";"1";"6";"NEUILLY (ROUTE)";"48,84887084";"2,53790455"
"202400013035";"16";"10";"2024";"09:00";"1";"93";"93045";"2";"2";"1";"6";"BRUYERES RUE DES";"48,87897899";"2,41301179"
"202400013036";"16";"10";"2024";"15:58";"1";"93";"93057";"2";"2";"1";"3";"ROME (AV.)";"48,91529900";"2,50004900"
"202400013037";"15";"10";"2024";"18:36";"1";"93";"93001";"2";"1";"1";"3";"HAIE COQ (RUE DE LA ) => 91/92";"48,90750695";"2,37294144"
"202400013038";"16";"10";"2024";"08:20";"1";"92";"92051";"2";"1";"1";"6";"JEAN MERMOZ (BOULEVARD, N° 5 A 15)";"48,88580770";"2,26916447"
"202400013039";"16";"10";"2024";"13:45";"1";"92";"92044";"2";"1";"1";"6";"VILLIERS(RUE DE)  88A140";"48,89612585";"2,27339633"
"202400013040";"16";"10";"2024";"14:45";"1";"92";"92040";"2";"2";"1";"6";"GOUVERNEUR GAL EBOUE DU 09 AU 65 BIS";"48,82524112";"2,26777643"
"202400013041";"16";"10";"2024";"15:30";"1";"92";"92026";"2";"1";"1";"2";"VERDUN (DE 62 A FIN)";"48,90113294";"2,26003647"
"202400013042";"16";"10";"2024";"09:58";"1";"92";"92007";"2";"6";"1";"2";"FORTIN (AVENUE JEAN-BAPTISTE)";"48,79695918";"2,29941487"
"202400013043";"16";"10";"2024";"14:15";"1";"80";"80213";"2";"4";"7";"3";"Rue de Dommartin";"49,80494400";"2,38396900"
"202400013044";"17";"10";"2024";"07:45";"5";"65";"65362";"2";"3";"2";"1";"15 Avenue Jean Moulin";"42,96425800";" -0,07425400"
"202400013045";"16";"10";"2024";"18:40";"2";"65";"65344";"1";"1";"1";"2";"D936";"43,19216100";" -0,01555700"
"202400013046";"17";"10";"2024";"09:00";"1";"32";"32254";"1";"2";"2";"3";"N21";"43,54026600";"0,45462400"
"202400013047";"16";"10";"2024";"14:30";"1";"63";"63262";"1";"1";"1";"2";"D 978";"45,70038482";"3,16055417"
"202400013048";"16";"10";"2024";"18:35";"3";"49";"49329";"1";"1";"2";"7";"D106";"47,37873700";" -0,65315000"
"202400013049";"16";"10";"2024";"17:55";"1";"46";"46132";"1";"3";"1";"1";"lieu dit Vernique";"44,74561700";"1,80198800"
"202400013050";"16";"10";"2024";"15:17";"1";"68";"68062";"1";"3";"1";"3";"D419";"47,62859900";"7,22157400"
"202400013051";"16";"10";"2024";"20:50";"3";"25";"25157";"1";"1";"2";"6";"D67b";"46,87492000";"6,40022300"
"202400013052";"16";"10";"2024";"22:50";"3";"31";"31136";"1";"6";"1";"6";"Avenue de Villemur";"43,75131700";"1,43291600"
"202400013053";"16";"10";"2024";"16:10";"1";"03";"03168";"1";"1";"1";"7";"Lieu-dit Jovinière";"46,60811100";"2,66010200"
"202400013054";"17";"10";"2024";"07:45";"2";"01";"01265";"2";"1";"3";"2";"88 Avenue de Bresse";"46,17394300";"5,56642600"
"202400013055";"17";"10";"2024";"13:30";"1";"06";"06059";"1";"1";"1";"6";"Avenue de Verdun";"43,72970100";"7,35805000"
"202400013056";"17";"10";"2024";"10:50";"1";"06";"06059";"1";"1";"1";"6";"904 Avenue Raymond Poincaré";"43,72051800";"7,36853000"
"202400013057";"17";"10";"2024";"01:30";"3";"10";"10148";"1";"1";"2";"6";"18 Rue des Borderets";"48,46180000";"3,58820000"
"202400013058";"17";"10";"2024";"15:00";"1";"10";"10437";"2";"1";"2";"1";"Rue Roger Dossot";"48,14026300";"4,30219100"
"202400013059";"17";"10";"2024";"11:43";"1";"16";"16253";"1";"1";"2";"6";"Tourteron";"46,04177300";"0,01576300"
"202400013060";"17";"10";"2024";"07:50";"2";"40";"40273";"2";"1";"3";"6";"D817";"43,52676700";" -1,39376700"
"202400013061";"17";"10";"2024";"06:30";"3";"04";"04157";"1";"1";"2";"1";"D8";"43,89425900";"6,07196300"
"202400013062";"15";"10";"2024";"14:20";"1";"87";"87082";"1";"1";"1";"1";"Route de la Vallade";"45,59811400";"1,09426100"
"202400013063";"17";"10";"2024";"12:50";"1";"87";"87037";"1";"1";"2";"6";"lartimache";"45,65268100";"0,82917800"
"202400013064";"16";"10";"2024";"16:40";"1";"37";"37177";"1";"1";"2";"6";"La Rousseliere";"47,18419825";"1,27220710"
"202400013065";"14";"10";"2024";"17:20";"1";"24";"24293";"1";"9";"1";"1";"Route de la Lénotte";"44,78507100";"1,00504500"
"202400013066";"16";"10";"2024";"16:36";"1";"01";"01451";"1";"1";"1";"6";"PK142+800, A39";"46,26457800";"5,24248500"
"202400013067";"16";"10";"2024";"16:35";"1";"987";"98715";"1";"9";"1";"3";"Teroma";" -17,57662900";" -149,59930600"
"202400013068";"17";"10";"2024";"00:01";"5";"974";"97418";"2";"1";"1";"6";"134 Rue Jean XXIII";" -20,94951700";"55,51681800"
"202400013069";"16";"10";"2024";"16:00";"1";"45";"45335";"1";"3";"1";"3";"D921 PR 64 + 171";"47,80558900";"2,08892600"
"202400013070";"16";"10";"2024";"07:20";"5";"2B";"2B168";"2";"1";"1";"6";"Monticello";"42,63103800";"8,95246300"
"202400013071";"16";"10";"2024";"08:40";"1";"34";"34213";"1";"3";"1";"3";"D2e5";"43,47107100";"3,68119200"
"202400013072";"13";"10";"2024";"22:00";"3";"69";"69163";"2";"1";"2";"6";"Chemin de la Halte";"45,90596800";"4,78062500"
"202400013073";"14";"10";"2024";"16:47";"1";"31";"31263";"2";"1";"8";"2";"Route de la Fontanasse";"43,41493800";"1,39602500"
"202400013074";"16";"10";"2024";"18:50";"1";"40";"40257";"1";"1";"2";"6";"route départementale 87";"44,24006500";" -1,20733700"
"202400013075";"17";"10";"2024";"08:00";"2";"22";"22162";"2";"6";"1";"3";"Rue Bécot";"48,77845700";" -3,05704200"
"202400013076";"16";"10";"2024";"17:00";"1";"22";"22162";"2";"2";"2";"3";"Rue Guillaume Thos";"48,78237000";" -3,05163000"
"202400013077";"17";"10";"2024";"13:00";"1";"27";"27136";"1";"1";"2";"6";"D70";"49,00395200";"1,44324300"
"202400013078";"16";"10";"2024";"10:25";"1";"60";"60042";"1";"2";"1";"3";"Allee des Fresnes";"49,33734469";"2,45492671"
"202400013079";"13";"10";"2024";"10:40";"1";"69";"69277";"1";"1";"1";"2";"Rocade Est";"45,72878000";"4,97727000"
"202400013080";"16";"10";"2024";"07:00";"2";"33";"33063";"1";"1";"1";"2";"N/A";"44,88374900";" -0,55695200"
"202400013081";"16";"10";"2024";"18:50";"3";"91";"91228";"1";"1";"1";"3";"RN 104";"48,62648000";"2,41504000"
"202400013082";"16";"10";"2024";"17:10";"1";"91";"91174";"1";"1";"1";"3";"RN 104";"48,62308000";"2,46639000"
"202400013083";"16";"10";"2024";"10:35";"1";"91";"91174";"1";"1";"1";"3";"RN 104";"48,61045039";"2,44425416"
"202400013084";"15";"10";"2024";"18:20";"1";"75";"75116";"1";"1";"1";"3";"A13Y";"48,84821542";"2,24778235"
"202400013085";"15";"10";"2024";"20:16";"3";"78";"78640";"1";"1";"1";"4";"N118";"48,78419500";"2,22302800"
"202400013086";"15";"10";"2024";"10:45";"1";"78";"78646";"1";"1";"1";"6";"RN12 INT";"48,78501000";"2,15550000"
"202400013087";"15";"10";"2024";"09:50";"1";"92";"92036";"1";"1";"1";"3";"A86";"48,93459097";"2,26845903"
"202400013088";"15";"10";"2024";"09:00";"1";"78";"78140";"1";"1";"1";"3";"A13";"48,96093400";"1,93004300"
"202400013089";"15";"10";"2024";"08:05";"1";"92";"92050";"1";"1";"1";"3";"A14";"48,89493716";"2,22826373"
"202400013090";"15";"10";"2024";"04:00";"3";"95";"95018";"1";"1";"1";"6";"A15";"48,96295185";"2,26532238"
"202400013091";"25";"04";"2024";"13:00";"1";"93";"93039";"2";"3";"1";"3";"Avenue du Pont d’Épinay / Quai de la Marine";"48,95054000";"2,30681000"
"202400013092";"31";"05";"2024";"21:00";"1";"93";"93066";"2";"3";"2";"3";"Boulevard Marcel Sembat / Boulevard Marcel Sembat";"48,92991400";"2,35587300"
"202400013093";"31";"05";"2024";"09:50";"1";"93";"93066";"2";"1";"8";"1";"Rue Henri Delaunay";"48,92613000";"2,36125000"
"202400013094";"31";"05";"2024";"07:30";"1";"93";"93066";"2";"1";"2";"3";"Chemin du Fort de la Briche";"48,94507200";"2,34154100"
"202400013095";"31";"05";"2024";"05:41";"2";"93";"93066";"2";"1";"1";"1";"Rue Ambroise Croizat";"48,93243300";"2,34883300"
"202400013096";"30";"05";"2024";"22:16";"4";"93";"93066";"2";"9";"2";"6";"Place Jean Poulmarc'h / Boulevard de la Libération";"48,93303400";"2,34245400"
"202400013097";"27";"05";"2024";"07:45";"1";"93";"93066";"2";"1";"8";"5";"Avenue des Arts et Métiers";"48,91483000";"2,36175000"
"202400013098";"25";"05";"2024";"17:05";"1";"93";"93066";"2";"3";"1";"3";"Rue Henri Delaunay / Avenue Jules Rimet";"48,92617700";"2,36240800"
"202400013099";"24";"05";"2024";"17:15";"1";"93";"93066";"2";"1";"1";"3";"BRICHE NR 2 A 38";"48,94605000";"2,34303000"
"202400013100";"18";"05";"2024";"18:38";"1";"93";"93066";"2";"2";"1";"6";"Place de la Résistance / Rue Gabriel Péri";"48,93253097";"2,35545722"
"202400013101";"18";"05";"2024";"16:50";"1";"93";"93066";"2";"1";"1";"3";"Rue Ambroise Croizat";"48,93310558";"2,34825611"
"202400013102";"17";"05";"2024";"09:30";"1";"93";"93066";"1";"9";"1";"4";"STADE DE FRANCE (AVENUE DU)";"48,92162039";"2,36151695"
"202400013103";"14";"05";"2024";"12:00";"1";"93";"93066";"2";"2";"2";"3";"Cours du Rû de Montfort / Avenue Leroy des Barres";"48,92846600";"2,36883900"
"202400013104";"28";"03";"2024";"16:30";"1";"93";"93008";"2";"6";"1";"2";"Avenue Jean Jaures / Avenue du Président Salvador Allende";"48,90018199";"2,44131982"
"202400013105";"28";"01";"2024";"18:00";"2";"93";"93008";"2";"6";"1";"3";"Avenue Paul Vaillant Couturier / Avenue Louis Aragon";"48,91264000";"2,43688000"
"202400013106";"6";"08";"2024";"19:35";"1";"91";"91691";"2";"6";"1";"3";"MARECHAL JUINI(RUE)";"48,71061000";"2,48829000"
"202400013107";"14";"10";"2024";"15:00";"1";"987";"98736";"2";"1";"1";"6";"ANTHONY BAMBRIDGE (RUE)";" -17,53932000";" -149,54490000"
"202400013108";"14";"10";"2024";"11:41";"1";"987";"98735";"1";"2";"1";"3";"C U SACREE";" -17,53520000";" -149,55560000"
"202400013109";"15";"10";"2024";"08:10";"1";"976";"97611";"2";"9";"1";"2";"m'tsapere-Nationale 2 (route)";" -12,79226000";"45,22091000"
"202400013110";"15";"10";"2024";"07:50";"1";"973";"97302";"2";"3";"1";"3";"MONTABO (ROUTE DE) 2";"4,93777000";" -52,29867000"
"202400013111";"14";"10";"2024";"11:48";"1";"973";"97302";"2";"6";"1";"3";"CHARLERY (GUSTAVE)";"4,93932000";" -52,31830000"
"202400013112";"15";"10";"2024";"12:10";"1";"69";"69388";"2";"2";"1";"3";"Rue Rochambeau";"45,73109000";"4,86844000"
"202400013113";"15";"10";"2024";"08:40";"1";"69";"69383";"2";"1";"8";"1";"Quai Victor Augagneur";"45,76244000";"4,84129000"
"202400013114";"15";"10";"2024";"16:00";"1";"972";"97209";"2";"9";"1";"1";"SALVADOR ALLENDE (AVENUE)";"14,61036000";" -61,04812600"
"202400013115";"15";"10";"2024";"15:35";"1";"972";"97209";"2";"3";"1";"3";"LIBERTE (RUE DE LA)";"14,60308000";" -61,06866000"
"202400013116";"10";"10";"2024";"23:00";"5";"972";"97209";"1";"1";"1";"1";"AUTOROUTE (A1)";"14,61747000";" -61,04083000"
"202400013117";"15";"10";"2024";"18:40";"2";"69";"69149";"1";"6";"1";"3";"Route Départementale 15";"45,69347000";"4,82782000"
"202400013118";"15";"10";"2024";"15:35";"1";"2B";"2B033";"2";"1";"1";"6";"VEZZANI - RUE CESAR";"42,69220000";"9,44991000"
"202400013119";"13";"10";"2024";"05:30";"2";"971";"97101";"1";"1";"1";"2";"RN1-  HAUTEUR DE SORTIE LAURICISQUE";"16,25305000";" -61,54578000"
"202400013120";"15";"10";"2024";"12:10";"1";"2A";"2A004";"2";"1";"1";"2";"SEBASTIANU COSTA BD";"41,94157397";"8,74776453"
"202400013121";"15";"10";"2024";"17:30";"1";"95";"95268";"2";"1";"1";"3";"D84A";"48,95867534";"2,41102932"
"202400013122";"15";"10";"2024";"18:00";"1";"91";"91687";"2";"1";"1";"6";"JEAN CHARCOT (AVENUE)";"48,65841000";"2,36642000"
"202400013123";"15";"10";"2024";"13:15";"1";"91";"91479";"2";"2";"1";"3";"AV G PERI";"48,70724000";"2,36151000"
"202400013124";"12";"10";"2024";"13:01";"1";"87";"87085";"2";"1";"1";"7";"PORT DU NAVEIX (RUE DU)";"45,83759000";"1,28285000"
"202400013125";"15";"10";"2024";"07:00";"5";"85";"85191";"2";"1";"3";"6";"Boulevard louis blanc";"46,67450000";" -1,43510000"
"202400013126";"14";"10";"2024";"15:30";"1";"84";"84035";"2";"1";"2";"6";"MERIMEE (AVENUE PROSPER)";"43,85122400";"5,03329600"
"202400013127";"15";"10";"2024";"17:10";"1";"84";"84007";"2";"1";"1";"5";"EUROPE (PONT DE L')";"43,94389400";"4,79622700"
"202400013128";"14";"10";"2024";"08:00";"1";"83";"83069";"1";"3";"1";"3";"SALINS ( ROUTE DES VIEUX)";"43,12447000";"6,18880000"
"202400013129";"15";"10";"2024";"11:50";"1";"78";"78029";"2";"1";"1";"1";"CD 113";"48,95986000";"1,84256000"
"202400013130";"14";"10";"2024";"12:45";"1";"72";"72181";"2";"9";"1";"6";"FAROUX CHARLES (RUE) N° PAIRS";"47,97185000";"0,21852000"
"202400013131";"15";"10";"2024";"08:40";"1";"71";"71499";"2";"1";"2";"3";"CARNOT (RUE)";"46,64869000";"4,28701000"
"202400013132";"15";"10";"2024";"08:50";"1";"71";"71270";"1";"1";"2";"3";"Route Départementale 906";"46,35330000";"4,84710000"
"202400013133";"15";"10";"2024";"14:30";"1";"69";"69266";"2";"3";"1";"3";"Route de Genas";"45,74937000";"4,91388000"
"202400013134";"14";"10";"2024";"06:20";"5";"69";"69259";"2";"1";"2";"2";"Boulevard de Jodino";"45,69578477";"4,88779502"
"202400013135";"14";"10";"2024";"01:58";"5";"69";"69259";"2";"1";"1";"6";"Boulevard Irène Joliot Curie";"45,71071121";"4,88264546"
"202400013136";"13";"03";"2024";"17:30";"1";"71";"71153";"2";"2";"1";"3";"REPUBLIQUE (AVENUE DE LA)";"46,79697000";"4,44820000"
"202400013137";"15";"10";"2024";"20:50";"5";"67";"67482";"2";"3";"1";"3";"RHIN (AVENUE DU)";"48,56935000";"7,77812000"
"202400013138";"15";"03";"2024";"19:10";"5";"69";"69286";"2";"3";"2";"3";"17 Avenue de l'Europe";"45,81477027";"4,89512667"
"202400013139";"15";"03";"2024";"13:55";"1";"69";"69115";"2";"1";"2";"6";"Route de Riottier";"45,97828967";"4,73713832"
"202400013140";"15";"10";"2024";"17:02";"1";"63";"63300";"2";"2";"1";"3";"RD2029/RD83/Bd Clémentel faubourg Bardon";"45,89094000";"3,11031800"
"202400013141";"14";"03";"2024";"20:20";"5";"69";"69259";"2";"2";"1";"1";"Avenue Pierre Sémard";"45,70614000";"4,87793000"
"202400013142";"15";"10";"2024";"20:00";"5";"63";"63113";"2";"2";"1";"3";"Bonnabaud / Eugène Gilbert";"45,77372000";"3,08003000"
"202400013143";"14";"03";"2024";"12:00";"1";"69";"69259";"2";"8";"1";"6";"28 Avenue Jean Cagne";"45,69572000";"4,87222000"
"202400013144";"15";"10";"2024";"09:35";"1";"63";"63113";"2";"1";"1";"3";"THEVENOT (RUE THIBAUD)";"45,78818772";"3,08992624"
"202400013145";"13";"03";"2024";"10:20";"1";"68";"68066";"2";"1";"1";"3";"Avenue d'Alsace";"48,06946000";"7,36510000"
"202400013146";"15";"03";"2024";"08:55";"1";"64";"64132";"2";"1";"1";"3";"ALBERT 1ER";"43,28272000";" -0,34072000"
"202400013147";"15";"10";"2024";"08:54";"1";"63";"63032";"2";"3";"1";"4";"HOTEL DE VILLE (RUE DE L')";"45,75348000";"3,08660000"
"202400013148";"15";"03";"2024";"23:40";"5";"64";"64122";"2";"1";"1";"7";"ELISABETH II (ESPLANADE)";"43,49348000";" -1,55344000"
"202400013149";"13";"10";"2024";"21:15";"5";"62";"62193";"2";"6";"1";"7";"Avenue Pierre de Coubertin";"50,95211000";"1,83295000"
"202400013150";"14";"03";"2024";"17:20";"1";"63";"63300";"2";"3";"1";"3";"av de Chatel-Guyon / allée des Tilleuls";"45,89520414";"3,10887605"
"202400013151";"15";"10";"2024";"16:40";"1";"59";"59033";"2";"6";"1";"6";"PARMENTIER (RUE)";"50,20270000";"3,83584000"
"202400013152";"15";"10";"2024";"09:20";"2";"59";"59043";"2";"1";"5";"3";"LILLE (ROUTE DE)";"50,71959000";"2,80488000"
"202400013153";"15";"03";"2024";"20:46";"5";"63";"63113";"2";"9";"1";"3";"Rue André Moinier / rue St-Herem";"45,78038000";"3,08377000"
"202400013154";"15";"10";"2024";"07:35";"5";"56";"56260";"2";"9";"1";"3";"Rue de Bilaire";"47,66998000";" -2,74529000"
"202400013155";"15";"03";"2024";"18:30";"2";"63";"63113";"2";"1";"1";"3";"CLOS NOTRE DAME (RUE DU)";"45,78240000";"3,07424000"
"202400013156";"14";"10";"2024";"20:00";"5";"56";"56121";"2";"2";"1";"3";"Rue de Belgique";"47,76115000";" -3,38626000"
"202400013157";"6";"03";"2024";"08:30";"1";"62";"62330";"2";"1";"1";"2";"D72";"50,55001974";"2,76112116"
"202400013158";"14";"10";"2024";"18:25";"1";"56";"56121";"2";"1";"1";"6";"Rue Jean Le Coutaller";"47,74773000";" -3,36958000"
"202400013159";"15";"03";"2024";"13:19";"1";"62";"62753";"2";"1";"2";"1";"D260";"50,29394685";"2,79087427"
"202400013160";"15";"10";"2024";"19:24";"5";"54";"54580";"2";"2";"1";"6";"Rue du Marechal Foch";"49,46902000";"5,92992000"
"202400013161";"13";"03";"2024";"15:15";"1";"59";"59122";"2";"1";"1";"6";"PICARDIE (PLACE DE)";"50,17852000";"3,24404000"
"202400013162";"12";"10";"2024";"19:50";"5";"50";"50129";"2";"3";"1";"3";"DELAVILLE ( AVENUE)";"49,63569000";" -1,62333000"
"202400013163";"13";"03";"2024";"17:00";"1";"58";"58194";"2";"1";"1";"6";"MARIENNES";"46,99500000";"3,15074000"
"202400013164";"14";"03";"2024";"16:45";"1";"58";"58194";"2";"3";"1";"3";"TREIZIEME DE LIGNE";"46,99231000";"3,14581000"
"202400013165";"15";"03";"2024";"13:43";"1";"56";"56260";"2";"1";"1";"7";"Boulevard des Îles";"47,65254000";" -2,78538000"
"202400013166";"14";"03";"2024";"13:10";"1";"56";"56121";"2";"1";"1";"6";"BELGIQUE (RUE  DE )";"47,76169000";" -3,38839000"
"202400013167";"14";"03";"2024";"19:05";"5";"54";"54395";"2";"2";"1";"3";"Boulevard Albert 1er";"48,69633000";"6,16727000"
"202400013168";"14";"03";"2024";"08:30";"1";"54";"54547";"2";"1";"8";"6";"Avenue de la Forêt de Haye";"48,65216000";"6,13717000"
"202400013169";"15";"03";"2024";"15:40";"1";"51";"51454";"2";"2";"2";"3";"EPERNAY (AVENUE D') COTE PAIR";"49,23193000";"4,01416000"
"202400013170";"12";"03";"2024";"18:45";"1";"49";"49007";"2";"1";"1";"3";"GANDHI";"47,46827000";" -0,52041000"
"202400013171";"12";"03";"2024";"20:05";"5";"44";"44162";"2";"1";"1";"6";"Boulevard Marcel Paul";"47,22905000";" -1,63019000"
"202400013172";"15";"03";"2024";"19:22";"5";"38";"38185";"2";"2";"1";"1";"GAMBETTA (BOULEVARD)";"45,19120000";"5,72133000"
"202400013173";"15";"03";"2024";"07:20";"1";"38";"38185";"2";"3";"1";"3";"EAUX CLAIRES (RUE DES)";"45,17777028";"5,71015745"
"202400013174";"14";"03";"2024";"18:25";"1";"36";"36202";"2";"1";"1";"3";"Route de Niherne";"46,80437381";"1,62784701"
"202400013175";"15";"03";"2024";"18:00";"2";"34";"34172";"2";"1";"1";"6";"JEANBRAU (AVENUE DU PROFESSEUR EMILE)";"43,63639000";"3,86429000"
"202400013176";"15";"03";"2024";"09:30";"1";"34";"34032";"1";"1";"1";"6";"VOIE COMMUNALE NR.13";"43,32785000";"3,17621000"
"202400013177";"15";"03";"2024";"18:20";"1";"33";"33281";"2";"1";"1";"6";"N/A";"44,83248100";" -0,64551000"
"202400013178";"13";"03";"2024";"16:57";"1";"31";"31555";"2";"1";"1";"6";"RUE JULES AMILHAU";"43,58206053";"1,41487867"
"202400013179";"15";"03";"2024";"08:42";"1";"27";"27681";"2";"1";"1";"2";"JAURES (BOULEVARD JAURES)";"49,09500000";"1,46700000"
"202400013180";"14";"03";"2024";"16:45";"1";"27";"27229";"2";"1";"1";"3";"BOUIN (RUE JEAN)";"49,02154800";"1,12738500"
"202400013181";"14";"03";"2024";"11:03";"1";"27";"27229";"2";"1";"1";"7";"NOBEL (RUE ALFRED)";"49,02217800";"1,18428100"
"202400013182";"15";"03";"2024";"23:25";"5";"22";"22278";"2";"6";"1";"3";"MONGE";"48,50248000";" -2,73783000"
"202400013183";"14";"03";"2024";"11:10";"1";"15";"15014";"2";"1";"1";"6";"Boulevard Jean Jaures";"44,93337700";"2,45021500"