"Num_Acc";"jour";"mois";"an";"hrmn";"lum";"dep";"com";"agg";"int";"atm";"col";"adr";"lat";"long"
"202400013184";"14";"03";"2024";"06:50";"2";"15";"15014";"2";"1";"1";"3";"RN 122";"44,91241000";"2,43950000"
"202400013185";"14";"03";"2024";"18:35";"1";"14";"14271";"2";"9";"1";"3";"4 Rue Serge Rouzière";"49,14832000";" -0,37630000"
"202400013186";"14";"03";"2024";"09:00";"1";"14";"14327";"2";"3";"1";"2";"6 Avenue de Dubna";"49,21398000";" -0,35249000"
"202400013187";"11";"02";"2024";"14:54";"1";"14";"14125";"1";"1";"8";"6";"D7";"49,23262000";" -0,37250000"
"202400013188";"15";"03";"2024";"17:20";"1";"13";"13063";"2";"9";"1";"3";"NORD AVENUE DU";"43,59915000";"5,00603000"
"202400013189";"15";"03";"2024";"15:00";"1";"13";"13028";"2";"6";"1";"3";"ROVARCH (AVENUE PIERRE)";"43,19218000";"5,60446000"
"202400013190";"15";"03";"2024";"12:45";"1";"13";"13005";"2";"1";"1";"3";"BON CIVET (CHEMIN DU)";"43,27820000";"5,55315000"
"202400013191";"12";"03";"2024";"12:00";"1";"13";"13005";"2";"3";"1";"3";"DIX NEUF MARS 1962 (AVENUE DU)";"43,28816000";"5,57182000"
"202400013192";"15";"03";"2024";"15:54";"1";"06";"06088";"2";"2";"1";"6";"Rue Verdi";"43,69959000";"7,25927000"
"202400013193";"15";"03";"2024";"18:50";"2";"06";"06069";"2";"1";"1";"6";"89 Avenue Pierre Sémard";"43,65496600";"6,92734400"
"202400013194";"15";"03";"2024";"11:45";"1";"06";"06027";"2";"3";"1";"6";"Avenue Général Leclerc";"43,65780000";"7,16408000"
"202400013195";"15";"03";"2024";"07:50";"1";"06";"06027";"2";"1";"1";"6";"Rue du Chevalier Martin";"43,66438000";"7,14998000"
"202400013196";"15";"03";"2024";"01:30";"3";"06";"06004";"1";"1";"1";"6";"1971 Route de Nice";"43,61708000";"7,12930000"
"202400013197";"15";"03";"2024";"20:10";"5";"01";"01053";"2";"1";"8";"7";"LYON (AVENUE DE - N° PAIRS)";"46,19427000";"5,21416000"
"202400013198";"15";"03";"2024";"18:20";"1";"75";"75120";"2";"2";"1";"2";"RUE DES AMANDIERS";"48,86731100";"2,38901900"
"202400013199";"15";"03";"2024";"15:28";"1";"75";"75120";"2";"2";"1";"6";"BOULEVARD DE BELLEVILLE";"48,87211700";"2,37705800"
"202400013200";"15";"03";"2024";"14:00";"1";"75";"75119";"2";"1";"1";"3";"AVENUE SIMON BOLIVAR";"48,87418700";"2,38387600"
"202400013201";"15";"03";"2024";"13:10";"1";"75";"75118";"2";"1";"8";"6";"RUE FIRMIN GEMIER";"48,89511900";"2,33049800"
"202400013202";"15";"03";"2024";"20:30";"5";"75";"75117";"2";"3";"2";"7";"BOULEVARD GOUVION SAINT CYR";"48,87818600";"2,28416200"
"202400013203";"15";"03";"2024";"12:04";"1";"75";"75115";"2";"2";"1";"6";"RUE DE VAUGIRARD";"48,83830700";"2,29847600"
"202400013204";"15";"03";"2024";"10:35";"1";"75";"75115";"2";"3";"2";"7";"BOULEVARD VICTOR";"48,83444300";"2,28404100"
"202400013205";"15";"03";"2024";"10:00";"1";"75";"75114";"2";"3";"1";"3";"AVENUE DU GENERAL LECLERC";"48,82687200";"2,32650200"
"202400013206";"14";"03";"2024";"17:00";"1";"75";"75114";"2";"2";"1";"6";"BOULEVARD BRUNE";"48,82618900";"2,31280000"
"202400013207";"15";"03";"2024";"17:15";"1";"75";"75113";"2";"2";"1";"6";"BOULEVARD SAINT MARCEL";"48,83845600";"2,35708000"
"202400013208";"14";"03";"2024";"15:20";"1";"75";"75112";"2";"1";"1";"6";"AVENUE LEDRU ROLLIN";"48,84907800";"2,37334900"
"202400013209";"15";"03";"2024";"16:00";"1";"75";"75111";"2";"2";"1";"6";"RUE JEAN PIERRE TIMBAUD";"48,86841600";"2,37956600"
"202400013210";"15";"03";"2024";"12:00";"1";"75";"75111";"2";"2";"1";"2";"Boulevard de Belleville";"48,87191795";"2,37690389"
"202400013211";"15";"03";"2024";"00:20";"5";"75";"75109";"2";"2";"1";"4";"BOULEVARD HAUSSMANN";"48,87297200";"2,33326700"
"202400013212";"15";"03";"2024";"05:02";"5";"75";"75108";"2";"2";"1";"6";"AVENUE WINSTON CHURCHILL";"48,86499900";"2,31369700"
"202400013213";"15";"03";"2024";"21:00";"5";"75";"75101";"2";"3";"2";"6";"RUE DE L AMIRAL DE COLIGNY";"48,86037000";"2,34069400"
"202400013214";"15";"03";"2024";"01:05";"5";"75";"75101";"2";"2";"1";"3";"BOULEVARD DE SEBASTOPOL";"48,86341700";"2,35095100"
"202400013215";"15";"03";"2024";"13:50";"1";"94";"94074";"2";"1";"1";"3";"Rue Sacco et Vanzetti";"48,73815373";"2,46271983"
"202400013216";"15";"03";"2024";"00:10";"5";"94";"94074";"2";"3";"1";"1";"Avenue Salvador Allende / Rue Alfred Kastler";"48,75180908";"2,45719045"
"202400013217";"2";"07";"2024";"17:35";"1";"54";"54547";"2";"1";"1";"6";"Rue de Lisbonne";"48,66228000";"6,17093000"
"202400013218";"1";"07";"2024";"17:16";"1";"49";"49007";"2";"1";"1";"7";"Boulevard du Bon Pasteur";"47,47090000";" -0,57213000"
"202400013219";"15";"03";"2024";"15:50";"1";"94";"94065";"2";"4";"1";"2";"N186B / Bretelle N186";"48,75386000";"2,36522000"
"202400013220";"3";"07";"2024";"09:55";"1";"45";"45232";"2";"3";"1";"3";"1991 Rue Marcel Belot";"47,85094000";"1,90787000"
"202400013221";"15";"03";"2024";"11:30";"1";"94";"94033";"2";"1";"8";"2";"Avenue de la République";"48,85321000";"2,46894000"
"202400013222";"26";"06";"2024";"09:25";"1";"41";"41018";"2";"1";"1";"6";"DUGAY-TROUIN (RUE)  N° IMPAIRS";"47,59303000";"1,30019000"
"202400013223";"13";"03";"2024";"08:45";"1";"94";"94028";"2";"1";"2";"6";"Avenue François Mitterrand";"48,76955100";"2,46466100"
"202400013224";"3";"07";"2024";"15:35";"1";"39";"39198";"2";"3";"1";"3";"Avenue Jean Jaures";"47,09392600";"5,49777900"
"202400013225";"15";"03";"2024";"15:10";"1";"94";"94022";"2";"2";"1";"2";"Avenue Léon Gourdault / Avenue Jean Jaurès";"48,76426747";"2,40577412"
"202400013226";"14";"03";"2024";"13:30";"1";"93";"93073";"2";"2";"1";"3";"Rue du Sonnet / Rue des Terres Noires";"49,00247000";"2,53334000"
"202400013227";"3";"07";"2024";"14:00";"1";"37";"37261";"2";"6";"1";"3";"DANEMARK (AVENUE DU)";"47,43214000";"0,69711000"
"202400013228";"3";"07";"2024";"11:40";"1";"37";"37214";"2";"9";"1";"6";"DE GAULLE (BD CHARLES)";"47,42595000";"0,65499000"
"202400013229";"15";"03";"2024";"07:00";"1";"93";"93066";"2";"1";"1";"3";"Rue Ambroise Croizat";"48,93889600";"2,34495800"
"202400013230";"15";"03";"2024";"18:00";"2";"93";"93053";"2";"3";"1";"3";"Rue Anatole France / Avenue Hoche";"48,88650000";"2,44732000"
"202400013231";"3";"07";"2024";"18:30";"1";"36";"36044";"2";"1";"1";"4";"MONTAIGNE";"46,79723423";"1,70647502"
"202400013232";"15";"03";"2024";"07:45";"1";"93";"93033";"2";"1";"1";"1";"Avenue de Champs";"48,85986000";"2,58080000"
"202400013233";"3";"07";"2024";"22:15";"5";"35";"35238";"2";"3";"1";"1";"MOTTE BRULON (DE LA)";"48,12933000";" -1,67407000"
"202400013234";"15";"03";"2024";"19:10";"5";"93";"93046";"2";"3";"1";"1";"Rue Eugène Massé / Rue Charles Hiver";"48,92453600";"2,54484400"
"202400013235";"3";"07";"2024";"19:20";"1";"35";"35055";"2";"1";"1";"6";"LOGES (RUE DES)";"48,08464000";" -1,62755000"
"202400013236";"15";"03";"2024";"21:15";"5";"93";"93010";"2";"9";"2";"6";"Route de Villemomble";"48,88982158";"2,49362580"
"202400013237";"3";"07";"2024";"16:43";"1";"34";"34108";"1";"1";"1";"2";"RD 612";"43,46458000";"3,76670000"
"202400013238";"3";"07";"2024";"19:10";"1";"34";"34172";"2";"3";"1";"6";"MARES (AVENUE HENRI)";"43,62004000";"3,85117000"
"202400013239";"15";"03";"2024";"19:45";"5";"93";"93001";"2";"5";"2";"3";"Boulevard Anatole France / Avenue du Président Roosevelt";"48,91504389";"2,38124728"
"202400013240";"4";"07";"2024";"01:40";"4";"33";"33063";"2";"1";"1";"6";"Avenue de la République";"44,83994000";" -0,60301000"
"202400013241";"15";"03";"2024";"18:45";"2";"92";"92051";"2";"1";"1";"2";"CHEZY (RUE DE , N°14 A 100)";"48,88897388";"2,27248585"
"202400013242";"3";"07";"2024";"10:35";"1";"33";"33550";"2";"3";"1";"1";"Allée des Pins";"44,76812000";" -0,58312000"
"202400013243";"15";"03";"2024";"10:30";"1";"92";"92050";"2";"1";"1";"3";"SAINT CLOUD RUE DE";"48,88330000";"2,20125000"
"202400013244";"29";"06";"2024";"10:20";"1";"29";"29232";"2";"4";"1";"3";"Allée de Meilh Stang Vihan";"48,01357000";" -4,10767000"
"202400013245";"15";"03";"2024";"12:55";"1";"92";"92035";"2";"7";"3";"2";"Belgique ( Place de )";"48,90671532";"2,23851693"
"202400013246";"3";"07";"2024";"18:30";"1";"25";"25056";"2";"1";"1";"6";"DIJON RUE DE";"47,22341700";"5,97310400"
"202400013247";"16";"03";"2024";"10:20";"1";"34";"34276";"1";"1";"1";"6";"D26";"43,76159900";"3,88346300"
"202400013248";"3";"07";"2024";"15:20";"1";"17";"17299";"2";"6";"1";"3";"WILSON AVENUE";"45,94459300";" -0,96158200"
"202400013249";"12";"03";"2024";"18:10";"1";"31";"31044";"2";"3";"1";"3";"7 Rue Georges Bernanos";"43,60472153";"1,49535969"
"202400013250";"16";"03";"2024";"17:25";"1";"67";"67202";"2";"6";"1";"3";"Rue des 4 Vents";"48,76178900";"7,56448700"
"202400013251";"3";"07";"2024";"20:00";"1";"13";"13117";"2";"1";"1";"1";"MONNET (AVENUE JEAN)";"43,42219000";"5,28647000"
"202400013252";"15";"03";"2024";"00:30";"3";"974";"97410";"2";"1";"1";"6";"Chemin Grand Fond";" -21,02830500";"55,68610800"
"202400013253";"2";"07";"2024";"23:40";"3";"13";"13056";"1";"9";"1";"6";"CD 49";"43,34595000";"5,06174000"
"202400013254";"16";"03";"2024";"13:50";"1";"83";"83049";"1";"1";"1";"5";"D43";"43,24915009";"6,07277009"
"202400013255";"3";"07";"2024";"23:45";"3";"13";"13216";"2";"4";"1";"1";"CHASSAIGNON (IMPASSE)";"43,35358000";"5,34440000"
"202400013256";"15";"03";"2024";"13:20";"1";"72";"72231";"2";"1";"2";"3";"Avenue Abel Tirand";"47,93787700";"0,36392700"
"202400013257";"2";"07";"2024";"15:19";"1";"13";"13207";"2";"1";"1";"1";"Corniche John Fitzgérald Kennedy";"43,28084000";"5,35270000"
"202400013258";"15";"03";"2024";"15:55";"1";"15";"15259";"1";"1";"1";"6";" A 75 ";"45,11089500";"3,13627200"
"202400013259";"3";"07";"2024";"12:40";"1";"11";"11069";"2";"1";"1";"6";"N/A";"43,23478000";"2,36694000"
"202400013260";"16";"03";"2024";"04:45";"3";"36";"36026";"1";"1";"8";"2";"N/A";"46,92964415";"1,74599093"
"202400013261";"3";"07";"2024";"17:10";"1";"06";"06069";"2";"1";"1";"1";"115 Avenue Auguste Renoir";"43,68173000";"6,96022500"
"202400013262";"16";"03";"2024";"13:55";"1";"71";"71023";"1";"2";"1";"3";"Route de Cuisery";"46,67133500";"4,97779400"
"202400013263";"3";"07";"2024";"18:25";"1";"06";"06069";"2";"3";"1";"1";"104 Avenue Pierre Sémard";"43,65615000";"6,92894300"
"202400013264";"16";"03";"2024";"06:45";"2";"80";"80024";"1";"1";"1";"1";"D191";"49,92747000";"2,24590500"
"202400013265";"3";"07";"2024";"07:00";"1";"06";"06027";"2";"1";"1";"6";"13 Avenue Auguste Renoir";"43,66350000";"7,14986000"
"202400013266";"16";"03";"2024";"01:00";"3";"12";"12243";"2";"3";"1";"6";"Avenue de la Liberte";"44,01205800";"2,96454400"
"202400013267";"3";"07";"2024";"19:40";"1";"75";"75120";"2";"1";"1";"3";"PORTE DE BAGNOLET";"48,86784500";"2,41324100"
"202400013268";"3";"07";"2024";"08:25";"1";"75";"75117";"2";"1";"1";"7";"PORTE DE SAINT OUEN";"48,89944700";"2,31828400"
"202400013269";"16";"03";"2024";"15:50";"1";"39";"39013";"1";"1";"1";"1";"N/A";"46,89180800";"5,73057800"
"202400013270";"3";"07";"2024";"10:46";"1";"75";"75117";"2";"1";"1";"2";"BOULEVARD PERIPHERIQUE INTERIEUR OUEST";"48,89261000";"2,30246200"
"202400013271";"15";"03";"2024";"17:00";"1";"31";"31502";"1";"1";"1";"1";"D5";"43,19475800";"0,73005400"
"202400013272";"3";"07";"2024";"00:15";"5";"75";"75106";"2";"5";"1";"2";"PLACE DU QUEBEC";"48,85376400";"2,33334600"
"202400013273";"15";"03";"2024";"16:15";"1";"31";"31104";"1";"2";"1";"7";"D10";"43,34753500";"1,24803200"
"202400013274";"3";"07";"2024";"13:28";"1";"75";"75117";"2";"2";"1";"3";"PLACE GENERAL CATROUX";"48,88264000";"2,31038000"
"202400013275";"14";"03";"2024";"13:50";"1";"38";"38516";"2";"2";"1";"3";"Avenue de Verdun";"45,20049700";"5,75912900"
"202400013276";"1";"07";"2024";"23:30";"5";"75";"75117";"2";"2";"1";"7";"RUE JACQUES IBERT";"48,88802100";"2,28871500"
"202400013277";"15";"03";"2024";"16:30";"1";"03";"03107";"1";"1";"1";"6";"Route du Mercurol";"46,11763300";"3,06404800"
"202400013278";"12";"03";"2024";"21:00";"3";"15";"15169";"1";"1";"1";"1";"RD 22";"45,34262200";"2,48069200"
"202400013279";"2";"07";"2024";"20:50";"1";"75";"75116";"2";"2";"1";"3";"RUE DE LA POMPE";"48,86655200";"2,28010100"
"202400013280";"16";"03";"2024";"10:00";"1";"58";"58024";"1";"1";"1";"7";"D958";"47,13738100";"3,60619800"
"202400013281";"3";"07";"2024";"18:00";"1";"75";"75113";"2";"2";"1";"6";"BOULEVARD KELLERMANN";"48,82098700";"2,35064200"
"202400013282";"12";"03";"2024";"13:40";"1";"54";"54045";"1";"3";"1";"3";"RD1";"48,56854700";"6,35736100"
"202400013283";"3";"07";"2024";"11:00";"1";"75";"75113";"2";"1";"1";"3";"BOULEVARD DU GENERAL JEAN SIMON";"48,82534100";"2,38106900"
"202400013284";"16";"03";"2024";"17:45";"1";"72";"72115";"2";"1";"1";"7";"Rue de la Bouvaterie";"47,66319100";"0,47036300"
"202400013285";"16";"03";"2024";"16:30";"1";"07";"07129";"1";"1";"1";"7";"D533";"44,98558400";"4,60042000"
"202400013286";"3";"07";"2024";"13:00";"1";"75";"75109";"2";"7";"1";"3";"PLACE DE CLICHY";"48,88339300";"2,32751500"
"202400013287";"15";"03";"2024";"18:00";"1";"17";"17403";"1";"1";"1";"7";"Route d?Allas Bocage";"45,41958100";" -0,46290100"
"202400013288";"16";"03";"2024";"11:00";"1";"48";"48092";"2";"1";"1";"6";"Avenue Théophile Roussel";"44,55516900";"3,29113200"
"202400013289";"3";"07";"2024";"00:45";"5";"94";"94046";"2";"1";"1";"2";"Rue Jean Jaurès";"48,79732000";"2,43337000"
"202400013290";"16";"03";"2024";"00:30";"3";"08";"08408";"1";"1";"2";"6";"1 D88";"49,87463955";"4,64612063"
"202400013291";"3";"07";"2024";"17:20";"1";"94";"94054";"2";"1";"1";"6";"Allée des Violettes";"48,74175000";"2,40159000"
"202400013292";"16";"03";"2024";"02:30";"3";"973";"97307";"1";"1";"2";"1";"RN 2 PK 8";"4,84376100";" -52,33753700"
"202400013293";"3";"07";"2024";"12:30";"1";"93";"93072";"2";"1";"1";"3";"Avenue de Stalingrad";"48,95077838";"2,38718826"
"202400013294";"16";"03";"2024";"13:40";"1";"13";"13051";"2";"1";"1";"1";"Route de Saint Jean";"43,61473000";"5,13468700"
"202400013295";"3";"07";"2024";"11:20";"1";"93";"93064";"2";"9";"1";"1";"GALOIS (RUE EVARISTE)";"48,86304300";"2,48695900"
"202400013296";"16";"03";"2024";"01:03";"3";"06";"06088";"1";"1";"1";"6";"autoroute A8";"43,73203400";"7,27844200"
"202400013297";"3";"07";"2024";"12:25";"1";"93";"93051";"2";"1";"1";"3";"MARECHAL FOCH (BOULEVARD)";"48,84580000";"2,52943000"
"202400013298";"16";"03";"2024";"16:45";"1";"974";"97417";"2";"3";"1";"1";"Route Nationale 2";" -21,35787400";"55,77043700"
"202400013299";"3";"07";"2024";"00:20";"5";"93";"93010";"2";"1";"1";"3";"Chemin du Pont";"48,90843187";"2,48982942"
"202400013300";"15";"03";"2024";"20:20";"1";"973";"97306";"1";"1";"1";"7";"CD 9 PK23";"5,59842400";" -53,70631000"
"202400013301";"3";"07";"2024";"09:00";"1";"92";"92075";"2";"1";"1";"3";"LYCEE (BOULEVARD DU)";"48,82348937";"2,28345931"
"202400013302";"1";"02";"2024";"12:20";"1";"33";"33199";"2";"1";"1";"3";"N/A";"44,64305200";" -1,05889300"
"202400013303";"3";"07";"2024";"20:10";"1";"92";"92025";"2";"3";"1";"3";"KLEBER (AV)";"48,93099577";"2,24390137"
"202400013304";"2";"07";"2024";"09:30";"1";"92";"92025";"2";"1";"8";"3";"PRESIDENT SALVADOR ALLENDE (RUE DU)";"48,92218214";"2,23552966"
"202400013305";"14";"03";"2024";"08:10";"1";"77";"77317";"2";"1";"1";"5";"16 avenue de la gare";"48,60347900";"2,88202100"
"202400013306";"3";"07";"2024";"18:45";"1";"92";"92024";"2";"3";"1";"2";"JEAN JAURES (BD) DE 47 A 109)   (56 A 14";"48,90411591";"2,30289030"
"202400013307";"15";"03";"2024";"16:10";"1";"21";"21716";"2";"1";"1";"6";"31 Rue du Vieux Château";"47,17491500";"4,96343600"
"202400013308";"3";"07";"2024";"19:49";"1";"92";"92023";"2";"3";"1";"3";"CECILE DINANT (RUE)";"48,81233867";"2,26931494"
"202400013309";"16";"03";"2024";"10:10";"1";"10";"10300";"2";"2";"1";"3";"D148";"48,44280000";"4,35720000"
"202400013310";"3";"07";"2024";"00:01";"5";"92";"92012";"2";"1";"1";"3";"AGUESSEAU (RUE D') 91/FIN - 84/FIN";"48,83822294";"2,23774230"
"202400013311";"3";"07";"2024";"01:35";"5";"92";"92014";"2";"3";"1";"3";"GENERAL LECLERC (AV.) (1 A 55BIS - 2 A 4";"48,78317297";"2,31685889"
"202400013312";"28";"02";"2024";"19:35";"2";"88";"88348";"1";"2";"1";"3";"D48";"48,26392700";"6,66432400"
"202400013313";"3";"07";"2024";"01:00";"4";"974";"97415";"2";"1";"1";"7";"165 Chemin des Combavas";" -20,99027400";"55,32642900"
"202400013314";"16";"03";"2024";"12:00";"1";"81";"81099";"2";"1";"1";"1";"23 AVENUE JEAN ROSTAND";"43,91667000";"1,90776800"
"202400013315";"4";"07";"2024";"14:00";"1";"28";"28012";"1";"1";"1";"2";"D927";"48,08409300";"1,12522400"
"202400013316";"16";"03";"2024";"10:50";"1";"47";"47157";"2";"3";"1";"6";"Rue de la République";"44,49750800";"0,16579800"
"202400013317";"4";"07";"2024";"06:00";"2";"974";"97412";"2";"1";"2";"7";"Chemin Francois Cordonin";" -21,34920700";"55,60418300"
"202400013318";"3";"07";"2024";"10:20";"1";"972";"97222";"1";"1";"3";"6";"D1";"14,69142800";" -60,95429400"
"202400013319";"16";"03";"2024";"14:45";"1";"76";"76533";"1";"1";"1";"7";"parc logistique du pont de normandie";"49,47066900";"0,26298500"
"202400013320";"3";"07";"2024";"11:55";"1";"83";"83004";"1";"1";"1";"5";"Dn7";"43,44192873";"6,45858675"
"202400013321";"3";"07";"2024";"17:15";"1";"12";"12113";"1";"1";"1";"1";"D38";"44,25021400";"2,33678300"
"202400013322";"4";"07";"2024";"16:50";"1";"91";"91458";"2";"4";"1";"6";"4 Rue du Bois-Clair";"48,66080900";"2,24238700"
"202400013323";"4";"07";"2024";"20:39";"3";"974";"97414";"2";"1";"1";"6";"N1c";" -21,28265600";"55,39704700"
"202400013324";"4";"07";"2024";"14:00";"1";"50";"50601";"1";"9";"1";"3";"A84, PR 217+900";"48,98074900";" -0,94856900"
"202400013325";"4";"07";"2024";"09:20";"1";"62";"62181";"1";"1";"1";"7";"Rue Principale";"50,16311071";"2,69577813"
"202400013326";"4";"07";"2024";"16:40";"1";"69";"69100";"2";"1";"1";"7";"Route de Brignais";"45,67279800";"4,79624000"
"202400013327";"4";"07";"2024";"13:15";"1";"51";"51440";"1";"6";"1";"3";"Route de Vouziers";"49,30063800";"4,32658000"
"202400013328";"15";"03";"2024";"01:40";"3";"83";"83137";"1";"1";"1";"6";"A50";"43,12647341";"5,89419007"
"202400013329";"3";"07";"2024";"16:30";"1";"51";"51282";"2";"4";"1";"2";"Rue des Sablons";"49,25049400";"3,90732400"
"202400013330";"3";"07";"2024";"13:25";"1";"69";"69012";"1";"1";"2";"7";"296 Route de Chenelette";"46,17391864";"4,54500370"
"202400013331";"15";"03";"2024";"19:50";"2";"33";"33397";"1";"1";"1";"6";"AUTOROUTE A 10";"44,90541000";" -0,49215000"
"202400013332";"4";"07";"2024";"19:40";"1";"63";"63040";"1";"1";"1";"7";"Chemin de la Gourguerie";"45,72155900";"3,31900800"
"202400013333";"4";"07";"2024";"18:00";"1";"42";"42026";"1";"1";"1";"1";"Route de Melay";"46,19025115";"4,07603592"
"202400013334";"1";"07";"2024";"11:00";"1";"34";"34012";"2";"3";"1";"1";"Chemin de Font Mejeanne";"43,70038000";"3,68297900"
"202400013335";"15";"03";"2024";"14:50";"1";"33";"33063";"1";"1";"1";"6";"N/A";"44,88268200";" -0,55169500"
"202400013336";"3";"07";"2024";"18:25";"1";"39";"39269";"1";"3";"8";"5";"N/A";"46,36237400";"5,70693900"
"202400013337";"3";"07";"2024";"23:30";"3";"25";"25278";"1";"1";"1";"6";"D492 PR 48+100";"47,22253700";"6,29643700"
"202400013338";"14";"03";"2024";"09:00";"1";"33";"33550";"1";"1";"1";"2";"N/A";"44,78490000";" -0,54212000"
"202400013339";"3";"07";"2024";"19:08";"1";"38";"38473";"1";"2";"1";"3";"Chemin de Viriville";"45,35508200";"5,23207800"
"202400013340";"30";"06";"2024";"17:30";"1";"01";"01420";"2";"1";"1";"3";"Avenue du Port";"46,16664200";"4,79342300"
"202400013341";"4";"07";"2024";"14:30";"1";"01";"01093";"1";"1";"1";"1";"Route de Saint Trivier";"46,10896400";"4,94182500"
"202400013342";"15";"03";"2024";"04:35";"3";"78";"78158";"1";"1";"1";"6";"A13";"48,84139000";"2,10646000"
"202400013343";"29";"06";"2024";"15:10";"1";"01";"01072";"1";"1";"1";"3";"RD979";"46,18423400";"5,30505800"
"202400013344";"4";"07";"2024";"16:19";"1";"70";"70075";"1";"1";"1";"7";"D12";"47,34069700";"5,69920600"
"202400013345";"14";"03";"2024";"19:30";"3";"92";"92064";"1";"1";"1";"2";"A13";"48,83709107";"2,18731042"
"202400013346";"4";"07";"2024";"13:35";"1";"66";"66003";"2";"6";"1";"3";"Avenue Beausoleil";"42,48131200";"2,67819100"
"202400013347";"1";"07";"2024";"17:30";"1";"06";"06074";"1";"1";"1";"6";"Route du Val de Lantousca";"43,95809601";"7,29930985"
"202400013348";"4";"07";"2024";"04:30";"3";"06";"06119";"1";"1";"1";"7";"M2205 PK 67+360";"44,32705600";"6,85952400"
"202400013349";"15";"03";"2024";"19:15";"3";"93";"93005";"1";"1";"3";"3";"A104";"48,97262523";"2,49400692"
"202400013350";"4";"07";"2024";"17:55";"1";"06";"06032";"1";"1";"1";"7";"12 Route Moyenne Corniche";"43,72793500";"7,40776900"
"202400013351";"4";"07";"2024";"11:45";"1";"06";"06150";"2";"9";"1";"3";"46 Route de Menton";"43,75039800";"7,40628600"
"202400013352";"15";"03";"2024";"13:00";"1";"93";"93027";"1";"1";"1";"3";"A1";"48,93750528";"2,41176005"
"202400013353";"3";"07";"2024";"17:15";"1";"14";"14229";"2";"1";"1";"3";"3 Rue Emile Nicol";"49,23153300";" -0,04706600"
"202400013354";"14";"03";"2024";"20:30";"3";"95";"95572";"1";"1";"1";"6";"N184";"49,04851178";"2,13475699"
"202400013355";"3";"07";"2024";"21:45";"2";"64";"64453";"2";"1";"1";"7";"38 Chemin de l?Aumette";"43,17916400";" -0,10849000"
"202400013356";"14";"03";"2024";"14:00";"1";"95";"95582";"1";"1";"1";"3";"A15";"48,96616526";"2,25770962"
"202400013357";"3";"07";"2024";"18:20";"1";"43";"43221";"1";"1";"1";"3";"Rd 589";"44,98484083";"3,71234963"
"202400013358";"14";"03";"2024";"08:50";"1";"93";"93053";"1";"1";"1";"5";"A3";"48,88722551";"2,47394088"
"202400013359";"3";"07";"2024";"16:45";"1";"16";"16281";"2";"1";"1";"6";"N/A";"45,73437000";"0,37175400"
"202400013360";"3";"07";"2024";"07:49";"1";"85";"85213";"1";"1";"1";"7";"106 la greffelière";"46,57490200";" -1,34369400"
"202400013361";"13";"03";"2024";"18:00";"1";"93";"93001";"1";"1";"1";"7";"A86";"48,92145000";"2,37534000"
"202400013362";"14";"03";"2024";"14:34";"1";"988";"98818";"2";"1";"1";"6";"N°2 RUE DES GAIACS";" -22,27274000";"166,45077000"
"202400013363";"2";"07";"2024";"18:00";"1";"37";"37266";"2";"1";"1";"6";"D17";"47,29108174";"0,73466787"
"202400013364";"13";"03";"2024";"14:46";"1";"987";"98735";"2";"7";"1";"3";"REMPARTS (RUE BLOC KIKIRIRI)";" -17,53422800";" -149,56731900"
"202400013365";"3";"07";"2024";"16:00";"1";"30";"30100";"2";"1";"1";"3";"route neuve";"44,00123900";"4,20224400"
"202400013366";"14";"03";"2024";"07:10";"1";"976";"97611";"2";"1";"1";"3";"passamanty-Vahibé ( route )";" -12,80100000";"45,20800000"
"202400013367";"4";"07";"2024";"05:20";"2";"52";"52212";"1";"9";"1";"3";"Route de Saint-Urbain";"48,40086263";"5,15895188"
"202400013368";"15";"03";"2024";"03:45";"5";"974";"97411";"2";"9";"2";"3";"DESBASSYNS (CHEMIN)";" -20,89097000";"55,48016000"
"202400013369";"4";"07";"2024";"11:24";"1";"31";"31588";"2";"3";"1";"3";"Chemin de Cote Goubard";"43,53087600";"1,36950600"
"202400013370";"3";"07";"2024";"18:10";"1";"13";"13044";"1";"1";"1";"2";"N569";"43,62022860";"5,01509450"
"202400013371";"14";"03";"2024";"16:50";"1";"974";"97411";"2";"1";"1";"4";"JAURES (BLD 1 JEAN)";" -20,88966000";"55,45208000"
"202400013372";"13";"03";"2024";"17:48";"2";"973";"97302";"2";"1";"1";"6";"FELIX EBOUE(ROCADE)";"4,92953000";" -52,31520000"
"202400013373";"3";"07";"2024";"19:38";"1";"66";"66108";"2";"3";"1";"3";"41 Avenue du 8 Mai 1945";"42,69389800";"2,69670900"
"202400013374";"13";"03";"2024";"15:05";"1";"973";"97302";"2";"1";"1";"6";"MOLE";"4,93607727";" -52,33240306"
"202400013375";"4";"07";"2024";"08:50";"1";"13";"13065";"1";"1";"7";"2";"D17";"43,69268500";"4,91854900"
"202400013376";"13";"03";"2024";"13:00";"1";"973";"97302";"2";"1";"2";"3";"HOMAT(CITE)";"4,92682000";" -52,31935000"
"202400013377";"2";"07";"2024";"07:50";"1";"987";"98747";"2";"1";"1";"1";"RT1 face magasin NATURELAND TARAVAO";" -17,75600000";" -148,73600000"