"Num_Acc";"jour";"mois";"an";"hrmn";"lum";"dep";"com";"agg";"int";"atm";"col";"adr";"lat";"long"
"202400013571";"22";"11";"2024";"14:45";"1";"72";"72181";"2";"1";"1";"6";"BARTHOLDI FRED AUGUSTE (AV) IMPAI";"48,01749000";"0,15284000"
"202400013572";"21";"11";"2024";"22:00";"5";"72";"72181";"1";"1";"1";"3";"PATTON GENERAL RTE BAUGE A CHEMIN RONDE";"48,02816217";"0,17520189"
"202400013573";"22";"11";"2024";"11:20";"1";"69";"69264";"2";"1";"1";"3";"384 Boulevard Louis Blanc";"45,98767000";"4,72134000"
"202400013574";"22";"11";"2024";"06:50";"5";"69";"69264";"2";"1";"8";"2";"Route de Frans";"45,98570000";"4,72268000"
"202400013575";"22";"11";"2024";"23:30";"5";"69";"69199";"2";"1";"1";"3";"Boulevard Yves Farge";"45,69005749";"4,86163994"
"202400013576";"22";"11";"2024";"01:45";"4";"69";"69290";"1";"1";"2";"6";"Rue Jules Verne";"45,70005000";"4,97023000"
"202400013577";"22";"11";"2024";"17:50";"5";"67";"67482";"2";"1";"8";"6";"THUMENAU (RUE DE LA)";"48,57196000";"7,75486000"
"202400013578";"22";"11";"2024";"19:10";"5";"67";"67180";"2";"3";"1";"5";"FOULON (RUE DU)";"48,80542400";"7,77945700"
"202400013579";"22";"11";"2024";"09:30";"1";"64";"64483";"2";"1";"3";"6";"SALLAGOITY GARRA (RUE)";"43,38846000";" -1,65873000"
"202400013580";"22";"11";"2024";"23:05";"5";"64";"64445";"2";"1";"1";"3";"FAGET DE BAURE";"43,29865337";" -0,37255079"
"202400013581";"22";"11";"2024";"20:00";"5";"64";"64445";"2";"9";"1";"6";"BAYARD";"43,29723000";" -0,37587000"
"202400013582";"22";"11";"2024";"08:55";"1";"64";"64445";"2";"1";"2";"7";"GENERAL POEYMIRAU DU";"43,29526000";" -0,35693000"
"202400013583";"21";"11";"2024";"14:05";"1";"64";"64445";"2";"3";"1";"6";"MARCELIN BERTHELOT";"43,30628000";" -0,36421000"
"202400013584";"22";"11";"2024";"13:50";"1";"64";"64122";"1";"1";"2";"3";"MARCEL DASSAULT (BD)";"43,45211000";" -1,55578000"
"202400013585";"22";"11";"2024";"20:10";"4";"64";"64102";"2";"1";"1";"4";"LOUIS DE FOIX (AVENUE)";"43,51170000";" -1,46850000"
"202400013586";"22";"11";"2024";"14:30";"1";"59";"59599";"2";"1";"1";"2";"DUNKERQUE (RUE DE)";"50,71751600";"3,14547700"
"202400013587";"22";"11";"2024";"15:00";"1";"56";"56098";"2";"2";"1";"3";"Rue Gérard Philipe";"47,76672000";" -3,35906000"
"202400013588";"22";"11";"2024";"07:20";"5";"54";"54395";"2";"2";"1";"6";"Rue Henri Bazin";"48,69647943";"6,19299531"
"202400013589";"21";"11";"2024";"10:40";"1";"54";"54395";"2";"3";"1";"3";"avenue Raymond Pinchard";"48,70320000";"6,15481900"
"202400013590";"20";"11";"2024";"18:00";"5";"54";"54395";"2";"3";"1";"3";"Avenue de Strasbourg";"48,68009250";"6,19540393"
"202400013591";"22";"11";"2024";"10:15";"1";"51";"51454";"2";"1";"4";"7";"GILBERT (RUE)";"49,26400000";"4,01847000"
"202400013592";"21";"11";"2024";"17:55";"3";"51";"51058";"2";"1";"1";"6";"LOUIS VICTOR DE BROGLIE";"49,21612000";"3,99754000"
"202400013593";"21";"11";"2024";"08:20";"5";"50";"50129";"2";"1";"8";"1";"SALINE (BOULEVARD DE LA)";"49,65187000";" -1,64694000"
"202400013594";"18";"11";"2024";"17:45";"5";"50";"50129";"2";"6";"3";"2";"EST (BOULEVARD DE L')";"49,63658000";" -1,59591000"
"202400013595";"21";"11";"2024";"15:55";"1";"49";"49099";"2";"3";"1";"6";"THIBAULT CARTE (RUE)";"47,06153000";" -0,87450000"
"202400013596";"22";"11";"2024";"10:22";"1";"49";"49353";"2";"1";"1";"6";"CAMUS";"47,45000000";" -0,50717000"
"202400013597";"21";"11";"2024";"22:00";"5";"49";"49007";"2";"1";"1";"6";"MONTAIGNE AVENUE";"47,46710000";" -0,52567000"
"202400013598";"21";"11";"2024";"08:06";"5";"49";"49246";"2";"6";"4";"6";"PYRAMIDE ROUTE";"47,44760341";" -0,50973840"
"202400013599";"21";"11";"2024";"08:20";"5";"49";"49007";"2";"2";"4";"3";"VAUBAN AVENUE";"47,46001000";" -0,55850000"
"202400013600";"20";"11";"2024";"16:20";"1";"49";"49007";"2";"1";"1";"2";"BARANGE BOULEVARD";"47,45684000";" -0,57209000"
"202400013601";"22";"11";"2024";"19:30";"5";"38";"38563";"2";"1";"2";"3";"SAND (RUE G.)";"45,36522000";"5,58467600"
"202400013602";"22";"11";"2024";"18:10";"5";"38";"38185";"2";"2";"1";"3";"BOULEVARD GAMBETTA";"45,18610000";"5,72470000"
"202400013603";"22";"11";"2024";"05:45";"5";"37";"37233";"2";"6";"9";"7";"DUCLOS (AVENUE JACQUES)";"47,38013000";"0,72666000"
"202400013604";"23";"11";"2024";"01:00";"3";"35";"35238";"1";"1";"1";"2";"ROCADE 13-14";"48,14202063";" -1,66279701"
"202400013605";"22";"11";"2024";"14:30";"1";"35";"35278";"1";"1";"1";"2";"GUE MARY (RUE DU)";"48,15608000";" -1,69990000"
"202400013606";"19";"04";"2024";"12:00";"1";"76";"76217";"2";"1";"1";"2";"CHANZY (GENERAL)";"49,91008000";"1,08536000"
"202400013607";"22";"11";"2024";"08:20";"2";"35";"35238";"2";"1";"1";"3";"SEVIGNE (BD DE)";"48,11646000";" -1,67329000"
"202400013608";"22";"11";"2024";"17:25";"5";"34";"34172";"2";"1";"1";"3";"NIMES (AVENUE DE)";"43,62068000";"3,89042000"
"202400013609";"19";"04";"2024";"17:35";"1";"71";"71270";"2";"2";"1";"2";"SANCE (RUE DE)";"46,32039779";"4,83200625"
"202400013610";"22";"11";"2024";"10:05";"1";"34";"34172";"2";"2";"1";"3";"SOULAS (AVENUE DU PERE";"43,62071000";"3,85786000"
"202400013611";"21";"04";"2024";"08:20";"1";"66";"66136";"1";"1";"1";"4";"Départementale  617";"42,71202000";"2,92432000"
"202400013612";"19";"04";"2024";"11:33";"1";"65";"65286";"2";"1";"1";"3";"Avenue Alexandre Marqui";"43,10582000";" -0,04106000"
"202400013613";"22";"11";"2024";"20:30";"3";"33";"33063";"2";"1";"8";"4";"N/A";"44,88788000";" -0,55488000"
"202400013614";"21";"04";"2024";"16:20";"1";"63";"63113";"2";"1";"1";"6";"MONTLOSIER (RUE)";"45,78132000";"3,09005000"
"202400013615";"22";"11";"2024";"20:55";"5";"33";"33063";"2";"2";"1";"3";"N/A";"44,82817685";" -0,56869000"
"202400013616";"20";"04";"2024";"17:45";"1";"60";"60463";"1";"1";"1";"6";"Chemin de la Cavee des Granges";"49,28261000";"2,45024000"
"202400013617";"22";"11";"2024";"18:15";"5";"33";"33063";"2";"3";"1";"3";"N/A";"44,81784000";" -0,57733000"
"202400013618";"21";"04";"2024";"13:30";"1";"59";"59512";"2";"2";"1";"1";"LUXEMBOURG (RUE DU)";"50,69104400";"3,15623900"
"202400013619";"22";"11";"2024";"01:45";"5";"33";"33063";"2";"2";"2";"2";"N/A";"44,82792000";" -0,59334000"
"202400013620";"20";"04";"2024";"11:35";"1";"59";"59350";"2";"2";"1";"3";"Avenue de Dunkerque (Lille)";"50,63793000";"3,02347000"
"202400013621";"18";"11";"2024";"00:01";"5";"33";"33063";"2";"6";"1";"6";"N/A";"44,89636900";" -0,55066500"
"202400013622";"21";"04";"2024";"02:00";"3";"59";"59122";"2";"1";"1";"6";"ARRAS (RUE D')";"50,17783000";"3,21561000"
"202400013623";"14";"11";"2024";"00:16";"3";"30";"30331";"1";"1";"1";"6";"N/A";"44,11445000";"4,58131000"
"202400013624";"21";"04";"2024";"13:50";"1";"56";"56260";"2";"1";"1";"6";"HERRIOT(AVENUE EDOUARD)";"47,65380000";" -2,73540000"
"202400013625";"22";"11";"2024";"12:35";"1";"29";"29019";"2";"6";"1";"2";"Pen ar Ch'leuz";"48,42257538";" -4,47700816"
"202400013626";"21";"04";"2024";"19:10";"2";"54";"54099";"1";"1";"1";"7";"D138";"49,25369800";"5,98891200"
"202400013627";"21";"11";"2024";"17:08";"2";"27";"27229";"2";"1";"9";"2";"SAINT ANDRE (ROUTE DE)";"49,01461000";"1,16304000"
"202400013628";"21";"04";"2024";"17:49";"1";"45";"45208";"2";"1";"1";"3";"12 Allée de la Résidence de la Roseraie";"47,99522000";"2,74227000"
"202400013629";"21";"04";"2024";"21:44";"5";"44";"44109";"2";"6";"1";"6";"Rue Gaston Michel";"47,20986000";" -1,56150000"
"202400013630";"21";"04";"2024";"04:50";"5";"43";"43157";"2";"2";"8";"3";"Boulevard de Cluny";"45,04830092";"3,89296972"
"202400013631";"22";"11";"2024";"22:45";"5";"26";"26362";"2";"3";"1";"3";"Rue des Alpes";"44,92713000";"4,89981000"
"202400013632";"21";"04";"2024";"20:35";"2";"37";"37122";"2";"3";"1";"6";"JAURES (BOULEVARD JEAN)";"47,34807000";"0,65835000"
"202400013633";"22";"04";"2024";"01:05";"5";"34";"34172";"2";"1";"1";"2";"CARDONILLE (RUE DE LA)";"43,63576000";"3,84645000"
"202400013634";"21";"04";"2024";"14:43";"1";"34";"34003";"2";"1";"1";"2";"ROCHELONGUE (G14 A O16";"43,29090000";"3,48090000"
"202400013635";"22";"11";"2024";"07:53";"5";"22";"22278";"2";"1";"2";"6";"CLEMENCEAU (BD)";"48,50836000";" -2,76026000"
"202400013636";"22";"04";"2024";"01:50";"5";"33";"33063";"2";"4";"1";"6";"N/A";"44,83349921";" -0,57422608"
"202400013637";"21";"04";"2024";"17:20";"1";"33";"33063";"2";"3";"1";"6";"RUE JULES GUESDE";"44,82952000";" -0,56454000"
"202400013638";"22";"11";"2024";"07:50";"1";"15";"15014";"1";"1";"1";"6";"RD 117";"44,92418049";"2,47152637"
"202400013639";"21";"04";"2024";"02:25";"5";"33";"33063";"2";"1";"1";"6";"Rue Capdeville";"44,84413326";" -0,58802654"
"202400013640";"19";"04";"2024";"13:45";"1";"33";"33318";"2";"9";"1";"3";"N/A";"44,78501000";" -0,66242000"
"202400013641";"21";"11";"2024";"07:35";"3";"14";"14366";"2";"1";"4";"3";"Route de Paris";"49,14669000";"0,25898000"
"202400013642";"21";"04";"2024";"17:12";"1";"31";"31555";"2";"1";"1";"3";"PAS LOUIS PERGAUD";"43,56495000";"1,39467000"
"202400013643";"22";"11";"2024";"19:20";"5";"13";"13054";"2";"1";"1";"1";"MARECHAL JUIN (AV DU )";"43,41997801";"5,22569179"
"202400013644";"19";"04";"2024";"17:50";"1";"22";"22113";"2";"1";"1";"7";"MORLAIX (ROUTE DE)";"48,72182000";" -3,48180000"
"202400013645";"21";"04";"2024";"22:00";"5";"17";"17415";"2";"1";"1";"7";"DUFAURE AVENUE JULES";"45,74762143";" -0,61252282"
"202400013646";"22";"11";"2024";"11:50";"1";"13";"13202";"2";"3";"1";"3";"CAMILLE PELLETAN (AVENUE)";"43,30326000";"5,37394000"
"202400013647";"21";"04";"2024";"05:05";"5";"17";"17300";"2";"1";"1";"7";"DOCTEUR DANIEL PLANET";"46,14754000";" -1,15064000"
"202400013648";"22";"11";"2024";"07:19";"2";"13";"13213";"2";"6";"1";"1";"ROTONDE (PLACE DE LA)";"43,32958000";"5,41986000"
"202400013649";"22";"11";"2024";"02:30";"5";"13";"13211";"2";"1";"8";"1";"POMME (BOULEVARD DE LA )";"43,29129000";"5,44340000"
"202400013650";"21";"04";"2024";"19:15";"1";"13";"13117";"2";"3";"1";"1";"MARSEILLE ( AVENUE DE )";"43,45026000";"5,25257000"
"202400013651";"22";"11";"2024";"01:30";"5";"13";"13206";"2";"1";"1";"2";"PRADO (AVENUE DU)";"43,26619000";"5,38229000"
"202400013652";"21";"04";"2024";"18:45";"1";"13";"13210";"2";"1";"1";"3";"ROMAIN ROLLAND (BOULEVARD)";"43,27001000";"5,40626000"
"202400013653";"22";"11";"2024";"07:10";"3";"11";"11262";"2";"2";"8";"7";"N/A";"43,19022000";"3,00615000"
"202400013654";"20";"04";"2024";"15:35";"1";"13";"13028";"1";"1";"1";"1";"CD 559";"43,18284030";"5,66886493"
"202400013655";"21";"11";"2024";"18:25";"5";"11";"11069";"2";"2";"2";"6";"Rue du Manège";"43,20811000";"2,35442800"
"202400013656";"21";"04";"2024";"12:00";"1";"13";"13005";"2";"6";"1";"3";"SALENGRO (AVENUE ROGER)";"43,30383561";"5,57223327"
"202400013657";"21";"11";"2024";"18:00";"5";"11";"11069";"2";"1";"2";"3";"72 Boulevard Paul Langevin";"43,22422400";"2,33601800"
"202400013658";"21";"04";"2024";"16:30";"1";"13";"13004";"2";"2";"1";"3";"RUE MIRABEAU";"43,67539000";"4,63968000"
"202400013659";"22";"11";"2024";"17:40";"5";"10";"10333";"2";"3";"4";"3";"Avenue d'Echenilly";"48,28036000";"4,04532000"
"202400013660";"21";"04";"2024";"23:30";"5";"06";"06088";"2";"1";"2";"6";"2 Avenue Saint-Jean-Baptiste";"43,70284000";"7,27886000"
"202400013661";"22";"11";"2024";"12:25";"1";"07";"07186";"2";"1";"1";"1";"BOURRET (RUE DU DOCTEUR)";"44,73130000";"4,59033000"
"202400013662";"21";"04";"2024";"21:30";"5";"06";"06104";"2";"1";"2";"1";"18 Avenue Francois de Monleon";"43,76049000";"7,48290000"
"202400013663";"22";"11";"2024";"09:25";"1";"06";"06159";"1";"9";"1";"3";"145 Avenue Bella Vista";"43,71047000";"7,31944000"
"202400013664";"21";"04";"2024";"16:20";"1";"06";"06104";"2";"4";"1";"3";"77 Avenue Gabriel Hanotaux";"43,76462500";"7,45642500"
"202400013665";"21";"11";"2024";"15:00";"1";"06";"06088";"2";"7";"1";"3";"16 Rue du Congrès";"43,69723000";"7,26290000"
"202400013666";"22";"11";"2024";"14:40";"1";"06";"06104";"2";"1";"1";"6";"17 Avenue de France";"43,75311000";"7,44017000"
"202400013667";"21";"04";"2024";"12:05";"1";"06";"06069";"2";"1";"1";"3";"57 Avenue Georges Pompidou";"43,64769700";"6,93720900"
"202400013668";"18";"11";"2024";"14:00";"1";"06";"06029";"2";"1";"1";"3";"95 Avenue Docteur Raymond Picaud";"43,55028000";"6,98777000"
"202400013669";"20";"11";"2024";"15:00";"1";"75";"75113";"2";"1";"1";"3";"BD PERIPHERIQUE INTERIEUR";"48,81611400";"2,36252300"
"202400013670";"20";"04";"2024";"23:30";"5";"75";"75112";"2";"1";"1";"4";"BD PERIPHERIQUE INTERIEUR";"48,84225400";"2,41363200"
"202400013671";"21";"04";"2024";"15:45";"1";"75";"75120";"2";"9";"1";"6";"BD PERIPHERIQUE EXTERIEUR";"48,84826300";"2,41494700"
"202400013672";"18";"11";"2024";"15:30";"1";"75";"75113";"2";"1";"2";"2";"BD PERIPHERIQUE INTERIEUR";"48,81919700";"2,37179300"
"202400013673";"21";"04";"2024";"03:57";"5";"75";"75120";"2";"2";"8";"6";"RUE DES ORTEAUX";"48,85616000";"2,40500500"
"202400013674";"22";"11";"2024";"20:36";"5";"75";"75120";"2";"3";"1";"3";"BOULEVARD DAVOUT";"48,84793900";"2,41133400"
"202400013675";"21";"04";"2024";"08:30";"2";"75";"75119";"2";"5";"1";"3";"RUE DE L INSPECTEUR ALLES";"48,88007600";"2,39836300"
"202400013676";"22";"11";"2024";"00:30";"5";"75";"75117";"2";"2";"8";"6";"RUE POUCHET";"48,89155800";"2,31847600"
"202400013677";"20";"04";"2024";"15:15";"1";"75";"75117";"2";"4";"1";"2";"BOULEVARD BESSIERES";"48,89499100";"2,31553600"
"202400013678";"21";"04";"2024";"17:25";"1";"75";"75113";"2";"5";"1";"1";"RUE DE TOLBIAC";"48,82584400";"2,35046600"
"202400013679";"22";"11";"2024";"10:15";"1";"75";"75116";"2";"3";"8";"5";"RUE DU DOCTEUR BLANCHE";"48,85299000";"2,26481900"
"202400013680";"21";"04";"2024";"17:50";"1";"75";"75113";"2";"1";"2";"3";"AVENUE D ITALIE";"48,82391400";"2,35795600"
"202400013681";"22";"11";"2024";"09:28";"1";"75";"75114";"2";"1";"1";"6";"AVENUE JEAN MOULIN";"48,82736300";"2,32570200"
"202400013682";"21";"04";"2024";"17:40";"1";"75";"75113";"2";"3";"1";"3";"BOULEVARD VINCENT AURIOL";"48,83400300";"2,36469500"
"202400013683";"22";"11";"2024";"20:00";"5";"75";"75113";"2";"1";"1";"6";"AVENUE DE LA PORTE D IVRY";"48,82002300";"2,37209100"
"202400013684";"21";"04";"2024";"05:50";"5";"75";"75111";"2";"2";"1";"1";"AVENUE PARMENTIER";"48,86811000";"2,37247300"
"202400013685";"22";"11";"2024";"22:10";"3";"75";"75111";"2";"2";"1";"3";"AVENUE DE LA REPUBLIQUE";"48,86635100";"2,36884800"
"202400013686";"21";"04";"2024";"18:50";"1";"75";"75116";"2";"5";"1";"6";"BOULEVARD EMILE AUGIER";"48,85830700";"2,27263600"
"202400013687";"22";"11";"2024";"12:15";"1";"75";"75108";"2";"4";"1";"6";"RUE DE CONSTANTINOPLE";"48,88013500";"2,31993600"
"202400013688";"21";"04";"2024";"06:40";"2";"94";"94078";"2";"3";"1";"3";"Rue de Paris / Rue de l'Orme Sainte Marie";"48,73907000";"2,44674000"
"202400013689";"22";"11";"2024";"18:23";"5";"75";"75107";"2";"1";"1";"3";"QUAI ANATOLE FRANCE";"48,86209400";"2,32081500"
"202400013690";"21";"04";"2024";"10:23";"1";"93";"93005";"2";"1";"1";"6";"Rue Jules Vallès";"48,93295000";"2,50430000"
"202400013691";"22";"11";"2024";"09:40";"1";"75";"75102";"2";"7";"8";"7";"PLACE DES VICTOIRES";"48,86592600";"2,34136400"
"202400013692";"21";"04";"2024";"18:48";"1";"93";"93048";"2";"2";"8";"3";"Place Jean Jaures / Avenue Walwein";"48,86234627";"2,44373520"
"202400013693";"21";"11";"2024";"17:15";"5";"75";"75101";"2";"1";"4";"6";"RUE DE L AMIRAL DE COLIGNY";"48,86063400";"2,34069400"
"202400013694";"21";"04";"2024";"15:10";"1";"93";"93047";"2";"1";"2";"2";"Boulevard Bargue";"48,90106300";"2,55814200"
"202400013695";"21";"11";"2024";"14:40";"1";"75";"75102";"2";"3";"4";"6";"RUE FEYDEAU";"48,86988800";"2,33903400"
"202400013696";"21";"04";"2024";"19:50";"1";"92";"92051";"2";"1";"1";"3";"GENERAL KOENIG (BOULEVARD DU)";"48,88005000";"2,25084000"
"202400013697";"21";"04";"2024";"12:45";"1";"92";"92026";"2";"9";"1";"3";"TROIS FRÈRES LEBOEUF (PLACE DES)";"48,89748517";"2,23841490"
"202400013698";"22";"11";"2024";"18:15";"5";"94";"94078";"2";"1";"1";"2";"Avenue Anatole France";"48,74669418";"2,45276635"
"202400013699";"21";"04";"2024";"17:25";"1";"92";"92036";"2";"1";"1";"7";"BAS ( RUE DES )";"48,91434000";"2,29699000"
"202400013700";"21";"04";"2024";"10:50";"1";"974";"97415";"1";"1";"1";"6";"Chemin du Tour des Roches";" -21,00260400";"55,30020900"
"202400013701";"22";"11";"2024";"02:30";"5";"94";"94068";"2";"1";"4";"6";"Avenue Raymond Poincaré";"48,80100157";"2,51866239"
"202400013702";"21";"11";"2024";"22:55";"5";"94";"94068";"2";"1";"4";"7";"Boulevard Rabelais";"48,80535729";"2,48316114"
"202400013703";"22";"11";"2024";"16:30";"1";"94";"94041";"2";"1";"1";"3";"Avenue Georges Gosnat";"48,81345736";"2,38877769"
"202400013704";"22";"11";"2024";"14:45";"1";"94";"94041";"2";"1";"2";"6";"Avenue de Verdun";"48,81295300";"2,37056000"
"202400013705";"18";"04";"2024";"21:35";"3";"86";"86272";"1";"1";"1";"6";"D14";"46,82728000";"0,47232500"
"202400013706";"22";"11";"2024";"08:35";"1";"94";"94037";"2";"1";"4";"3";"Avenue Paul Vaillant-couturier";"48,81688710";"2,33279758"
"202400013707";"22";"04";"2024";"18:10";"1";"68";"68177";"1";"2";"1";"3";"D430";"47,93554500";"7,17948000"
"202400013708";"22";"04";"2024";"08:25";"1";"95";"95487";"2";"9";"1";"1";"D78";"49,15508098";"2,26818411"
"202400013709";"22";"11";"2024";"13:15";"1";"94";"94028";"2";"6";"2";"3";"Rue Sully";"48,76701000";"2,47229000"
"202400013710";"20";"04";"2024";"14:45";"1";"11";"11148";"1";"3";"1";"3";"D6113";"43,18049000";"2,67933400"
"202400013711";"22";"11";"2024";"10:20";"1";"95";"95527";"1";"2";"4";"3";"NOYER AU CHAT (ROUTE DU)";"49,01146507";"2,54251814"
"202400013712";"21";"04";"2024";"18:10";"1";"11";"11203";"1";"1";"1";"6";"N/A";"43,23236900";"2,77220200"
"202400013713";"21";"11";"2024";"23:15";"5";"93";"93064";"2";"1";"4";"5";"PERI (BOULEVARD GABRIEL) 39 / 44 - FIN";"48,87736083";"2,48509884"
"202400013714";"21";"04";"2024";"19:30";"5";"971";"97109";"2";"1";"1";"1";"Rue Ferdinand Vignal";"15,98934300";" -61,67971400"
"202400013715";"21";"04";"2024";"16:10";"1";"84";"84127";"2";"1";"1";"6";"Chemin de la Grande Garrigue";"44,17970300";"4,85781300"
"202400013716";"22";"11";"2024";"09:13";"1";"93";"93047";"2";"1";"4";"6";"PERVENCHES (AVENUE DES)";"48,88708220";"2,55399501"
"202400013717";"21";"04";"2024";"20:45";"2";"12";"12270";"1";"1";"1";"3";"Autoroute A75";"44,29369900";"3,09719000"
"202400013718";"22";"11";"2024";"14:10";"1";"93";"93057";"2";"1";"1";"2";"HUGO (AV. VICTOR)";"48,90990416";"2,51396842"
"202400013719";"22";"04";"2024";"04:30";"3";"83";"83140";"1";"1";"1";"1";"Dn7";"43,40610800";"5,93781000"
"202400013720";"11";"09";"2024";"09:30";"1";"94";"94041";"2";"1";"1";"3";"Boulevard Paul Vaillant Couturier";"48,81935054";"2,39647070"
"202400013721";"22";"11";"2024";"02:00";"5";"93";"93008";"2";"1";"4";"3";"PARIS (RUE DE)";"48,89727990";"2,43511713"
"202400013722";"21";"04";"2024";"19:44";"2";"51";"51035";"2";"1";"1";"1";"Rue du Puits Saint Christophe";"48,80296300";"3,92015000"
"202400013723";"21";"11";"2024";"22:50";"5";"93";"93008";"2";"1";"4";"2";"PARIS (RUE DE)";"48,89956000";"2,44727000"
"202400013724";"22";"04";"2024";"00:40";"3";"32";"32334";"1";"1";"1";"7";"RN 124 PK 005+800 SENS TOULOUSE AUCH";"43,58174300";"1,13708500"
"202400013725";"10";"09";"2024";"17:23";"1";"94";"94028";"1";"1";"1";"5";"Rue du Général Leclerc";"48,78335000";"2,47242000"
"202400013726";"11";"09";"2024";"19:10";"1";"94";"94022";"2";"1";"1";"6";"Rue Jean Jaures";"48,76553000";"2,40903000"
"202400013727";"22";"11";"2024";"14:20";"1";"92";"92040";"2";"3";"1";"3";"PAIX (AVENUE DE LA)";"48,81661360";"2,27504924"
"202400013728";"21";"04";"2024";"16:12";"1";"71";"71294";"2";"4";"1";"3";"22 Rue du Clos l'Evêque (Bourgneuf-Val-d'Or)";"46,84048600";"4,73612700"
"202400013729";"22";"11";"2024";"11:30";"1";"92";"92051";"2";"9";"1";"6";"CHARLES DE GAULLE (AVENUE, N° 18 A 116)";"48,87988809";"2,27668628"
"202400013730";"22";"04";"2024";"18:20";"1";"11";"11262";"1";"1";"1";"6";"N/A";"43,14530100";"2,90559900"
"202400013731";"11";"09";"2024";"01:40";"5";"94";"94060";"2";"3";"8";"3";"Rue du Général de Gaulle";"48,77931061";"2,58274426"
"202400013732";"11";"09";"2024";"22:10";"3";"93";"93064";"2";"1";"1";"6";"BERTHAUDS (RUE DES) 24 - 25 / FIN";"48,87503000";"2,48708000"
"202400013733";"22";"11";"2024";"09:30";"1";"92";"92051";"2";"1";"2";"6";"ARGENSON (BOULEVARD, N° 17 AU 43)";"48,88659372";"2,26767629"
"202400013734";"21";"04";"2024";"23:10";"4";"61";"61257";"2";"1";"1";"2";"D976";"48,50408000";" -0,38639900"
"202400013735";"20";"11";"2024";"18:46";"5";"92";"92051";"2";"1";"8";"6";"GENERAL KOENIG (BOULEVARD DU)";"48,88484000";"2,25503000"
"202400013736";"21";"04";"2024";"12:45";"1";"49";"49369";"1";"1";"9";"6";"D207";"47,41501900";"0,07834800"
"202400013737";"11";"09";"2024";"19:10";"1";"93";"93048";"2";"1";"1";"3";"RESISTANCE (AVENUE DE LA)";"48,86052693";"2,43718922"
"202400013738";"21";"04";"2024";"00:15";"3";"34";"34277";"1";"1";"1";"6";"D25";"43,85170500";"3,54063400"
"202400013739";"18";"11";"2024";"19:20";"5";"92";"92051";"2";"1";"2";"6";"CHARLES DE GAULLE (AVENUE, N°27 A 129)";"48,87854565";"2,27911368"
"202400013740";"11";"09";"2024";"12:44";"1";"93";"93027";"2";"1";"1";"3";"VAILLANT-COUTURIER (AVENUE PAUL)";"48,92231127";"2,41221428"
"202400013741";"22";"11";"2024";"13:13";"1";"92";"92050";"2";"1";"9";"6";"NATIONAL BOULEVARD";"48,89043386";"2,18005747"
"202400013742";"22";"04";"2024";"07:25";"1";"29";"29251";"1";"2";"1";"3";"Ker Ar Rhun";"48,68453744";" -3,77781190"
"202400013743";"11";"09";"2024";"08:40";"1";"93";"93007";"2";"2";"1";"6";"""PAUL VAILLANT COUTURIER (AVENUE """"DU 13";"48,92446000";"2,46353000"
"202400013744";"22";"04";"2024";"13:15";"1";"29";"29197";"2";"3";"1";"3";"Rue du Général de Gaulle";"48,01521528";" -4,49296205"
"202400013745";"11";"09";"2024";"10:30";"1";"92";"92064";"2";"1";"1";"6";"REPUBLIQUE";"48,84442389";"2,20918380"
"202400013746";"22";"11";"2024";"09:55";"1";"92";"92050";"2";"3";"2";"3";"METZ RUE DE";"48,91001240";"2,22801916"
"202400013747";"11";"09";"2024";"12:20";"1";"92";"92012";"2";"1";"1";"6";"ABONDANCES (RUE DES)";"48,84170000";"2,22913000"
"202400013748";"22";"04";"2024";"18:50";"1";"70";"70386";"1";"1";"1";"1";"nationale 19";"47,70232200";"5,94264300"
"202400013749";"18";"11";"2024";"17:26";"5";"92";"92050";"2";"1";"2";"1";"CLEMENCEAU GEORGES AVENUE N° PAIR";"48,88616926";"2,21285731"
"202400013750";"11";"09";"2024";"13:20";"1";"92";"92012";"2";"1";"1";"7";"JEAN JAURES (BOULEVARD) 63/215 - 70/208";"48,82553000";"2,24807000"
"202400013751";"20";"04";"2024";"19:01";"2";"54";"54102";"1";"1";"1";"1";"D908";"48,71351783";"5,85794449"
"202400013752";"22";"11";"2024";"11:30";"1";"92";"92044";"2";"2";"1";"6";"J. GUESDES(RUE)103A139ET122A148";"48,89893950";"2,28771374"
"202400013753";"11";"09";"2024";"12:45";"1";"92";"92004";"2";"1";"1";"3";"DOCTEUR DERVAUX  ( QUAI DU )";"48,91105000";"2,29853000"
"202400013754";"22";"04";"2024";"08:00";"2";"06";"06042";"2";"1";"8";"6";"4431 Route de la Tinée";"43,99835400";"7,13733100"
"202400013755";"22";"04";"2024";"10:50";"1";"05";"05098";"2";"1";"1";"6";"Chemin de Pralalegre";"44,49077700";"6,55072700"
"202400013756";"22";"11";"2024";"15:15";"1";"92";"92025";"2";"1";"1";"2";"GABRIEL PERI (RUE)";"48,91845772";"2,23956864"
"202400013757";"11";"09";"2024";"09:50";"1";"71";"71235";"2";"3";"1";"3";"Chemin de Franclieu";"46,32360930";"4,79571495"
"202400013758";"22";"04";"2024";"07:10";"2";"64";"64137";"1";"6";"1";"3";"Route de Lagos";"43,19834000";" -0,24303000"
"202400013759";"22";"11";"2024";"08:00";"1";"92";"92024";"2";"1";"1";"6";"EUROPE (ALLEES DE)";"48,91054892";"2,30759844"
"202400013760";"11";"09";"2024";"18:20";"1";"24";"24019";"1";"1";"2";"1";"Route des Rebières";"45,16327900";"1,08585300"