"Num_Acc";"jour";"mois";"an";"hrmn";"lum";"dep";"com";"agg";"int";"atm";"col";"adr";"lat";"long"
"202400013761";"22";"11";"2024";"02:10";"5";"92";"92024";"2";"1";"4";"7";"GENNEVILLIERS (PONT DE)";"48,91275000";"2,31118000"
"202400013762";"20";"04";"2024";"16:15";"1";"16";"16073";"2";"3";"1";"3";"N/A";"45,26972600";"0,03447700"
"202400013763";"21";"04";"2024";"06:00";"3";"53";"53148";"1";"1";"1";"7";"D230";"47,79865764";" -0,88345604"
"202400013764";"22";"11";"2024";"11:20";"1";"92";"92002";"2";"5";"1";"6";"ARMAND GUILLEBAUD (AVENUE)";"48,74598059";"2,31419072"
"202400013765";"21";"04";"2024";"17:55";"1";"40";"40271";"1";"1";"1";"3";"Route de Bayonne";"43,56370200";" -1,20379700"
"202400013766";"6";"09";"2024";"09:20";"1";"84";"84088";"1";"9";"1";"4";"ZA Prato 2 (Zone industrielle)";"44,02622300";"5,05222500"
"202400013767";"22";"11";"2024";"10:00";"1";"92";"92002";"2";"1";"4";"2";"ADOLPHE PAJEAUD (RUE)";"48,74014903";"2,27950126"
"202400013768";"22";"04";"2024";"11:15";"1";"24";"24434";"1";"1";"1";"6";"RD2 - PK 17+700";"45,34861700";"0,48927200"
"202400013769";"11";"09";"2024";"17:40";"1";"972";"97210";"1";"1";"1";"2";"NATIONALE 6";"14,60121300";" -60,93453200"
"202400013770";"22";"04";"2024";"18:54";"1";"28";"28401";"1";"1";"1";"1";"L?Hetre Frelon";"48,45463800";"0,97715000"
"202400013771";"12";"09";"2024";"16:00";"1";"83";"83004";"1";"1";"1";"7";"Dn7";"43,46036400";"6,52540700"
"202400013772";"22";"11";"2024";"05:50";"3";"09";"09167";"1";"1";"3";"2";"D919";"43,30677900";"1,32989300"
"202400013773";"20";"04";"2024";"11:30";"1";"30";"30004";"1";"2";"1";"3";"N/A";"43,71242000";"4,19827000"
"202400013774";"10";"09";"2024";"06:50";"2";"51";"51326";"1";"1";"1";"2";"PK 12+200 D 21";"49,11309456";"4,35779839"
"202400013775";"22";"11";"2024";"23:40";"3";"41";"41104";"2";"1";"9";"6";"306 Route de Chambord";"47,59370900";"1,46017800"
"202400013776";"7";"09";"2024";"14:35";"1";"68";"68203";"1";"1";"1";"7";"D47";"47,90684200";"7,29772200"
"202400013777";"21";"04";"2024";"11:55";"1";"30";"30322";"1";"1";"1";"6";"departementale 39";"44,07041500";"3,83272700"
"202400013778";"22";"11";"2024";"20:20";"5";"06";"06161";"1";"1";"1";"6";"D6007 PR 30 + 655";"43,64620000";"7,13635000"
"202400013779";"12";"09";"2024";"17:35";"1";"44";"44113";"1";"1";"1";"6";"N/A";"47,57869000";" -1,62947400"
"202400013780";"20";"04";"2024";"21:47";"3";"30";"30061";"1";"1";"6";"5";"N106";"43,92563200";"4,25441300"
"202400013781";"12";"09";"2024";"00:20";"3";"83";"83116";"1";"1";"1";"1";"Dn7";"43,45633000";"5,84623900"
"202400013782";"19";"11";"2024";"08:00";"1";"83";"83031";"1";"1";"1";"4";"A57";"43,39292900";"6,35486900"
"202400013783";"11";"09";"2024";"17:25";"1";"83";"83116";"1";"1";"1";"1";"1461 Route de Rougiers";"43,42376000";"5,85259100"
"202400013784";"22";"04";"2024";"12:15";"1";"973";"97307";"1";"6";"3";"3";"La Matourienne (Pont)";"4,83452200";" -52,32523900"
"202400013785";"22";"11";"2024";"23:45";"3";"71";"71195";"1";"1";"1";"2";"Autoroute A6 PK 363.000 sens LYON-PARIS";"46,51375200";"4,91180100"
"202400013786";"11";"09";"2024";"23:20";"3";"62";"62297";"1";"1";"1";"1";"D300";"50,83494219";"2,20041490"
"202400013787";"21";"04";"2024";"03:30";"3";"73";"73252";"1";"1";"1";"2";"A 43  -PK 144.400";"45,44639410";"6,28517479"
"202400013788";"12";"09";"2024";"07:05";"2";"95";"95352";"1";"1";"1";"1";"D316";"49,10348730";"2,42381735"
"202400013789";"22";"04";"2024";"06:55";"2";"01";"01237";"2";"2";"1";"1";"Grande rue intersection rue du commerce";"46,20870200";"5,61011400"
"202400013790";"23";"11";"2024";"12:55";"1";"01";"01446";"2";"2";"7";"3";"D70";"46,02290400";"4,89842200"
"202400013791";"11";"09";"2024";"16:40";"1";"51";"51140";"1";"6";"1";"3";"Route départementale 980";"49,18362500";"3,85150500"
"202400013792";"21";"04";"2024";"22:00";"3";"33";"33130";"1";"1";"1";"6";"N/A";"44,49901500";" -0,19878400"
"202400013793";"23";"11";"2024";"07:15";"3";"29";"29142";"1";"1";"2";"7";"RN165";"48,16883246";" -4,04750897"
"202400013794";"22";"04";"2024";"07:20";"1";"62";"62817";"2";"1";"1";"2";"D939";"50,27861230";"2,82000320"
"202400013795";"11";"09";"2024";"18:45";"1";"59";"59037";"2";"1";"1";"6";"route nationale";"50,18930900";"3,38259100"
"202400013796";"26";"03";"2024";"15:40";"1";"971";"97128";"2";"1";"1";"3";"Chateaubrun";"16,24901400";" -61,33945400"
"202400013797";"22";"11";"2024";"21:50";"5";"62";"62580";"2";"1";"8";"6";"D77";"50,40208200";"2,43997934"
"202400013798";"10";"08";"2024";"14:00";"1";"56";"56061";"2";"3";"1";"3";"1 Avenue des Erables";"47,76117000";" -2,13655700"
"202400013799";"19";"02";"2024";"11:15";"1";"66";"66115";"1";"1";"1";"6";"Avenue de la Mer";"42,54026900";"2,87840000"
"202400013800";"23";"11";"2024";"11:50";"1";"83";"83073";"2";"1";"1";"1";"Route des Mayons";"43,38176800";"6,31299700"
"202400013801";"21";"04";"2024";"20:00";"2";"11";"11379";"1";"1";"1";"1";"route départementale 6009";"43,05427600";"2,94631000"
"202400013802";"12";"09";"2024";"17:30";"1";"2B";"2B318";"1";"1";"1";"2";"T10";"42,43566400";"9,51949200"
"202400013803";"10";"09";"2024";"21:45";"3";"33";"33140";"2";"1";"1";"6";"N/A";"44,77827100";" -0,34060800"
"202400013804";"22";"11";"2024";"09:00";"2";"56";"56166";"1";"9";"1";"1";"Route de Quimperlé";"47,91415600";" -3,34870800"
"202400013805";"21";"04";"2024";"16:40";"1";"83";"83063";"1";"1";"1";"3";"1332 Route du Luc";"43,32556800";"6,47419800"
"202400013806";"11";"09";"2024";"14:45";"1";"11";"11005";"1";"1";"1";"1";"N/A";"43,16744700";"2,23234900"
"202400013807";"23";"11";"2024";"04:00";"3";"55";"55171";"1";"1";"8";"6";"D603 PK041.700";"49,17690600";"5,46949100"
"202400013808";"12";"04";"2024";"07:55";"1";"83";"83068";"1";"1";"1";"3";"D61";"43,26905000";"6,54780900"
"202400013809";"11";"09";"2024";"21:26";"3";"63";"63223";"1";"1";"2";"6";"pk 34 D2144";"46,10390955";"2,91665871"
"202400013810";"22";"11";"2024";"14:15";"1";"12";"12162";"1";"1";"1";"3";"4168 Route de Baraqueville";"44,30487100";"2,44364800"
"202400013811";"22";"04";"2024";"16:10";"1";"06";"06099";"1";"1";"3";"1";"Route Departementale 6202";"43,95193200";"6,87716500"
"202400013812";"11";"09";"2024";"05:25";"3";"61";"61274";"1";"3";"2";"3";"Intersection D37 / D613";"48,51003700";"0,95115400"
"202400013813";"19";"11";"2024";"10:00";"1";"29";"29212";"1";"6";"2";"7";"D789";"48,36271957";" -4,60064747"
"202400013814";"22";"04";"2024";"06:00";"2";"26";"26072";"1";"1";"8";"6";"Autoroute A7 PK 050.500";"45,11207300";"4,88788600"
"202400013815";"23";"11";"2024";"09:15";"1";"03";"03254";"2";"1";"1";"2";"Route de Saulcet";"46,31257500";"3,28385800"
"202400013816";"8";"09";"2024";"19:13";"1";"49";"49048";"1";"1";"2";"5";"Route de Tiercé";"47,59338300";" -0,49076900"
"202400013817";"21";"04";"2024";"14:45";"1";"38";"38019";"1";"1";"1";"3";"Autoroute A7 (S/N), PK 012+100";"45,42125550";"4,82791492"
"202400013818";"22";"11";"2024";"13:45";"1";"70";"70245";"1";"1";"4";"6";"Chemin des Moliéres";"47,85870600";"6,39272300"
"202400013819";"22";"04";"2024";"09:10";"1";"89";"89055";"2";"1";"1";"1";"Route de Joigny";"47,98999300";"3,61235100"
"202400013820";"23";"11";"2024";"03:00";"3";"50";"50543";"1";"1";"1";"6";"Rue Montgomery";"48,63237000";" -1,29497100"
"202400013821";"10";"09";"2024";"18:40";"1";"68";"68062";"2";"3";"8";"2";"Route de Carspach";"47,61905500";"7,22348400"
"202400013822";"22";"11";"2024";"18:00";"5";"53";"53110";"2";"3";"1";"6";"5 Rue de la Libération";"47,87395800";" -0,52252100"
"202400013823";"16";"04";"2024";"07:10";"1";"38";"38110";"1";"1";"1";"1";"Route des Dauphines";"45,58472800";"4,89189900"
"202400013824";"12";"09";"2024";"10:00";"1";"03";"03138";"1";"1";"1";"3";"Route de Paris";"46,24720000";"3,61160000"
"202400013825";"22";"04";"2024";"17:25";"1";"81";"81038";"2";"2";"1";"3";"1 Chemin de Labouyssière";"43,88544430";"1,90382680"
"202400013826";"23";"11";"2024";"06:45";"3";"17";"17394";"2";"1";"1";"7";"19 Route de Surgères";"46,11505300";" -0,68280200"
"202400013827";"11";"09";"2024";"16:20";"1";"50";"50580";"1";"1";"1";"3";"le Moulin de Beauchamp";"49,52079300";" -1,75062400"
"202400013828";"21";"04";"2024";"16:05";"1";"40";"40283";"1";"1";"1";"6";"D824  sortie BUGLOSE";"43,74885500";" -1,00550700"
"202400013829";"23";"11";"2024";"01:37";"3";"17";"17309";"1";"1";"1";"7";"Route du Petit Brandy";"45,18465100";" -0,01022900"
"202400013830";"11";"09";"2024";"18:20";"1";"36";"36088";"2";"1";"3";"2";"Boulevard de Stalingrad";"46,94947900";"1,98807500"
"202400013831";"21";"04";"2024";"22:13";"3";"60";"60138";"1";"1";"1";"1";"D1330";"49,21669500";"2,60042500"
"202400013832";"11";"09";"2024";"12:20";"1";"16";"16287";"1";"1";"8";"6";"N/A";"45,60848400";"0,07977400"
"202400013833";"23";"11";"2024";"08:35";"2";"31";"31587";"2";"3";"1";"1";"1011 Route de Castelnau";"43,76858700";"1,39713000"
"202400013834";"22";"04";"2024";"08:30";"1";"62";"62128";"2";"1";"1";"2";"D42";"50,31373600";"2,93550100"
"202400013835";"12";"09";"2024";"01:20";"3";"40";"40152";"1";"2";"1";"7";"D140";"43,94479500";" -1,08424800"
"202400013836";"21";"04";"2024";"19:30";"1";"13";"13213";"2";"1";"1";"3";"A507 sens Marseille - Aubagne";"43,32494000";"5,42419000"
"202400013837";"22";"11";"2024";"16:20";"1";"35";"35206";"2";"3";"1";"6";"1 Rue Nicolas Appert";"48,04155300";" -1,67002900"
"202400013838";"12";"09";"2024";"11:00";"1";"24";"24547";"2";"2";"1";"6";"Rue de la République";"45,12536458";"1,30501628"
"202400013839";"23";"11";"2024";"02:10";"3";"06";"06027";"1";"1";"1";"6";"A8, PK 183.173 chaussée nord";"43,66049100";"7,16037200"
"202400013840";"12";"09";"2024";"20:20";"2";"85";"85264";"1";"1";"1";"6";"RD938 ter";"46,71376800";" -0,68267500"
"202400013841";"20";"04";"2024";"20:00";"1";"13";"13117";"1";"1";"6";"2";"A7-Sens Lyon vers Marseille";"43,45417014";"5,23712977"
"202400013842";"12";"09";"2024";"14:00";"1";"87";"87127";"1";"1";"1";"1";"D704";"45,58696900";"1,21935400"
"202400013843";"20";"04";"2024";"19:45";"1";"13";"13211";"2";"1";"1";"4";"A50-Sens Aubagne vers Marseille";"43,28848000";"5,44278000"
"202400013844";"22";"11";"2024";"18:15";"3";"62";"62019";"1";"1";"1";"5";"A26";"50,42241300";"2,72042300"
"202400013845";"11";"09";"2024";"21:20";"3";"37";"37218";"1";"1";"1";"6";"D59 PR 039+100 SENS SAINT-FLOVIER/CHATILLON SUR INDRE";"46,97007700";"1,04462400"
"202400013846";"20";"04";"2024";"15:00";"1";"83";"83144";"1";"1";"1";"2";"A57";"43,13933231";"5,99724126"
"202400013847";"9";"09";"2024";"16:45";"1";"48";"48127";"1";"2";"1";"3";"D50";"44,61219300";"3,42228400"
"202400013848";"3";"01";"2024";"20:00";"5";"69";"69029";"2";"1";"1";"2";"Autoroute 43";"45,72527000";"4,92226000"
"202400013849";"22";"11";"2024";"17:25";"2";"31";"31254";"1";"1";"1";"2";"D916";"43,54878100";"1,49950500"
"202400013850";"21";"04";"2024";"16:45";"1";"91";"91179";"1";"1";"1";"7";"AUTOROUTE A6";"48,56718000";"2,47302000"
"202400013851";"11";"09";"2024";"13:30";"1";"988";"98805";"2";"6";"1";"3";"Avenue Paul Emile Victor";" -22,22086500";"166,47132400"
"202400013852";"21";"04";"2024";"16:50";"1";"91";"91174";"1";"1";"1";"2";"RN 104";"48,61021000";"2,44332000"
"202400013853";"23";"11";"2024";"12:35";"1";"13";"13114";"1";"1";"1";"2";"D10";"43,54495500";"5,34379700"
"202400013854";"10";"09";"2024";"06:35";"3";"35";"35210";"1";"1";"1";"6";"la Croix Huet";"48,12247300";" -1,78560000"
"202400013855";"21";"04";"2024";"12:30";"1";"91";"91434";"1";"1";"1";"7";"AUTOROUTE A6";"48,66834600";"2,35415400"
"202400013856";"22";"11";"2024";"21:55";"3";"987";"98750";"1";"1";"1";"7";"Puohine pk 48";" -16,82750492";" -151,40346765"
"202400013857";"20";"04";"2024";"04:30";"3";"91";"91689";"1";"1";"1";"7";"AUTOROUTE A6";"48,73280000";"2,31572000"
"202400013858";"11";"09";"2024";"15:55";"1";"39";"39014";"1";"4";"2";"5";"N/A";"47,13859200";"5,50895700"
"202400013859";"21";"04";"2024";"17:40";"1";"78";"78217";"1";"1";"1";"6";"A13";"48,96310400";"1,83747400"
"202400013860";"23";"11";"2024";"05:15";"2";"66";"66037";"2";"6";"1";"6";"Rond Point de l'Esparrou";"42,69839534";"3,02304804"
"202400013861";"19";"04";"2024";"16:15";"1";"92";"92036";"1";"1";"1";"3";"A86";"48,93605164";"2,28852510"
"202400013862";"11";"09";"2024";"14:19";"1";"34";"34031";"1";"1";"6";"2";"A9 pk 148.000";"43,37671293";"3,42130871"
"202400013863";"22";"11";"2024";"14:45";"1";"11";"11322";"1";"3";"1";"3";"N/A";"43,00103800";"2,96537500"
"202400013864";"12";"09";"2024";"15:00";"1";"77";"77520";"1";"1";"1";"6";"A6 PK65+500";"48,31319100";"2,63598900"
"202400013865";"21";"04";"2024";"14:35";"1";"93";"93053";"1";"1";"1";"2";"A103";"48,88700598";"2,47505141"
"202400013866";"1";"11";"2024";"16:50";"2";"34";"34209";"1";"1";"1";"7";"D37e17";"43,31713500";"3,36029300"
"202400013867";"9";"09";"2024";"08:00";"1";"973";"97312";"1";"1";"1";"2";"N1";"5,40971700";" -53,02812000"
"202400013868";"21";"04";"2024";"14:20";"1";"94";"94073";"1";"1";"1";"5";"A86";"48,77079111";"2,38643311"
"202400013869";"22";"11";"2024";"22:40";"5";"13";"13020";"2";"6";"1";"1";"route du stade";"43,39650000";"5,54987100"
"202400013870";"12";"09";"2024";"13:55";"1";"971";"97108";"1";"3";"1";"3";"D203";"15,88035900";" -61,23393100"
"202400013871";"18";"01";"2024";"18:40";"3";"74";"74056";"2";"1";"2";"6";"route blanche";"45,91906500";"6,87423300"
"202400013872";"18";"02";"2024";"13:12";"1";"74";"74104";"1";"1";"1";"1";"Piste Cyclable ";"45,81329200";"6,20812300"
"202400013873";"12";"09";"2024";"08:30";"1";"45";"45297";"2";"1";"8";"3";"12 rue de Paris";"47,77419000";"2,37245300"
"202400013874";"20";"11";"2024";"15:10";"2";"67";"67028";"2";"6";"1";"6";"Rue de l'Europe";"48,37483900";"7,58889200"
"202400013875";"1";"02";"2024";"21:44";"5";"74";"74293";"1";"1";"1";"7";"Route des Voirons ";"46,27025100";"6,28220600"
"202400013876";"7";"09";"2024";"11:48";"1";"77";"77437";"2";"9";"1";"6";"Carrefour Market (Supermarché)";"49,03551900";"2,80071400"
"202400013877";"17";"02";"2024";"09:25";"1";"74";"74256";"2";"1";"1";"6";"rue St Eloi";"45,93585200";"6,62950300"
"202400013878";"20";"11";"2024";"11:10";"1";"67";"67028";"2";"6";"1";"6";"Rue de Strasbourg";"48,37225900";"7,59329600"
"202400013879";"11";"09";"2024";"19:00";"1";"83";"83138";"1";"6";"1";"3";"D562";"43,60998900";"6,73198800"
"202400013880";"9";"02";"2024";"16:00";"1";"74";"74010";"2";"9";"2";"6";"40 Avenue de champ fleuri";"45,88759600";"6,09988100"
"202400013881";"17";"02";"2024";"23:53";"3";"74";"74104";"2";"1";"1";"6";"2191 Route d'annecy ";"45,79693800";"6,21287800"
"202400013882";"14";"11";"2024";"12:15";"1";"23";"23067";"1";"1";"7";"6";"Route de Crocq";"45,71237262";"2,28107929"
"202400013883";"16";"01";"2024";"13:17";"1";"74";"74165";"1";"4";"1";"1";"Route de saint félix ";"45,82788300";"5,97474400"
"202400013884";"9";"01";"2024";"17:30";"3";"74";"74282";"1";"9";"4";"6";"Route des Glières (aviernoz)";"45,97885061";"6,22369326"
"202400013885";"10";"09";"2024";"02:05";"5";"10";"10006";"2";"2";"1";"3";"rue de troyes";"48,53507200";"4,14289700"
"202400013886";"22";"11";"2024";"08:00";"2";"86";"86054";"1";"1";"7";"6";"D1";"46,22433700";"0,32725200"
"202400013887";"11";"09";"2024";"11:30";"1";"69";"69067";"1";"1";"1";"2";"Route de Malval";"45,74815100";"4,57812300"
"202400013888";"19";"02";"2024";"23:06";"5";"59";"59350";"2";"1";"8";"3";"Rue de Turenne";"50,62843000";"3,03752000"
"202400013889";"22";"11";"2024";"00:20";"5";"60";"60439";"2";"1";"1";"6";"586 Rue de l'Abattoir";"49,31136500";"2,32323100"
"202400013890";"20";"04";"2024";"12:00";"1";"974";"97416";"1";"1";"1";"1";"RN3 (ANCIENNE ROUTE)";" -21,30358162";"55,49908841"
"202400013891";"11";"09";"2024";"18:25";"1";"81";"81099";"1";"4";"2";"1";"Route de Sénouillac";"43,92759700";"1,91574300"
"202400013892";"19";"04";"2024";"16:35";"1";"974";"97416";"2";"1";"1";"2";"BOISSY(CHEMIN)";" -21,34754000";"55,50171000"
"202400013893";"20";"04";"2024";"06:00";"2";"974";"97411";"1";"9";"1";"1";"MONTAGNE (ROUTE DE LA)";" -20,88691000";"55,43791000"
"202400013894";"21";"11";"2024";"20:15";"3";"13";"13216";"1";"1";"1";"4";"A55-Sens Marseille vers Martigues";"43,34451000";"5,34686000"
"202400013895";"19";"04";"2024";"16:55";"1";"974";"97411";"2";"1";"1";"3";"CAMELIAS (RUE DES)";" -20,89330000";"55,46252000"
"202400013896";"11";"09";"2024";"17:38";"1";"35";"35001";"1";"2";"1";"3";"D92";"48,13214100";" -1,52001900"
"202400013897";"20";"04";"2024";"09:45";"1";"973";"97302";"2";"1";"1";"1";"MERE THERESA (rue)";"4,92187000";" -52,31203000"
"202400013898";"21";"11";"2024";"18:45";"5";"13";"13214";"1";"1";"1";"2";"A507 sens Aubagne- Marseille";"43,33475000";"5,38259000"
"202400013899";"10";"09";"2024";"07:00";"2";"54";"54232";"1";"1";"2";"6";"Autoroute A 31";"48,68058136";"5,93929052"
"202400013900";"11";"09";"2024";"13:45";"1";"33";"33122";"1";"1";"1";"4";"N/A";"44,74333500";" -0,70628100"
"202400013901";"20";"04";"2024";"01:32";"5";"973";"97302";"2";"2";"1";"3";"PREVOT (ERNEST)";"4,93303000";" -52,33280000"
"202400013902";"21";"11";"2024";"16:30";"1";"13";"13070";"1";"1";"1";"4";"A50-Sens Aubagne vers Marseille";"43,28578000";"5,51291000"
"202400013903";"20";"04";"2024";"00:41";"5";"973";"97302";"2";"9";"1";"7";"BADUEL (ROUTE DE)";"4,92894141";" -52,30020046"
"202400013904";"11";"09";"2024";"15:15";"1";"91";"91235";"1";"1";"1";"4";"RN 104";"48,62410000";"2,37100000"
"202400013905";"21";"11";"2024";"07:23";"1";"13";"13212";"2";"1";"1";"2";"A507 sens Aubagne- Marseille";"43,29655000";"5,42453000"
"202400013906";"20";"04";"2024";"19:00";"1";"69";"69383";"2";"1";"1";"6";"Boulevard Marius Vivier-Merle";"45,76060000";"4,85810000"
"202400013907";"11";"09";"2024";"10:24";"1";"92";"92025";"1";"1";"8";"4";"A86";"48,92961983";"2,24118814"
"202400013908";"11";"09";"2024";"09:45";"1";"92";"92036";"1";"1";"2";"2";"A86";"48,93396369";"2,27854997"
"202400013909";"16";"11";"2024";"18:01";"3";"13";"13211";"1";"1";"1";"2";"A507 sens Aubagne- Marseille";"43,29057634";"5,48838204"
"202400013910";"20";"04";"2024";"12:55";"1";"69";"69386";"2";"2";"1";"3";"Rue Bossuet";"45,76784000";"4,85069000"
"202400013911";"10";"09";"2024";"16:50";"1";"93";"93008";"1";"1";"1";"3";"AUTOROUTE A86";"48,91200351";"2,43837476"
"202400013912";"21";"11";"2024";"03:19";"3";"59";"59462";"1";"1";"1";"2";"AUTOROUTE A1";"50,51021450";"3,02857140"
"202400013913";"20";"04";"2024";"07:15";"2";"69";"69381";"2";"9";"1";"6";"Quai André Lassagne";"45,77232182";"4,83834132"
"202400013914";"9";"09";"2024";"14:15";"1";"95";"95219";"1";"1";"1";"3";"A115";"48,99650497";"2,24646002"
"202400013915";"10";"09";"2024";"23:00";"5";"94";"94028";"1";"9";"1";"2";"A86";"48,78013200";"2,44108100"
"202400013916";"20";"04";"2024";"12:00";"1";"972";"97213";"2";"1";"1";"2";"ROUTE NATIONALE 1";"14,64817000";" -60,97438000"
"202400013917";"28";"04";"2024";"13:30";"1";"42";"42218";"2";"1";"1";"6";"Place Sadi-carnot";"45,44820809";"4,38600258"
"202400013918";"22";"11";"2024";"07:00";"3";"91";"91570";"1";"1";"4";"4";"RN 104";"48,62527000";"2,30697000"
"202400013919";"19";"04";"2024";"19:40";"5";"972";"97209";"2";"1";"1";"1";"DOCTEUR JUVENAL LINVAL  (AVENUE DU)";"14,61095000";" -61,07618000"
"202400013920";"19";"03";"2024";"10:10";"1";"42";"42218";"2";"2";"1";"3";"Boulevard Fauriat";"45,44207700";"4,40836200"
"202400013921";"20";"04";"2024";"07:45";"1";"971";"97101";"1";"1";"1";"7";"BEAUSOLEIL";"16,28374000";" -61,47856000"
"202400013922";"20";"04";"2024";"08:55";"1";"91";"91477";"2";"1";"1";"6";"GEORGE SAND (RUE)";"48,70511000";"2,24232000"
"202400013923";"19";"04";"2024";"22:10";"5";"84";"84007";"2";"6";"1";"1";"C.De GAULLE (Rocade)";"43,92876000";"4,81178000"
"202400013924";"17";"03";"2024";"21:30";"5";"42";"42218";"2";"2";"1";"3";"Rue de la Mulatière";"45,43393400";"4,39250800"
"202400013925";"20";"04";"2024";"16:20";"1";"83";"83103";"2";"1";"1";"1";"BARBOULENE (CHEMIN DE)";"43,17948443";"5,92270052"
"202400013926";"29";"02";"2024";"09:55";"1";"42";"42176";"1";"1";"1";"2";"N/A";"46,05079285";"3,95741701"
"202400013927";"20";"04";"2024";"10:15";"1";"83";"83062";"1";"1";"1";"1";"ASTOURET (CHEMIN D')";"43,11517231";"6,04573846"
"202400013928";"16";"04";"2024";"12:40";"1";"83";"83129";"2";"5";"1";"6";"CAP NEGRE (ALLEE ET CHE)";"43,10321373";"5,81284475"
"202400013929";"10";"09";"2024";"13:30";"1";"974";"97416";"1";"1";"1";"6";"YOURI GAGARINE(RUE)";" -21,32767000";"55,47715000"
"202400013930";"20";"04";"2024";"16:40";"1";"80";"80021";"2";"1";"1";"3";"Rue Cagnard";"49,90346000";"2,28690000"
"202400013931";"10";"09";"2024";"07:20";"1";"974";"97416";"2";"1";"1";"7";"DIAGONALE(CHEMIN)";" -21,29583000";"55,47184000"
"202400013932";"21";"11";"2024";"23:23";"3";"94";"94021";"1";"1";"4";"5";"A6B";"48,76988941";"2,34441754"
"202400013933";"20";"04";"2024";"11:45";"1";"78";"78481";"2";"1";"1";"6";"SARTROUVILLE (ROUTE DE)";"48,90441700";"2,11530100"
"202400013934";"21";"11";"2024";"23:23";"3";"94";"94021";"1";"1";"4";"3";"A6B";"48,77043046";"2,34474022"
"202400013935";"27";"12";"2024";"22:01";"5";"75";"75107";"2";"1";"1";"6";"PONT ALEXANDRE III";"48,86349139";"2,31350183"
"202400013936";"28";"12";"2024";"00:40";"5";"75";"75107";"2";"3";"1";"7";"RUE DE SEVRES";"48,84611300";"2,31424900"
"202400013937";"20";"04";"2024";"20:00";"1";"77";"77464";"2";"1";"1";"7";"RAYMOND POINCARE  (RUE   )";"48,88237000";"2,70555000"
"202400013938";"22";"11";"2024";"18:50";"3";"92";"92072";"1";"1";"1";"3";"N118";"48,82499763";"2,22100700"
"202400013939";"9";"09";"2024";"07:45";"1";"974";"97411";"1";"1";"1";"4";"LITTORAL (ROUTE 1 DU)";" -20,88313000";"55,39251000"
"202400013940";"28";"12";"2024";"21:15";"5";"75";"75102";"2";"2";"1";"2";"RUE REAUMUR";"48,86814300";"2,34360500"
"202400013941";"20";"04";"2024";"13:55";"1";"77";"77132";"2";"1";"1";"2";"D344";"48,87441000";"2,80200000"
"202400013942";"9";"09";"2024";"16:15";"1";"974";"97409";"1";"1";"1";"1";"BRAS MOUSSELINE (chemin du)";" -20,96521000";"55,61556000"
"202400013943";"21";"11";"2024";"17:35";"2";"78";"78423";"1";"1";"4";"6";"A12 Y";"48,79822000";"2,04320000"
"202400013944";"28";"12";"2024";"12:30";"1";"94";"94068";"2";"2";"8";"3";"Avenue de l’Alma";"48,78599895";"2,49520352"
"202400013945";"20";"04";"2024";"18:30";"1";"76";"76681";"2";"7";"1";"3";"Place Charles de Gaulle";"49,41111000";"1,09312000"
"202400013946";"21";"11";"2024";"04:49";"3";"92";"92025";"1";"1";"1";"5";"A86";"48,93209062";"2,24744930"
"202400013947";"9";"09";"2024";"19:00";"5";"973";"97302";"1";"1";"1";"3";"ROUTE NATIONALE 1";"4,90281000";" -52,32435000"
"202400013948";"20";"04";"2024";"20:00";"2";"73";"73008";"2";"2";"1";"2";"GRAND PORT (JUSQU'A L'HOPITAL) AVENUE DU";"45,70464602";"5,89091372"
"202400013949";"20";"11";"2024";"17:05";"3";"92";"92050";"1";"1";"2";"3";"A86";"48,90384699";"2,20688403"
"202400013950";"28";"12";"2024";"18:30";"5";"94";"94041";"2";"1";"1";"1";"Avenue Jean Jaurès";"48,81111000";"2,40321000"
"202400013951";"1";"02";"2024";"01:00";"5";"75";"75120";"2";"1";"1";"6";"ECHANGEUR BAGNOLET";"48,86339493";"2,41391480"
"202400013952";"9";"09";"2024";"16:30";"1";"973";"97302";"2";"1";"1";"6";"MADELEINE (ROUTE DE LA)";"4,92106000";" -52,32208000"
"202400013953";"19";"04";"2024";"16:20";"1";"72";"72181";"2";"3";"1";"3";"LAIGNE RUE DE N° IMP 229 A 385";"47,96607000";"0,20956000"
"202400013954";"21";"11";"2024";"23:30";"3";"95";"95582";"1";"1";"4";"6";"A15";"48,96572150";"2,25905663"
"202400013955";"27";"12";"2024";"23:00";"5";"94";"94078";"2";"1";"1";"2";"Avenue Carnot";"48,73303000";"2,44870000"
"202400013956";"2";"02";"2024";"18:45";"5";"75";"75119";"2";"2";"1";"6";"RUE DE CRIMEE";"48,88586300";"2,38226700"